Using pre-set license
Built from '2022.3/staging' branch; Version is '2022.3.36f1 (95a4219250e5) revision 9806881'; Using compiler version '192829333'; Build Type 'Release'
OS: 'Windows 11  (10.0.26100) 64bit Core' Language: 'en' Physical Memory: 16270 MB
BatchMode: 1, IsHumanControllingUs: 0, StartBugReporterOnCrash: 0, Is64bit: 1, IsPro: 1

COMMAND LINE ARGUMENTS:
C:\Program Files\Unity\Hub\Editor\2022.3.36f1\Editor\Unity.exe
-adb2
-batchMode
-noUpm
-name
AssetImportWorker0
-projectPath
C:/Users/ady/Documents/GitHub/Quest3_MRLabs
-logFile
Logs/AssetImportWorker0.log
-srvPort
52770
Successfully changed project path to: C:/Users/ady/Documents/GitHub/Quest3_MRLabs
C:/Users/ady/Documents/GitHub/Quest3_MRLabs
[UnityMemory] Configuration Parameters - Can be set up in boot.config
    "memorysetup-bucket-allocator-granularity=16"
    "memorysetup-bucket-allocator-bucket-count=8"
    "memorysetup-bucket-allocator-block-size=33554432"
    "memorysetup-bucket-allocator-block-count=8"
    "memorysetup-main-allocator-block-size=16777216"
    "memorysetup-thread-allocator-block-size=16777216"
    "memorysetup-gfx-main-allocator-block-size=16777216"
    "memorysetup-gfx-thread-allocator-block-size=16777216"
    "memorysetup-cache-allocator-block-size=4194304"
    "memorysetup-typetree-allocator-block-size=2097152"
    "memorysetup-profiler-bucket-allocator-granularity=16"
    "memorysetup-profiler-bucket-allocator-bucket-count=8"
    "memorysetup-profiler-bucket-allocator-block-size=33554432"
    "memorysetup-profiler-bucket-allocator-block-count=8"
    "memorysetup-profiler-allocator-block-size=16777216"
    "memorysetup-profiler-editor-allocator-block-size=1048576"
    "memorysetup-temp-allocator-size-main=16777216"
    "memorysetup-job-temp-allocator-block-size=2097152"
    "memorysetup-job-temp-allocator-block-size-background=1048576"
    "memorysetup-job-temp-allocator-reduction-small-platforms=262144"
    "memorysetup-allocator-temp-initial-block-size-main=262144"
    "memorysetup-allocator-temp-initial-block-size-worker=262144"
    "memorysetup-temp-allocator-size-background-worker=32768"
    "memorysetup-temp-allocator-size-job-worker=262144"
    "memorysetup-temp-allocator-size-preload-manager=33554432"
    "memorysetup-temp-allocator-size-nav-mesh-worker=65536"
    "memorysetup-temp-allocator-size-audio-worker=65536"
    "memorysetup-temp-allocator-size-cloud-worker=32768"
    "memorysetup-temp-allocator-size-gi-baking-worker=262144"
    "memorysetup-temp-allocator-size-gfx=262144"
Player connection [5180] Host "[IP] 192.168.1.207 [Port] 0 [Flags] 2 [Guid] 541461469 [EditorId] 541461469 [Version] 1048832 [Id] WindowsEditor(7,DESKTOP-IAST724) [Debug] 1 [PackageName] WindowsEditor [ProjectName] Editor" joined multi-casting on [225.0.0.222:54997]...

Player connection [5180] Host "[IP] 192.168.1.207 [Port] 0 [Flags] 2 [Guid] 541461469 [EditorId] 541461469 [Version] 1048832 [Id] WindowsEditor(7,DESKTOP-IAST724) [Debug] 1 [PackageName] WindowsEditor [ProjectName] Editor" joined alternative multi-casting on [225.0.0.222:34997]...

[PhysX] Initialized MultithreadedTaskDispatcher with 16 workers.
Refreshing native plugins compatible for Editor in 30.93 ms, found 10 plugins.
Unity memory allocator detected: MetaXRAudio native memory allocations will be tracked.
Preloading 3 native plugins for Editor in 4.83 ms.
Initialize engine version: 2022.3.36f1 (95a4219250e5)
[Subsystems] Discovering subsystems at path C:/Program Files/Unity/Hub/Editor/2022.3.36f1/Editor/Data/Resources/UnitySubsystems
[Subsystems] Discovering subsystems at path C:/Users/ady/Documents/GitHub/Quest3_MRLabs/Assets
GfxDevice: creating device client; threaded=0; jobified=0
Direct3D:
    Version:  Direct3D 11.0 [level 11.1]
    Renderer: NVIDIA GeForce RTX 4070 (ID=0x2786)
    Vendor:   NVIDIA
    VRAM:     12012 MB
    Driver:   32.0.15.7270
Shader 'Meta/MRUK/Scene/HighlightsAndShadows': fallback shader 'Off' not found
Shader 'Oculus/OVRMRCameraFrameLit': fallback shader 'Alpha-Diffuse' not found
Initialize mono
Mono path[0] = 'C:/Program Files/Unity/Hub/Editor/2022.3.36f1/Editor/Data/Managed'
Mono path[1] = 'C:/Program Files/Unity/Hub/Editor/2022.3.36f1/Editor/Data/MonoBleedingEdge/lib/mono/unityjit-win32'
Mono config path = 'C:/Program Files/Unity/Hub/Editor/2022.3.36f1/Editor/Data/MonoBleedingEdge/etc'
Using monoOptions --debugger-agent=transport=dt_socket,embedding=1,server=y,suspend=n,address=127.0.0.1:56224
Begin MonoManager ReloadAssembly
Registering precompiled unity dll's ...
Register platform support module: C:/Program Files/Unity/Hub/Editor/2022.3.36f1/Editor/Data/PlaybackEngines/AndroidPlayer/UnityEditor.Android.Extensions.dll
Register platform support module: C:/Program Files/Unity/Hub/Editor/2022.3.36f1/Editor/Data/PlaybackEngines/WindowsStandaloneSupport/UnityEditor.WindowsStandalone.Extensions.dll
Registered in 0.014074 seconds.
- Loaded All Assemblies, in  0.514 seconds
Native extension for WindowsStandalone target not found
Native extension for Android target not found
Android Extension - Scanning For ADB Devices 336 ms
Mono: successfully reloaded assembly
- Finished resetting the current domain, in  0.781 seconds
Domain Reload Profiling: 1292ms
	BeginReloadAssembly (147ms)
		ExecutionOrderSort (0ms)
		DisableScriptedObjects (0ms)
		BackupInstance (0ms)
		ReleaseScriptingObjects (0ms)
		CreateAndSetChildDomain (1ms)
	RebuildCommonClasses (46ms)
	RebuildNativeTypeToScriptingClass (15ms)
	initialDomainReloadingComplete (83ms)
	LoadAllAssembliesAndSetupDomain (219ms)
		LoadAssemblies (144ms)
		RebuildTransferFunctionScriptingTraits (0ms)
		AnalyzeDomain (217ms)
			TypeCache.Refresh (215ms)
				TypeCache.ScanAssembly (181ms)
			ScanForSourceGeneratedMonoScriptInfo (1ms)
			ResolveRequiredComponents (1ms)
	FinalizeReload (781ms)
		ReleaseScriptCaches (0ms)
		RebuildScriptCaches (0ms)
		SetupLoadedEditorAssemblies (705ms)
			LogAssemblyErrors (0ms)
			InitializePlatformSupportModulesInManaged (493ms)
			SetLoadedEditorAssemblies (5ms)
			RefreshPlugins (0ms)
			BeforeProcessingInitializeOnLoad (2ms)
			ProcessInitializeOnLoadAttributes (146ms)
			ProcessInitializeOnLoadMethodAttributes (58ms)
			AfterProcessingInitializeOnLoad (0ms)
			EditorAssembliesLoaded (0ms)
		ExecutionOrderSort2 (0ms)
		AwakeInstancesAfterBackupRestoration (0ms)
========================================================================
Worker process is ready to serve import requests
Begin MonoManager ReloadAssembly
Symbol file LoadedFromMemory is not a mono symbol file
- Loaded All Assemblies, in  0.806 seconds
Refreshing native plugins compatible for Editor in 16.69 ms, found 10 plugins.
Native extension for WindowsStandalone target not found
Native extension for Android target not found
Package Manager log level set to [2]
[Package Manager] Server::EnsureServerProcessIsRunning -- launch failed, reason: Unity was launched with the -noUpm command-line argument
[Package Manager] UpmClient::Send -- Unable to send message (not connected to UPM process).
[Package Manager] Cannot connect to Unity Package Manager local server
[Package Manager] Server::EnsureServerProcessIsRunning -- launch failed, reason: Unity was launched with the -noUpm command-line argument
[Package Manager] UpmClient::Send -- Unable to send message (not connected to UPM process).
[Package Manager] Cannot connect to Unity Package Manager local server
[Synthetic Environments] got match start synth_env_server.exe Bedroom
UnityEngine.StackTraceUtility:ExtractStackTrace ()
UnityEngine.DebugLogHandler:LogFormat (UnityEngine.LogType,UnityEngine.Object,string,object[])
UnityEngine.Logger:Log (UnityEngine.LogType,object)
UnityEngine.Debug:Log (object)
Meta.XR.Simulator.Utils:ReportInfo (string,string) (at ./Library/PackageCache/com.meta.xr.simulator@74.0.0/Editor/Utils.cs:165)
Meta.XR.Simulator.Editor.SyntheticEnvironments.Installer:ParseSynthEnvScript (string) (at ./Library/PackageCache/com.meta.xr.simulator@74.0.0/Editor/SyntheticEnvironments/Installer.cs:98)
Meta.XR.Simulator.Editor.SyntheticEnvironments.Installer:BuildSyntheticEnvironments () (at ./Library/PackageCache/com.meta.xr.simulator@74.0.0/Editor/SyntheticEnvironments/Installer.cs:76)
Meta.XR.Simulator.Editor.SyntheticEnvironments.Registry:RegisterSyntheticEnvironments () (at ./Library/PackageCache/com.meta.xr.simulator@74.0.0/Editor/SyntheticEnvironments/Registry.cs:97)
Meta.XR.Simulator.Editor.SyntheticEnvironments.Registry:.cctor () (at ./Library/PackageCache/com.meta.xr.simulator@74.0.0/Editor/SyntheticEnvironments/Registry.cs:87)
System.Runtime.CompilerServices.RuntimeHelpers:RunClassConstructor (System.RuntimeTypeHandle)
UnityEditor.EditorAssemblies:ProcessInitializeOnLoadAttributes (System.Type[])

(Filename: ./Library/PackageCache/com.meta.xr.simulator@74.0.0/Editor/Utils.cs Line: 165)

[Synthetic Environments] got match start synth_env_server.exe GameRoom
UnityEngine.StackTraceUtility:ExtractStackTrace ()
UnityEngine.DebugLogHandler:LogFormat (UnityEngine.LogType,UnityEngine.Object,string,object[])
UnityEngine.Logger:Log (UnityEngine.LogType,object)
UnityEngine.Debug:Log (object)
Meta.XR.Simulator.Utils:ReportInfo (string,string) (at ./Library/PackageCache/com.meta.xr.simulator@74.0.0/Editor/Utils.cs:165)
Meta.XR.Simulator.Editor.SyntheticEnvironments.Installer:ParseSynthEnvScript (string) (at ./Library/PackageCache/com.meta.xr.simulator@74.0.0/Editor/SyntheticEnvironments/Installer.cs:98)
Meta.XR.Simulator.Editor.SyntheticEnvironments.Installer:BuildSyntheticEnvironments () (at ./Library/PackageCache/com.meta.xr.simulator@74.0.0/Editor/SyntheticEnvironments/Installer.cs:76)
Meta.XR.Simulator.Editor.SyntheticEnvironments.Registry:RegisterSyntheticEnvironments () (at ./Library/PackageCache/com.meta.xr.simulator@74.0.0/Editor/SyntheticEnvironments/Registry.cs:97)
Meta.XR.Simulator.Editor.SyntheticEnvironments.Registry:.cctor () (at ./Library/PackageCache/com.meta.xr.simulator@74.0.0/Editor/SyntheticEnvironments/Registry.cs:87)
System.Runtime.CompilerServices.RuntimeHelpers:RunClassConstructor (System.RuntimeTypeHandle)
UnityEditor.EditorAssemblies:ProcessInitializeOnLoadAttributes (System.Type[])

(Filename: ./Library/PackageCache/com.meta.xr.simulator@74.0.0/Editor/Utils.cs Line: 165)

[Synthetic Environments] got match start synth_env_server.exe LivingRoom
UnityEngine.StackTraceUtility:ExtractStackTrace ()
UnityEngine.DebugLogHandler:LogFormat (UnityEngine.LogType,UnityEngine.Object,string,object[])
UnityEngine.Logger:Log (UnityEngine.LogType,object)
UnityEngine.Debug:Log (object)
Meta.XR.Simulator.Utils:ReportInfo (string,string) (at ./Library/PackageCache/com.meta.xr.simulator@74.0.0/Editor/Utils.cs:165)
Meta.XR.Simulator.Editor.SyntheticEnvironments.Installer:ParseSynthEnvScript (string) (at ./Library/PackageCache/com.meta.xr.simulator@74.0.0/Editor/SyntheticEnvironments/Installer.cs:98)
Meta.XR.Simulator.Editor.SyntheticEnvironments.Installer:BuildSyntheticEnvironments () (at ./Library/PackageCache/com.meta.xr.simulator@74.0.0/Editor/SyntheticEnvironments/Installer.cs:76)
Meta.XR.Simulator.Editor.SyntheticEnvironments.Registry:RegisterSyntheticEnvironments () (at ./Library/PackageCache/com.meta.xr.simulator@74.0.0/Editor/SyntheticEnvironments/Registry.cs:97)
Meta.XR.Simulator.Editor.SyntheticEnvironments.Registry:.cctor () (at ./Library/PackageCache/com.meta.xr.simulator@74.0.0/Editor/SyntheticEnvironments/Registry.cs:87)
System.Runtime.CompilerServices.RuntimeHelpers:RunClassConstructor (System.RuntimeTypeHandle)
UnityEditor.EditorAssemblies:ProcessInitializeOnLoadAttributes (System.Type[])

(Filename: ./Library/PackageCache/com.meta.xr.simulator@74.0.0/Editor/Utils.cs Line: 165)

[Synthetic Environments] got match start synth_env_server_extra_rooms.exe XRoom2_3
UnityEngine.StackTraceUtility:ExtractStackTrace ()
UnityEngine.DebugLogHandler:LogFormat (UnityEngine.LogType,UnityEngine.Object,string,object[])
UnityEngine.Logger:Log (UnityEngine.LogType,object)
UnityEngine.Debug:Log (object)
Meta.XR.Simulator.Utils:ReportInfo (string,string) (at ./Library/PackageCache/com.meta.xr.simulator@74.0.0/Editor/Utils.cs:165)
Meta.XR.Simulator.Editor.SyntheticEnvironments.Installer:ParseSynthEnvScript (string) (at ./Library/PackageCache/com.meta.xr.simulator@74.0.0/Editor/SyntheticEnvironments/Installer.cs:98)
Meta.XR.Simulator.Editor.SyntheticEnvironments.Installer:BuildSyntheticEnvironments () (at ./Library/PackageCache/com.meta.xr.simulator@74.0.0/Editor/SyntheticEnvironments/Installer.cs:76)
Meta.XR.Simulator.Editor.SyntheticEnvironments.Registry:RegisterSyntheticEnvironments () (at ./Library/PackageCache/com.meta.xr.simulator@74.0.0/Editor/SyntheticEnvironments/Registry.cs:97)
Meta.XR.Simulator.Editor.SyntheticEnvironments.Registry:.cctor () (at ./Library/PackageCache/com.meta.xr.simulator@74.0.0/Editor/SyntheticEnvironments/Registry.cs:87)
System.Runtime.CompilerServices.RuntimeHelpers:RunClassConstructor (System.RuntimeTypeHandle)
UnityEditor.EditorAssemblies:ProcessInitializeOnLoadAttributes (System.Type[])

(Filename: ./Library/PackageCache/com.meta.xr.simulator@74.0.0/Editor/Utils.cs Line: 165)

[Synthetic Environments] got match start synth_env_server_extra_rooms.exe XRoom2_4
UnityEngine.StackTraceUtility:ExtractStackTrace ()
UnityEngine.DebugLogHandler:LogFormat (UnityEngine.LogType,UnityEngine.Object,string,object[])
UnityEngine.Logger:Log (UnityEngine.LogType,object)
UnityEngine.Debug:Log (object)
Meta.XR.Simulator.Utils:ReportInfo (string,string) (at ./Library/PackageCache/com.meta.xr.simulator@74.0.0/Editor/Utils.cs:165)
Meta.XR.Simulator.Editor.SyntheticEnvironments.Installer:ParseSynthEnvScript (string) (at ./Library/PackageCache/com.meta.xr.simulator@74.0.0/Editor/SyntheticEnvironments/Installer.cs:98)
Meta.XR.Simulator.Editor.SyntheticEnvironments.Installer:BuildSyntheticEnvironments () (at ./Library/PackageCache/com.meta.xr.simulator@74.0.0/Editor/SyntheticEnvironments/Installer.cs:76)
Meta.XR.Simulator.Editor.SyntheticEnvironments.Registry:RegisterSyntheticEnvironments () (at ./Library/PackageCache/com.meta.xr.simulator@74.0.0/Editor/SyntheticEnvironments/Registry.cs:97)
Meta.XR.Simulator.Editor.SyntheticEnvironments.Registry:.cctor () (at ./Library/PackageCache/com.meta.xr.simulator@74.0.0/Editor/SyntheticEnvironments/Registry.cs:87)
System.Runtime.CompilerServices.RuntimeHelpers:RunClassConstructor (System.RuntimeTypeHandle)
UnityEditor.EditorAssemblies:ProcessInitializeOnLoadAttributes (System.Type[])

(Filename: ./Library/PackageCache/com.meta.xr.simulator@74.0.0/Editor/Utils.cs Line: 165)

[Synthetic Environments] got match start synth_env_server_extra_rooms.exe XRoom5_6
UnityEngine.StackTraceUtility:ExtractStackTrace ()
UnityEngine.DebugLogHandler:LogFormat (UnityEngine.LogType,UnityEngine.Object,string,object[])
UnityEngine.Logger:Log (UnityEngine.LogType,object)
UnityEngine.Debug:Log (object)
Meta.XR.Simulator.Utils:ReportInfo (string,string) (at ./Library/PackageCache/com.meta.xr.simulator@74.0.0/Editor/Utils.cs:165)
Meta.XR.Simulator.Editor.SyntheticEnvironments.Installer:ParseSynthEnvScript (string) (at ./Library/PackageCache/com.meta.xr.simulator@74.0.0/Editor/SyntheticEnvironments/Installer.cs:98)
Meta.XR.Simulator.Editor.SyntheticEnvironments.Installer:BuildSyntheticEnvironments () (at ./Library/PackageCache/com.meta.xr.simulator@74.0.0/Editor/SyntheticEnvironments/Installer.cs:76)
Meta.XR.Simulator.Editor.SyntheticEnvironments.Registry:RegisterSyntheticEnvironments () (at ./Library/PackageCache/com.meta.xr.simulator@74.0.0/Editor/SyntheticEnvironments/Registry.cs:97)
Meta.XR.Simulator.Editor.SyntheticEnvironments.Registry:.cctor () (at ./Library/PackageCache/com.meta.xr.simulator@74.0.0/Editor/SyntheticEnvironments/Registry.cs:87)
System.Runtime.CompilerServices.RuntimeHelpers:RunClassConstructor (System.RuntimeTypeHandle)
UnityEditor.EditorAssemblies:ProcessInitializeOnLoadAttributes (System.Type[])

(Filename: ./Library/PackageCache/com.meta.xr.simulator@74.0.0/Editor/Utils.cs Line: 165)

[Synthetic Environments] got match start synth_env_server_extra_rooms.exe XRoom5_1
UnityEngine.StackTraceUtility:ExtractStackTrace ()
UnityEngine.DebugLogHandler:LogFormat (UnityEngine.LogType,UnityEngine.Object,string,object[])
UnityEngine.Logger:Log (UnityEngine.LogType,object)
UnityEngine.Debug:Log (object)
Meta.XR.Simulator.Utils:ReportInfo (string,string) (at ./Library/PackageCache/com.meta.xr.simulator@74.0.0/Editor/Utils.cs:165)
Meta.XR.Simulator.Editor.SyntheticEnvironments.Installer:ParseSynthEnvScript (string) (at ./Library/PackageCache/com.meta.xr.simulator@74.0.0/Editor/SyntheticEnvironments/Installer.cs:98)
Meta.XR.Simulator.Editor.SyntheticEnvironments.Installer:BuildSyntheticEnvironments () (at ./Library/PackageCache/com.meta.xr.simulator@74.0.0/Editor/SyntheticEnvironments/Installer.cs:76)
Meta.XR.Simulator.Editor.SyntheticEnvironments.Registry:RegisterSyntheticEnvironments () (at ./Library/PackageCache/com.meta.xr.simulator@74.0.0/Editor/SyntheticEnvironments/Registry.cs:97)
Meta.XR.Simulator.Editor.SyntheticEnvironments.Registry:.cctor () (at ./Library/PackageCache/com.meta.xr.simulator@74.0.0/Editor/SyntheticEnvironments/Registry.cs:87)
System.Runtime.CompilerServices.RuntimeHelpers:RunClassConstructor (System.RuntimeTypeHandle)
UnityEditor.EditorAssemblies:ProcessInitializeOnLoadAttributes (System.Type[])

(Filename: ./Library/PackageCache/com.meta.xr.simulator@74.0.0/Editor/Utils.cs Line: 165)

[Synthetic Environments] got match start synth_env_server_extra_rooms.exe XRoom3_1
UnityEngine.StackTraceUtility:ExtractStackTrace ()
UnityEngine.DebugLogHandler:LogFormat (UnityEngine.LogType,UnityEngine.Object,string,object[])
UnityEngine.Logger:Log (UnityEngine.LogType,object)
UnityEngine.Debug:Log (object)
Meta.XR.Simulator.Utils:ReportInfo (string,string) (at ./Library/PackageCache/com.meta.xr.simulator@74.0.0/Editor/Utils.cs:165)
Meta.XR.Simulator.Editor.SyntheticEnvironments.Installer:ParseSynthEnvScript (string) (at ./Library/PackageCache/com.meta.xr.simulator@74.0.0/Editor/SyntheticEnvironments/Installer.cs:98)
Meta.XR.Simulator.Editor.SyntheticEnvironments.Installer:BuildSyntheticEnvironments () (at ./Library/PackageCache/com.meta.xr.simulator@74.0.0/Editor/SyntheticEnvironments/Installer.cs:76)
Meta.XR.Simulator.Editor.SyntheticEnvironments.Registry:RegisterSyntheticEnvironments () (at ./Library/PackageCache/com.meta.xr.simulator@74.0.0/Editor/SyntheticEnvironments/Registry.cs:97)
Meta.XR.Simulator.Editor.SyntheticEnvironments.Registry:.cctor () (at ./Library/PackageCache/com.meta.xr.simulator@74.0.0/Editor/SyntheticEnvironments/Registry.cs:87)
System.Runtime.CompilerServices.RuntimeHelpers:RunClassConstructor (System.RuntimeTypeHandle)
UnityEditor.EditorAssemblies:ProcessInitializeOnLoadAttributes (System.Type[])

(Filename: ./Library/PackageCache/com.meta.xr.simulator@74.0.0/Editor/Utils.cs Line: 165)

[Synthetic Environments] got match start synth_env_server_extra_rooms.exe XRoom1_2
UnityEngine.StackTraceUtility:ExtractStackTrace ()
UnityEngine.DebugLogHandler:LogFormat (UnityEngine.LogType,UnityEngine.Object,string,object[])
UnityEngine.Logger:Log (UnityEngine.LogType,object)
UnityEngine.Debug:Log (object)
Meta.XR.Simulator.Utils:ReportInfo (string,string) (at ./Library/PackageCache/com.meta.xr.simulator@74.0.0/Editor/Utils.cs:165)
Meta.XR.Simulator.Editor.SyntheticEnvironments.Installer:ParseSynthEnvScript (string) (at ./Library/PackageCache/com.meta.xr.simulator@74.0.0/Editor/SyntheticEnvironments/Installer.cs:98)
Meta.XR.Simulator.Editor.SyntheticEnvironments.Installer:BuildSyntheticEnvironments () (at ./Library/PackageCache/com.meta.xr.simulator@74.0.0/Editor/SyntheticEnvironments/Installer.cs:76)
Meta.XR.Simulator.Editor.SyntheticEnvironments.Registry:RegisterSyntheticEnvironments () (at ./Library/PackageCache/com.meta.xr.simulator@74.0.0/Editor/SyntheticEnvironments/Registry.cs:97)
Meta.XR.Simulator.Editor.SyntheticEnvironments.Registry:.cctor () (at ./Library/PackageCache/com.meta.xr.simulator@74.0.0/Editor/SyntheticEnvironments/Registry.cs:87)
System.Runtime.CompilerServices.RuntimeHelpers:RunClassConstructor (System.RuntimeTypeHandle)
UnityEditor.EditorAssemblies:ProcessInitializeOnLoadAttributes (System.Type[])

(Filename: ./Library/PackageCache/com.meta.xr.simulator@74.0.0/Editor/Utils.cs Line: 165)

[Synthetic Environments] got match start synth_env_server_extra_rooms.exe XRoom1_1
UnityEngine.StackTraceUtility:ExtractStackTrace ()
UnityEngine.DebugLogHandler:LogFormat (UnityEngine.LogType,UnityEngine.Object,string,object[])
UnityEngine.Logger:Log (UnityEngine.LogType,object)
UnityEngine.Debug:Log (object)
Meta.XR.Simulator.Utils:ReportInfo (string,string) (at ./Library/PackageCache/com.meta.xr.simulator@74.0.0/Editor/Utils.cs:165)
Meta.XR.Simulator.Editor.SyntheticEnvironments.Installer:ParseSynthEnvScript (string) (at ./Library/PackageCache/com.meta.xr.simulator@74.0.0/Editor/SyntheticEnvironments/Installer.cs:98)
Meta.XR.Simulator.Editor.SyntheticEnvironments.Installer:BuildSyntheticEnvironments () (at ./Library/PackageCache/com.meta.xr.simulator@74.0.0/Editor/SyntheticEnvironments/Installer.cs:76)
Meta.XR.Simulator.Editor.SyntheticEnvironments.Registry:RegisterSyntheticEnvironments () (at ./Library/PackageCache/com.meta.xr.simulator@74.0.0/Editor/SyntheticEnvironments/Registry.cs:97)
Meta.XR.Simulator.Editor.SyntheticEnvironments.Registry:.cctor () (at ./Library/PackageCache/com.meta.xr.simulator@74.0.0/Editor/SyntheticEnvironments/Registry.cs:87)
System.Runtime.CompilerServices.RuntimeHelpers:RunClassConstructor (System.RuntimeTypeHandle)
UnityEditor.EditorAssemblies:ProcessInitializeOnLoadAttributes (System.Type[])

(Filename: ./Library/PackageCache/com.meta.xr.simulator@74.0.0/Editor/Utils.cs Line: 165)

[Synthetic Environments] got match start synth_env_server_extra_rooms.exe XRoom1_4
UnityEngine.StackTraceUtility:ExtractStackTrace ()
UnityEngine.DebugLogHandler:LogFormat (UnityEngine.LogType,UnityEngine.Object,string,object[])
UnityEngine.Logger:Log (UnityEngine.LogType,object)
UnityEngine.Debug:Log (object)
Meta.XR.Simulator.Utils:ReportInfo (string,string) (at ./Library/PackageCache/com.meta.xr.simulator@74.0.0/Editor/Utils.cs:165)
Meta.XR.Simulator.Editor.SyntheticEnvironments.Installer:ParseSynthEnvScript (string) (at ./Library/PackageCache/com.meta.xr.simulator@74.0.0/Editor/SyntheticEnvironments/Installer.cs:98)
Meta.XR.Simulator.Editor.SyntheticEnvironments.Installer:BuildSyntheticEnvironments () (at ./Library/PackageCache/com.meta.xr.simulator@74.0.0/Editor/SyntheticEnvironments/Installer.cs:76)
Meta.XR.Simulator.Editor.SyntheticEnvironments.Registry:RegisterSyntheticEnvironments () (at ./Library/PackageCache/com.meta.xr.simulator@74.0.0/Editor/SyntheticEnvironments/Registry.cs:97)
Meta.XR.Simulator.Editor.SyntheticEnvironments.Registry:.cctor () (at ./Library/PackageCache/com.meta.xr.simulator@74.0.0/Editor/SyntheticEnvironments/Registry.cs:87)
System.Runtime.CompilerServices.RuntimeHelpers:RunClassConstructor (System.RuntimeTypeHandle)
UnityEditor.EditorAssemblies:ProcessInitializeOnLoadAttributes (System.Type[])

(Filename: ./Library/PackageCache/com.meta.xr.simulator@74.0.0/Editor/Utils.cs Line: 165)

[Package Manager] Server::EnsureServerProcessIsRunning -- launch failed, reason: Unity was launched with the -noUpm command-line argument
[Package Manager] UpmClient::Send -- Unable to send message (not connected to UPM process).
[Package Manager] Cannot connect to Unity Package Manager local server
System.Reflection.TargetInvocationException: Exception has been thrown by the target of an invocation. ---> System.NullReferenceException: Object reference not set to an instance of an object
  at Unity.XR.Oculus.OculusLoader.AssetPathToAbsolutePath (System.String assetPath) [0x0003d] in .\Library\PackageCache\com.unity.xr.oculus@4.2.0\Runtime\OculusLoader.cs:298 
  at Unity.XR.Oculus.OculusLoader.EditorLoadOVRPlugin () [0x0008c] in .\Library\PackageCache\com.unity.xr.oculus@4.2.0\Runtime\OculusLoader.cs:283 
  at (wrapper managed-to-native) System.Reflection.RuntimeMethodInfo.InternalInvoke(System.Reflection.RuntimeMethodInfo,object,object[],System.Exception&)
  at System.Reflection.RuntimeMethodInfo.Invoke (System.Object obj, System.Reflection.BindingFlags invokeAttr, System.Reflection.Binder binder, System.Object[] parameters, System.Globalization.CultureInfo culture) [0x0006a] in <51fded79cd284d4d911c5949aff4cb21>:0 
   --- End of inner exception stack trace ---
  at System.Reflection.RuntimeMethodInfo.Invoke (System.Object obj, System.Reflection.BindingFlags invokeAttr, System.Reflection.Binder binder, System.Object[] parameters, System.Globalization.CultureInfo culture) [0x00083] in <51fded79cd284d4d911c5949aff4cb21>:0 
  at System.Reflection.MethodBase.Invoke (System.Object obj, System.Object[] parameters) [0x00000] in <51fded79cd284d4d911c5949aff4cb21>:0 
  at UnityEditor.EditorAssemblies.ProcessInitializeOnLoadMethodAttributes () [0x000a5] in <2201ab87e660427c974282df3bb3cf36>:0 
UnityEngine.StackTraceUtility:ExtractStackTrace ()
UnityEngine.DebugLogHandler:LogFormat (UnityEngine.LogType,UnityEngine.Object,string,object[])
UnityEngine.Logger:Log (UnityEngine.LogType,object)
UnityEngine.Debug:LogError (object)
UnityEditor.EditorAssemblies:ProcessInitializeOnLoadMethodAttributes ()

Mono: successfully reloaded assembly
[Package Manager] Server::EnsureServerProcessIsRunning -- launch failed, reason: Unity was launched with the -noUpm command-line argument
[Package Manager] UpmClient::Send -- Unable to send message (not connected to UPM process).
[Package Manager] Cannot connect to Unity Package Manager local server
[Package Manager] Server::EnsureServerProcessIsRunning -- launch failed, reason: Unity was launched with the -noUpm command-line argument
[Package Manager] UpmClient::Send -- Unable to send message (not connected to UPM process).
[Package Manager] Cannot connect to Unity Package Manager local server
- Finished resetting the current domain, in  1.119 seconds
Domain Reload Profiling: 1917ms
	BeginReloadAssembly (208ms)
		ExecutionOrderSort (0ms)
		DisableScriptedObjects (8ms)
		BackupInstance (0ms)
		ReleaseScriptingObjects (0ms)
		CreateAndSetChildDomain (33ms)
	RebuildCommonClasses (49ms)
	RebuildNativeTypeToScriptingClass (16ms)
	initialDomainReloadingComplete (57ms)
	LoadAllAssembliesAndSetupDomain (467ms)
		LoadAssemblies (381ms)
		RebuildTransferFunctionScriptingTraits (0ms)
		AnalyzeDomain (209ms)
			TypeCache.Refresh (151ms)
				TypeCache.ScanAssembly (109ms)
			ScanForSourceGeneratedMonoScriptInfo (39ms)
			ResolveRequiredComponents (18ms)
	FinalizeReload (1120ms)
		ReleaseScriptCaches (0ms)
		RebuildScriptCaches (0ms)
		SetupLoadedEditorAssemblies (855ms)
			LogAssemblyErrors (0ms)
			InitializePlatformSupportModulesInManaged (33ms)
			SetLoadedEditorAssemblies (8ms)
			RefreshPlugins (0ms)
			BeforeProcessingInitializeOnLoad (123ms)
			ProcessInitializeOnLoadAttributes (634ms)
			ProcessInitializeOnLoadMethodAttributes (45ms)
			AfterProcessingInitializeOnLoad (12ms)
			EditorAssembliesLoaded (0ms)
		ExecutionOrderSort2 (0ms)
		AwakeInstancesAfterBackupRestoration (6ms)
Shader 'Oculus/OVRMRCameraFrameLit': fallback shader 'Alpha-Diffuse' not found
Shader 'Meta/MRUK/Scene/HighlightsAndShadows': fallback shader 'Off' not found
Launched and connected shader compiler UnityShaderCompiler.exe after 0.09 seconds
Refreshing native plugins compatible for Editor in 16.62 ms, found 10 plugins.
Preloading 3 native plugins for Editor in 0.31 ms.
Unloading 3167 Unused Serialized files (Serialized files now loaded: 0)
Unloading 62 unused Assets / (471.0 KB). Loaded Objects now: 3598.
Memory consumption went from 166.5 MB to 166.0 MB.
Total: 10.275200 ms (FindLiveObjects: 0.472000 ms CreateObjectMapping: 0.159300 ms MarkObjects: 9.192100 ms  DeleteObjects: 0.451000 ms)

AssetImportParameters requested are different than current active one (requested -> active):
  custom:video-decoder-webm-vp8: 9c59270c3fd7afecdb556c50c9e8de78 -> 
  custom:SearchIndexIgnoredProperties: e643bd26f0fe6173181afceb89e7c659 -> 
  custom:container-demuxer-ogg: 62fdf1f143b41e24485cea50d1cbac27 -> 
  custom:AudioImporter_EditorPlatform: d09bf68614088b80899f8185d706f6e7 -> 
  custom:video-codec-MediaFoundation-h265: 746d11721c4dcdbdad8f713fa42b33f4 -> 
  custom:video-decoder-ogg-theora: a1e56fd34408186e4bbccfd4996cb3dc -> 
  custom:framework-win-MediaFoundation: 216162199b28c13a410421893ffa2e32 -> 
  custom:video-encoder-webm-vp8: eb34c28f22e8b96e1ab97ce403110664 -> 
  custom:audio-decoder-ogg-vorbis: bf7c407c2cedff20999df2af8eb42d56 -> 
  custom:CustomObjectIndexerAttribute: 9a22284fe3817be447336de3de66b15e -> 
  custom:container-demuxer-webm: 4f35f7cbe854078d1ac9338744f61a02 -> 
  custom:audio-encoder-webm-vorbis: bf7c407c2cedff20999df2af8eb42d56 -> 
  custom:container-muxer-webm: aa71ff27fc2769a1b78a27578f13a17b -> 
========================================================================
Received Import Request.
  Time since last request: 16672.237913 seconds.
  path: Assets/Scenes/MRLab2.unity
  artifactKey: Guid(6e0429f3bd602ad479a215c6919c96e3) Importer(815301076,1909f56bfc062723c751e8b465ee728b)
Start importing Assets/Scenes/MRLab2.unity using Guid(6e0429f3bd602ad479a215c6919c96e3) Importer(815301076,1909f56bfc062723c751e8b465ee728b) [PhysX] Initialized MultithreadedTaskDispatcher with 16 workers.
 -> (artifact id: '12d11378caac725ec42c8bdd5fc8b4cf') in 0.002832 seconds
Number of updated asset objects reloaded before import = 0
Number of asset objects unloaded after import = 0
========================================================================
Received Import Request.
  Time since last request: 100.130808 seconds.
  path: Assets/Resources/ImmersiveDebuggerSettings.asset
  artifactKey: Guid(c38d9a18138b61847a230ef04b7de0e0) Importer(815301076,1909f56bfc062723c751e8b465ee728b)
Start importing Assets/Resources/ImmersiveDebuggerSettings.asset using Guid(c38d9a18138b61847a230ef04b7de0e0) Importer(815301076,1909f56bfc062723c751e8b465ee728b) [PhysX] Initialized MultithreadedTaskDispatcher with 16 workers.
 -> (artifact id: 'd3c6612c20770fbfa867548b45884026') in 0.023666 seconds
Number of updated asset objects reloaded before import = 0
Number of asset objects unloaded after import = 1
========================================================================
Received Import Request.
  Time since last request: 0.000028 seconds.
  path: Assets/MetaXR/MetaXRProjectSettings.asset
  artifactKey: Guid(d9460c7f98b2b2742b31c479381aa601) Importer(815301076,1909f56bfc062723c751e8b465ee728b)
Start importing Assets/MetaXR/MetaXRProjectSettings.asset using Guid(d9460c7f98b2b2742b31c479381aa601) Importer(815301076,1909f56bfc062723c751e8b465ee728b) [PhysX] Initialized MultithreadedTaskDispatcher with 16 workers.
 -> (artifact id: 'a0fffcbaeed2ba308dcdb2fec95b6a02') in 0.005367 seconds
Number of updated asset objects reloaded before import = 0
Number of asset objects unloaded after import = 1
========================================================================
Received Import Request.
  Time since last request: 13.300685 seconds.
  path: Packages/com.meta.xr.mrutilitykit/Core/Tools/MRUK.prefab
  artifactKey: Guid(c2e00db6d2dfa42ac8d821db8d493a44) Importer(815301076,1909f56bfc062723c751e8b465ee728b)
Start importing Packages/com.meta.xr.mrutilitykit/Core/Tools/MRUK.prefab using Guid(c2e00db6d2dfa42ac8d821db8d493a44) Importer(815301076,1909f56bfc062723c751e8b465ee728b) [PhysX] Initialized MultithreadedTaskDispatcher with 16 workers.
 -> (artifact id: '76fdaa89a9272c44d6f90081afc3e560') in 0.037083 seconds
Number of updated asset objects reloaded before import = 0
Number of asset objects unloaded after import = 760
========================================================================
Received Import Request.
  Time since last request: 0.000021 seconds.
  path: Packages/com.meta.xr.sdk.interaction/Runtime/UnityXR/Prefabs/Hands/UnityXRFromRightHandPrefab.prefab
  artifactKey: Guid(5bfb567872cfe684c99b636bb0621f27) Importer(815301076,1909f56bfc062723c751e8b465ee728b)
Start importing Packages/com.meta.xr.sdk.interaction/Runtime/UnityXR/Prefabs/Hands/UnityXRFromRightHandPrefab.prefab using Guid(5bfb567872cfe684c99b636bb0621f27) Importer(815301076,1909f56bfc062723c751e8b465ee728b) [PhysX] Initialized MultithreadedTaskDispatcher with 16 workers.
[PhysX] Initialized MultithreadedTaskDispatcher with 16 workers.
 -> (artifact id: '8bb11451f38f76fba52efd80daf1275d') in 0.106652 seconds
Number of updated asset objects reloaded before import = 0
Number of asset objects unloaded after import = 173
========================================================================
Received Import Request.
  Time since last request: 364.594725 seconds.
  path: Packages/com.meta.xr.mrutilitykit/Editor/BuildingBlocks/EffectMesh/EffectMesh.asset
  artifactKey: Guid(824f68961c8f9d84abea43bc520ef34b) Importer(815301076,1909f56bfc062723c751e8b465ee728b)
Start importing Packages/com.meta.xr.mrutilitykit/Editor/BuildingBlocks/EffectMesh/EffectMesh.asset using Guid(824f68961c8f9d84abea43bc520ef34b) Importer(815301076,1909f56bfc062723c751e8b465ee728b) [PhysX] Initialized MultithreadedTaskDispatcher with 16 workers.
 -> (artifact id: 'c08a782e23af1f3d84d00bfb379f491d') in 0.009203 seconds
Number of updated asset objects reloaded before import = 0
Number of asset objects unloaded after import = 7
========================================================================
Received Import Request.
  Time since last request: 0.001855 seconds.
  path: Packages/com.meta.xr.mrutilitykit/Core/Tools/Deprecated/EffectMesh_Deprecated.prefab
  artifactKey: Guid(cee191920b8eb41b0960b1082a393a3e) Importer(815301076,1909f56bfc062723c751e8b465ee728b)
Start importing Packages/com.meta.xr.mrutilitykit/Core/Tools/Deprecated/EffectMesh_Deprecated.prefab using Guid(cee191920b8eb41b0960b1082a393a3e) Importer(815301076,1909f56bfc062723c751e8b465ee728b) [PhysX] Initialized MultithreadedTaskDispatcher with 16 workers.
 -> (artifact id: '26fc8123fe34d07d361dde72aa6e7842') in 0.002875 seconds
Number of updated asset objects reloaded before import = 0
Number of asset objects unloaded after import = 6
========================================================================
Received Import Request.
  Time since last request: 0.000012 seconds.
  path: Packages/com.meta.xr.mrutilitykit/Editor/BuildingBlocks/EffectMesh/Textures/effectMesh.png
  artifactKey: Guid(0ff624bc672ccb747bc6de18bf390568) Importer(815301076,1909f56bfc062723c751e8b465ee728b)
Start importing Packages/com.meta.xr.mrutilitykit/Editor/BuildingBlocks/EffectMesh/Textures/effectMesh.png using Guid(0ff624bc672ccb747bc6de18bf390568) Importer(815301076,1909f56bfc062723c751e8b465ee728b) [PhysX] Initialized MultithreadedTaskDispatcher with 16 workers.
[PhysX] Initialized MultithreadedTaskDispatcher with 16 workers.
 -> (artifact id: '84458fc39addb17455db07ca5c827cfd') in 0.030107 seconds
Number of updated asset objects reloaded before import = 0
Number of asset objects unloaded after import = 2
========================================================================
Received Import Request.
  Time since last request: 0.000016 seconds.
  path: Packages/com.meta.xr.sdk.interaction/Runtime/Prefabs/Locomotion/TunnelingEffect.prefab
  artifactKey: Guid(704aaafc8c443aa4885edd487063cea3) Importer(815301076,1909f56bfc062723c751e8b465ee728b)
Start importing Packages/com.meta.xr.sdk.interaction/Runtime/Prefabs/Locomotion/TunnelingEffect.prefab using Guid(704aaafc8c443aa4885edd487063cea3) Importer(815301076,1909f56bfc062723c751e8b465ee728b) [PhysX] Initialized MultithreadedTaskDispatcher with 16 workers.
 -> (artifact id: '0f445606aa29739bc3fcfa4b5b1acc97') in 0.003985 seconds
Number of updated asset objects reloaded before import = 0
Number of asset objects unloaded after import = 10
========================================================================
Received Import Request.
  Time since last request: 0.000010 seconds.
  path: Packages/com.meta.xr.sdk.interaction/Runtime/Materials/TunnelingEffect.mat
  artifactKey: Guid(4586bbc8f000620428a7a2c0ff17013b) Importer(815301076,1909f56bfc062723c751e8b465ee728b)
Start importing Packages/com.meta.xr.sdk.interaction/Runtime/Materials/TunnelingEffect.mat using Guid(4586bbc8f000620428a7a2c0ff17013b) Importer(815301076,1909f56bfc062723c751e8b465ee728b) [PhysX] Initialized MultithreadedTaskDispatcher with 16 workers.
[PhysX] Initialized MultithreadedTaskDispatcher with 16 workers.
 -> (artifact id: 'a72ac3c6830383be42d60594301ab3c1') in 0.075042 seconds
Number of updated asset objects reloaded before import = 0
Number of asset objects unloaded after import = 1
========================================================================
Received Import Request.
  Time since last request: 17.649652 seconds.
  path: Packages/com.meta.xr.mrutilitykit/package.json
  artifactKey: Guid(48c64cd8e7ae94e39a1e235f1654b17d) Importer(815301076,1909f56bfc062723c751e8b465ee728b)
Start importing Packages/com.meta.xr.mrutilitykit/package.json using Guid(48c64cd8e7ae94e39a1e235f1654b17d) Importer(815301076,1909f56bfc062723c751e8b465ee728b) [PhysX] Initialized MultithreadedTaskDispatcher with 16 workers.
 -> (artifact id: '47a0c7d2b086a8951a9cded669e3b3f0') in 0.001264 seconds
Number of updated asset objects reloaded before import = 0
Number of asset objects unloaded after import = 1
========================================================================
Received Prepare
Begin MonoManager ReloadAssembly
Symbol file LoadedFromMemory is not a mono symbol file
- Loaded All Assemblies, in  0.723 seconds
Refreshing native plugins compatible for Editor in 16.90 ms, found 10 plugins.
Native extension for WindowsStandalone target not found
Native extension for Android target not found
[Package Manager] Server::EnsureServerProcessIsRunning -- launch failed, reason: Unity was launched with the -noUpm command-line argument
[Package Manager] UpmClient::Send -- Unable to send message (not connected to UPM process).
[Package Manager] Cannot connect to Unity Package Manager local server
[Package Manager] Server::EnsureServerProcessIsRunning -- launch failed, reason: Unity was launched with the -noUpm command-line argument
[Package Manager] UpmClient::Send -- Unable to send message (not connected to UPM process).
[Package Manager] Cannot connect to Unity Package Manager local server
[Synthetic Environments] got match start synth_env_server.exe Bedroom
UnityEngine.StackTraceUtility:ExtractStackTrace ()
UnityEngine.DebugLogHandler:LogFormat (UnityEngine.LogType,UnityEngine.Object,string,object[])
UnityEngine.Logger:Log (UnityEngine.LogType,object)
UnityEngine.Debug:Log (object)
Meta.XR.Simulator.Utils:ReportInfo (string,string) (at ./Library/PackageCache/com.meta.xr.simulator@74.0.0/Editor/Utils.cs:165)
Meta.XR.Simulator.Editor.SyntheticEnvironments.Installer:ParseSynthEnvScript (string) (at ./Library/PackageCache/com.meta.xr.simulator@74.0.0/Editor/SyntheticEnvironments/Installer.cs:98)
Meta.XR.Simulator.Editor.SyntheticEnvironments.Installer:BuildSyntheticEnvironments () (at ./Library/PackageCache/com.meta.xr.simulator@74.0.0/Editor/SyntheticEnvironments/Installer.cs:76)
Meta.XR.Simulator.Editor.SyntheticEnvironments.Registry:RegisterSyntheticEnvironments () (at ./Library/PackageCache/com.meta.xr.simulator@74.0.0/Editor/SyntheticEnvironments/Registry.cs:97)
Meta.XR.Simulator.Editor.SyntheticEnvironments.Registry:.cctor () (at ./Library/PackageCache/com.meta.xr.simulator@74.0.0/Editor/SyntheticEnvironments/Registry.cs:87)
System.Runtime.CompilerServices.RuntimeHelpers:RunClassConstructor (System.RuntimeTypeHandle)
UnityEditor.EditorAssemblies:ProcessInitializeOnLoadAttributes (System.Type[])

(Filename: ./Library/PackageCache/com.meta.xr.simulator@74.0.0/Editor/Utils.cs Line: 165)

[Synthetic Environments] got match start synth_env_server.exe GameRoom
UnityEngine.StackTraceUtility:ExtractStackTrace ()
UnityEngine.DebugLogHandler:LogFormat (UnityEngine.LogType,UnityEngine.Object,string,object[])
UnityEngine.Logger:Log (UnityEngine.LogType,object)
UnityEngine.Debug:Log (object)
Meta.XR.Simulator.Utils:ReportInfo (string,string) (at ./Library/PackageCache/com.meta.xr.simulator@74.0.0/Editor/Utils.cs:165)
Meta.XR.Simulator.Editor.SyntheticEnvironments.Installer:ParseSynthEnvScript (string) (at ./Library/PackageCache/com.meta.xr.simulator@74.0.0/Editor/SyntheticEnvironments/Installer.cs:98)
Meta.XR.Simulator.Editor.SyntheticEnvironments.Installer:BuildSyntheticEnvironments () (at ./Library/PackageCache/com.meta.xr.simulator@74.0.0/Editor/SyntheticEnvironments/Installer.cs:76)
Meta.XR.Simulator.Editor.SyntheticEnvironments.Registry:RegisterSyntheticEnvironments () (at ./Library/PackageCache/com.meta.xr.simulator@74.0.0/Editor/SyntheticEnvironments/Registry.cs:97)
Meta.XR.Simulator.Editor.SyntheticEnvironments.Registry:.cctor () (at ./Library/PackageCache/com.meta.xr.simulator@74.0.0/Editor/SyntheticEnvironments/Registry.cs:87)
System.Runtime.CompilerServices.RuntimeHelpers:RunClassConstructor (System.RuntimeTypeHandle)
UnityEditor.EditorAssemblies:ProcessInitializeOnLoadAttributes (System.Type[])

(Filename: ./Library/PackageCache/com.meta.xr.simulator@74.0.0/Editor/Utils.cs Line: 165)

[Synthetic Environments] got match start synth_env_server.exe LivingRoom
UnityEngine.StackTraceUtility:ExtractStackTrace ()
UnityEngine.DebugLogHandler:LogFormat (UnityEngine.LogType,UnityEngine.Object,string,object[])
UnityEngine.Logger:Log (UnityEngine.LogType,object)
UnityEngine.Debug:Log (object)
Meta.XR.Simulator.Utils:ReportInfo (string,string) (at ./Library/PackageCache/com.meta.xr.simulator@74.0.0/Editor/Utils.cs:165)
Meta.XR.Simulator.Editor.SyntheticEnvironments.Installer:ParseSynthEnvScript (string) (at ./Library/PackageCache/com.meta.xr.simulator@74.0.0/Editor/SyntheticEnvironments/Installer.cs:98)
Meta.XR.Simulator.Editor.SyntheticEnvironments.Installer:BuildSyntheticEnvironments () (at ./Library/PackageCache/com.meta.xr.simulator@74.0.0/Editor/SyntheticEnvironments/Installer.cs:76)
Meta.XR.Simulator.Editor.SyntheticEnvironments.Registry:RegisterSyntheticEnvironments () (at ./Library/PackageCache/com.meta.xr.simulator@74.0.0/Editor/SyntheticEnvironments/Registry.cs:97)
Meta.XR.Simulator.Editor.SyntheticEnvironments.Registry:.cctor () (at ./Library/PackageCache/com.meta.xr.simulator@74.0.0/Editor/SyntheticEnvironments/Registry.cs:87)
System.Runtime.CompilerServices.RuntimeHelpers:RunClassConstructor (System.RuntimeTypeHandle)
UnityEditor.EditorAssemblies:ProcessInitializeOnLoadAttributes (System.Type[])

(Filename: ./Library/PackageCache/com.meta.xr.simulator@74.0.0/Editor/Utils.cs Line: 165)

[Synthetic Environments] got match start synth_env_server_extra_rooms.exe XRoom2_3
UnityEngine.StackTraceUtility:ExtractStackTrace ()
UnityEngine.DebugLogHandler:LogFormat (UnityEngine.LogType,UnityEngine.Object,string,object[])
UnityEngine.Logger:Log (UnityEngine.LogType,object)
UnityEngine.Debug:Log (object)
Meta.XR.Simulator.Utils:ReportInfo (string,string) (at ./Library/PackageCache/com.meta.xr.simulator@74.0.0/Editor/Utils.cs:165)
Meta.XR.Simulator.Editor.SyntheticEnvironments.Installer:ParseSynthEnvScript (string) (at ./Library/PackageCache/com.meta.xr.simulator@74.0.0/Editor/SyntheticEnvironments/Installer.cs:98)
Meta.XR.Simulator.Editor.SyntheticEnvironments.Installer:BuildSyntheticEnvironments () (at ./Library/PackageCache/com.meta.xr.simulator@74.0.0/Editor/SyntheticEnvironments/Installer.cs:76)
Meta.XR.Simulator.Editor.SyntheticEnvironments.Registry:RegisterSyntheticEnvironments () (at ./Library/PackageCache/com.meta.xr.simulator@74.0.0/Editor/SyntheticEnvironments/Registry.cs:97)
Meta.XR.Simulator.Editor.SyntheticEnvironments.Registry:.cctor () (at ./Library/PackageCache/com.meta.xr.simulator@74.0.0/Editor/SyntheticEnvironments/Registry.cs:87)
System.Runtime.CompilerServices.RuntimeHelpers:RunClassConstructor (System.RuntimeTypeHandle)
UnityEditor.EditorAssemblies:ProcessInitializeOnLoadAttributes (System.Type[])

(Filename: ./Library/PackageCache/com.meta.xr.simulator@74.0.0/Editor/Utils.cs Line: 165)

[Synthetic Environments] got match start synth_env_server_extra_rooms.exe XRoom2_4
UnityEngine.StackTraceUtility:ExtractStackTrace ()
UnityEngine.DebugLogHandler:LogFormat (UnityEngine.LogType,UnityEngine.Object,string,object[])
UnityEngine.Logger:Log (UnityEngine.LogType,object)
UnityEngine.Debug:Log (object)
Meta.XR.Simulator.Utils:ReportInfo (string,string) (at ./Library/PackageCache/com.meta.xr.simulator@74.0.0/Editor/Utils.cs:165)
Meta.XR.Simulator.Editor.SyntheticEnvironments.Installer:ParseSynthEnvScript (string) (at ./Library/PackageCache/com.meta.xr.simulator@74.0.0/Editor/SyntheticEnvironments/Installer.cs:98)
Meta.XR.Simulator.Editor.SyntheticEnvironments.Installer:BuildSyntheticEnvironments () (at ./Library/PackageCache/com.meta.xr.simulator@74.0.0/Editor/SyntheticEnvironments/Installer.cs:76)
Meta.XR.Simulator.Editor.SyntheticEnvironments.Registry:RegisterSyntheticEnvironments () (at ./Library/PackageCache/com.meta.xr.simulator@74.0.0/Editor/SyntheticEnvironments/Registry.cs:97)
Meta.XR.Simulator.Editor.SyntheticEnvironments.Registry:.cctor () (at ./Library/PackageCache/com.meta.xr.simulator@74.0.0/Editor/SyntheticEnvironments/Registry.cs:87)
System.Runtime.CompilerServices.RuntimeHelpers:RunClassConstructor (System.RuntimeTypeHandle)
UnityEditor.EditorAssemblies:ProcessInitializeOnLoadAttributes (System.Type[])

(Filename: ./Library/PackageCache/com.meta.xr.simulator@74.0.0/Editor/Utils.cs Line: 165)

[Synthetic Environments] got match start synth_env_server_extra_rooms.exe XRoom5_6
UnityEngine.StackTraceUtility:ExtractStackTrace ()
UnityEngine.DebugLogHandler:LogFormat (UnityEngine.LogType,UnityEngine.Object,string,object[])
UnityEngine.Logger:Log (UnityEngine.LogType,object)
UnityEngine.Debug:Log (object)
Meta.XR.Simulator.Utils:ReportInfo (string,string) (at ./Library/PackageCache/com.meta.xr.simulator@74.0.0/Editor/Utils.cs:165)
Meta.XR.Simulator.Editor.SyntheticEnvironments.Installer:ParseSynthEnvScript (string) (at ./Library/PackageCache/com.meta.xr.simulator@74.0.0/Editor/SyntheticEnvironments/Installer.cs:98)
Meta.XR.Simulator.Editor.SyntheticEnvironments.Installer:BuildSyntheticEnvironments () (at ./Library/PackageCache/com.meta.xr.simulator@74.0.0/Editor/SyntheticEnvironments/Installer.cs:76)
Meta.XR.Simulator.Editor.SyntheticEnvironments.Registry:RegisterSyntheticEnvironments () (at ./Library/PackageCache/com.meta.xr.simulator@74.0.0/Editor/SyntheticEnvironments/Registry.cs:97)
Meta.XR.Simulator.Editor.SyntheticEnvironments.Registry:.cctor () (at ./Library/PackageCache/com.meta.xr.simulator@74.0.0/Editor/SyntheticEnvironments/Registry.cs:87)
System.Runtime.CompilerServices.RuntimeHelpers:RunClassConstructor (System.RuntimeTypeHandle)
UnityEditor.EditorAssemblies:ProcessInitializeOnLoadAttributes (System.Type[])

(Filename: ./Library/PackageCache/com.meta.xr.simulator@74.0.0/Editor/Utils.cs Line: 165)

[Synthetic Environments] got match start synth_env_server_extra_rooms.exe XRoom5_1
UnityEngine.StackTraceUtility:ExtractStackTrace ()
UnityEngine.DebugLogHandler:LogFormat (UnityEngine.LogType,UnityEngine.Object,string,object[])
UnityEngine.Logger:Log (UnityEngine.LogType,object)
UnityEngine.Debug:Log (object)
Meta.XR.Simulator.Utils:ReportInfo (string,string) (at ./Library/PackageCache/com.meta.xr.simulator@74.0.0/Editor/Utils.cs:165)
Meta.XR.Simulator.Editor.SyntheticEnvironments.Installer:ParseSynthEnvScript (string) (at ./Library/PackageCache/com.meta.xr.simulator@74.0.0/Editor/SyntheticEnvironments/Installer.cs:98)
Meta.XR.Simulator.Editor.SyntheticEnvironments.Installer:BuildSyntheticEnvironments () (at ./Library/PackageCache/com.meta.xr.simulator@74.0.0/Editor/SyntheticEnvironments/Installer.cs:76)
Meta.XR.Simulator.Editor.SyntheticEnvironments.Registry:RegisterSyntheticEnvironments () (at ./Library/PackageCache/com.meta.xr.simulator@74.0.0/Editor/SyntheticEnvironments/Registry.cs:97)
Meta.XR.Simulator.Editor.SyntheticEnvironments.Registry:.cctor () (at ./Library/PackageCache/com.meta.xr.simulator@74.0.0/Editor/SyntheticEnvironments/Registry.cs:87)
System.Runtime.CompilerServices.RuntimeHelpers:RunClassConstructor (System.RuntimeTypeHandle)
UnityEditor.EditorAssemblies:ProcessInitializeOnLoadAttributes (System.Type[])

(Filename: ./Library/PackageCache/com.meta.xr.simulator@74.0.0/Editor/Utils.cs Line: 165)

[Synthetic Environments] got match start synth_env_server_extra_rooms.exe XRoom3_1
UnityEngine.StackTraceUtility:ExtractStackTrace ()
UnityEngine.DebugLogHandler:LogFormat (UnityEngine.LogType,UnityEngine.Object,string,object[])
UnityEngine.Logger:Log (UnityEngine.LogType,object)
UnityEngine.Debug:Log (object)
Meta.XR.Simulator.Utils:ReportInfo (string,string) (at ./Library/PackageCache/com.meta.xr.simulator@74.0.0/Editor/Utils.cs:165)
Meta.XR.Simulator.Editor.SyntheticEnvironments.Installer:ParseSynthEnvScript (string) (at ./Library/PackageCache/com.meta.xr.simulator@74.0.0/Editor/SyntheticEnvironments/Installer.cs:98)
Meta.XR.Simulator.Editor.SyntheticEnvironments.Installer:BuildSyntheticEnvironments () (at ./Library/PackageCache/com.meta.xr.simulator@74.0.0/Editor/SyntheticEnvironments/Installer.cs:76)
Meta.XR.Simulator.Editor.SyntheticEnvironments.Registry:RegisterSyntheticEnvironments () (at ./Library/PackageCache/com.meta.xr.simulator@74.0.0/Editor/SyntheticEnvironments/Registry.cs:97)
Meta.XR.Simulator.Editor.SyntheticEnvironments.Registry:.cctor () (at ./Library/PackageCache/com.meta.xr.simulator@74.0.0/Editor/SyntheticEnvironments/Registry.cs:87)
System.Runtime.CompilerServices.RuntimeHelpers:RunClassConstructor (System.RuntimeTypeHandle)
UnityEditor.EditorAssemblies:ProcessInitializeOnLoadAttributes (System.Type[])

(Filename: ./Library/PackageCache/com.meta.xr.simulator@74.0.0/Editor/Utils.cs Line: 165)

[Synthetic Environments] got match start synth_env_server_extra_rooms.exe XRoom1_2
UnityEngine.StackTraceUtility:ExtractStackTrace ()
UnityEngine.DebugLogHandler:LogFormat (UnityEngine.LogType,UnityEngine.Object,string,object[])
UnityEngine.Logger:Log (UnityEngine.LogType,object)
UnityEngine.Debug:Log (object)
Meta.XR.Simulator.Utils:ReportInfo (string,string) (at ./Library/PackageCache/com.meta.xr.simulator@74.0.0/Editor/Utils.cs:165)
Meta.XR.Simulator.Editor.SyntheticEnvironments.Installer:ParseSynthEnvScript (string) (at ./Library/PackageCache/com.meta.xr.simulator@74.0.0/Editor/SyntheticEnvironments/Installer.cs:98)
Meta.XR.Simulator.Editor.SyntheticEnvironments.Installer:BuildSyntheticEnvironments () (at ./Library/PackageCache/com.meta.xr.simulator@74.0.0/Editor/SyntheticEnvironments/Installer.cs:76)
Meta.XR.Simulator.Editor.SyntheticEnvironments.Registry:RegisterSyntheticEnvironments () (at ./Library/PackageCache/com.meta.xr.simulator@74.0.0/Editor/SyntheticEnvironments/Registry.cs:97)
Meta.XR.Simulator.Editor.SyntheticEnvironments.Registry:.cctor () (at ./Library/PackageCache/com.meta.xr.simulator@74.0.0/Editor/SyntheticEnvironments/Registry.cs:87)
System.Runtime.CompilerServices.RuntimeHelpers:RunClassConstructor (System.RuntimeTypeHandle)
UnityEditor.EditorAssemblies:ProcessInitializeOnLoadAttributes (System.Type[])

(Filename: ./Library/PackageCache/com.meta.xr.simulator@74.0.0/Editor/Utils.cs Line: 165)

[Synthetic Environments] got match start synth_env_server_extra_rooms.exe XRoom1_1
UnityEngine.StackTraceUtility:ExtractStackTrace ()
UnityEngine.DebugLogHandler:LogFormat (UnityEngine.LogType,UnityEngine.Object,string,object[])
UnityEngine.Logger:Log (UnityEngine.LogType,object)
UnityEngine.Debug:Log (object)
Meta.XR.Simulator.Utils:ReportInfo (string,string) (at ./Library/PackageCache/com.meta.xr.simulator@74.0.0/Editor/Utils.cs:165)
Meta.XR.Simulator.Editor.SyntheticEnvironments.Installer:ParseSynthEnvScript (string) (at ./Library/PackageCache/com.meta.xr.simulator@74.0.0/Editor/SyntheticEnvironments/Installer.cs:98)
Meta.XR.Simulator.Editor.SyntheticEnvironments.Installer:BuildSyntheticEnvironments () (at ./Library/PackageCache/com.meta.xr.simulator@74.0.0/Editor/SyntheticEnvironments/Installer.cs:76)
Meta.XR.Simulator.Editor.SyntheticEnvironments.Registry:RegisterSyntheticEnvironments () (at ./Library/PackageCache/com.meta.xr.simulator@74.0.0/Editor/SyntheticEnvironments/Registry.cs:97)
Meta.XR.Simulator.Editor.SyntheticEnvironments.Registry:.cctor () (at ./Library/PackageCache/com.meta.xr.simulator@74.0.0/Editor/SyntheticEnvironments/Registry.cs:87)
System.Runtime.CompilerServices.RuntimeHelpers:RunClassConstructor (System.RuntimeTypeHandle)
UnityEditor.EditorAssemblies:ProcessInitializeOnLoadAttributes (System.Type[])

(Filename: ./Library/PackageCache/com.meta.xr.simulator@74.0.0/Editor/Utils.cs Line: 165)

[Synthetic Environments] got match start synth_env_server_extra_rooms.exe XRoom1_4
UnityEngine.StackTraceUtility:ExtractStackTrace ()
UnityEngine.DebugLogHandler:LogFormat (UnityEngine.LogType,UnityEngine.Object,string,object[])
UnityEngine.Logger:Log (UnityEngine.LogType,object)
UnityEngine.Debug:Log (object)
Meta.XR.Simulator.Utils:ReportInfo (string,string) (at ./Library/PackageCache/com.meta.xr.simulator@74.0.0/Editor/Utils.cs:165)
Meta.XR.Simulator.Editor.SyntheticEnvironments.Installer:ParseSynthEnvScript (string) (at ./Library/PackageCache/com.meta.xr.simulator@74.0.0/Editor/SyntheticEnvironments/Installer.cs:98)
Meta.XR.Simulator.Editor.SyntheticEnvironments.Installer:BuildSyntheticEnvironments () (at ./Library/PackageCache/com.meta.xr.simulator@74.0.0/Editor/SyntheticEnvironments/Installer.cs:76)
Meta.XR.Simulator.Editor.SyntheticEnvironments.Registry:RegisterSyntheticEnvironments () (at ./Library/PackageCache/com.meta.xr.simulator@74.0.0/Editor/SyntheticEnvironments/Registry.cs:97)
Meta.XR.Simulator.Editor.SyntheticEnvironments.Registry:.cctor () (at ./Library/PackageCache/com.meta.xr.simulator@74.0.0/Editor/SyntheticEnvironments/Registry.cs:87)
System.Runtime.CompilerServices.RuntimeHelpers:RunClassConstructor (System.RuntimeTypeHandle)
UnityEditor.EditorAssemblies:ProcessInitializeOnLoadAttributes (System.Type[])

(Filename: ./Library/PackageCache/com.meta.xr.simulator@74.0.0/Editor/Utils.cs Line: 165)

[Package Manager] Server::EnsureServerProcessIsRunning -- launch failed, reason: Unity was launched with the -noUpm command-line argument
[Package Manager] UpmClient::Send -- Unable to send message (not connected to UPM process).
[Package Manager] Cannot connect to Unity Package Manager local server
System.Reflection.TargetInvocationException: Exception has been thrown by the target of an invocation. ---> System.NullReferenceException: Object reference not set to an instance of an object
  at Unity.XR.Oculus.OculusLoader.AssetPathToAbsolutePath (System.String assetPath) [0x0003d] in .\Library\PackageCache\com.unity.xr.oculus@4.2.0\Runtime\OculusLoader.cs:298 
  at Unity.XR.Oculus.OculusLoader.EditorLoadOVRPlugin () [0x0008c] in .\Library\PackageCache\com.unity.xr.oculus@4.2.0\Runtime\OculusLoader.cs:283 
  at (wrapper managed-to-native) System.Reflection.RuntimeMethodInfo.InternalInvoke(System.Reflection.RuntimeMethodInfo,object,object[],System.Exception&)
  at System.Reflection.RuntimeMethodInfo.Invoke (System.Object obj, System.Reflection.BindingFlags invokeAttr, System.Reflection.Binder binder, System.Object[] parameters, System.Globalization.CultureInfo culture) [0x0006a] in <51fded79cd284d4d911c5949aff4cb21>:0 
   --- End of inner exception stack trace ---
  at System.Reflection.RuntimeMethodInfo.Invoke (System.Object obj, System.Reflection.BindingFlags invokeAttr, System.Reflection.Binder binder, System.Object[] parameters, System.Globalization.CultureInfo culture) [0x00083] in <51fded79cd284d4d911c5949aff4cb21>:0 
  at System.Reflection.MethodBase.Invoke (System.Object obj, System.Object[] parameters) [0x00000] in <51fded79cd284d4d911c5949aff4cb21>:0 
  at UnityEditor.EditorAssemblies.ProcessInitializeOnLoadMethodAttributes () [0x000a5] in <2201ab87e660427c974282df3bb3cf36>:0 
UnityEngine.StackTraceUtility:ExtractStackTrace ()
UnityEngine.DebugLogHandler:LogFormat (UnityEngine.LogType,UnityEngine.Object,string,object[])
UnityEngine.Logger:Log (UnityEngine.LogType,object)
UnityEngine.Debug:LogError (object)
UnityEditor.EditorAssemblies:ProcessInitializeOnLoadMethodAttributes ()

Mono: successfully reloaded assembly
[Package Manager] Server::EnsureServerProcessIsRunning -- launch failed, reason: Unity was launched with the -noUpm command-line argument
[Package Manager] UpmClient::Send -- Unable to send message (not connected to UPM process).
[Package Manager] Cannot connect to Unity Package Manager local server
- Finished resetting the current domain, in  1.393 seconds
Domain Reload Profiling: 2107ms
	BeginReloadAssembly (238ms)
		ExecutionOrderSort (0ms)
		DisableScriptedObjects (8ms)
		BackupInstance (0ms)
		ReleaseScriptingObjects (0ms)
		CreateAndSetChildDomain (57ms)
	RebuildCommonClasses (47ms)
	RebuildNativeTypeToScriptingClass (15ms)
	initialDomainReloadingComplete (39ms)
	LoadAllAssembliesAndSetupDomain (373ms)
		LoadAssemblies (449ms)
		RebuildTransferFunctionScriptingTraits (0ms)
		AnalyzeDomain (54ms)
			TypeCache.Refresh (33ms)
				TypeCache.ScanAssembly (0ms)
			ScanForSourceGeneratedMonoScriptInfo (0ms)
			ResolveRequiredComponents (20ms)
	FinalizeReload (1394ms)
		ReleaseScriptCaches (0ms)
		RebuildScriptCaches (0ms)
		SetupLoadedEditorAssemblies (868ms)
			LogAssemblyErrors (0ms)
			InitializePlatformSupportModulesInManaged (50ms)
			SetLoadedEditorAssemblies (9ms)
			RefreshPlugins (0ms)
			BeforeProcessingInitializeOnLoad (130ms)
			ProcessInitializeOnLoadAttributes (597ms)
			ProcessInitializeOnLoadMethodAttributes (69ms)
			AfterProcessingInitializeOnLoad (12ms)
			EditorAssembliesLoaded (0ms)
		ExecutionOrderSort2 (0ms)
		AwakeInstancesAfterBackupRestoration (8ms)
Shader 'Oculus/OVRMRCameraFrameLit': fallback shader 'Alpha-Diffuse' not found
Shader 'Meta/MRUK/Scene/HighlightsAndShadows': fallback shader 'Off' not found
Refreshing native plugins compatible for Editor in 28.84 ms, found 10 plugins.
Preloading 3 native plugins for Editor in 0.40 ms.
Unloading 3056 Unused Serialized files (Serialized files now loaded: 0)
Unloading 52 unused Assets / (442.8 KB). Loaded Objects now: 3643.
Memory consumption went from 142.9 MB to 142.4 MB.
Total: 12.259500 ms (FindLiveObjects: 0.477100 ms CreateObjectMapping: 0.224300 ms MarkObjects: 11.148600 ms  DeleteObjects: 0.408500 ms)

Prepare: number of updated asset objects reloaded= 0
AssetImportParameters requested are different than current active one (requested -> active):
  custom:video-decoder-webm-vp8: 9c59270c3fd7afecdb556c50c9e8de78 -> 
  custom:SearchIndexIgnoredProperties: e643bd26f0fe6173181afceb89e7c659 -> 
  custom:container-demuxer-ogg: 62fdf1f143b41e24485cea50d1cbac27 -> 
  custom:AudioImporter_EditorPlatform: d09bf68614088b80899f8185d706f6e7 -> 
  custom:video-codec-MediaFoundation-h265: 746d11721c4dcdbdad8f713fa42b33f4 -> 
  custom:video-decoder-ogg-theora: a1e56fd34408186e4bbccfd4996cb3dc -> 
  custom:framework-win-MediaFoundation: 216162199b28c13a410421893ffa2e32 -> 
  custom:video-encoder-webm-vp8: eb34c28f22e8b96e1ab97ce403110664 -> 
  custom:audio-decoder-ogg-vorbis: bf7c407c2cedff20999df2af8eb42d56 -> 
  custom:CustomObjectIndexerAttribute: 9a22284fe3817be447336de3de66b15e -> 
  custom:container-demuxer-webm: 4f35f7cbe854078d1ac9338744f61a02 -> 
  custom:audio-encoder-webm-vorbis: bf7c407c2cedff20999df2af8eb42d56 -> 
  custom:container-muxer-webm: aa71ff27fc2769a1b78a27578f13a17b -> 
========================================================================
Received Prepare
Begin MonoManager ReloadAssembly
Symbol file LoadedFromMemory is not a mono symbol file
- Loaded All Assemblies, in  0.663 seconds
Refreshing native plugins compatible for Editor in 17.09 ms, found 10 plugins.
Native extension for WindowsStandalone target not found
Native extension for Android target not found
[Package Manager] Server::EnsureServerProcessIsRunning -- launch failed, reason: Unity was launched with the -noUpm command-line argument
[Package Manager] UpmClient::Send -- Unable to send message (not connected to UPM process).
[Package Manager] Cannot connect to Unity Package Manager local server
[Package Manager] Server::EnsureServerProcessIsRunning -- launch failed, reason: Unity was launched with the -noUpm command-line argument
[Package Manager] UpmClient::Send -- Unable to send message (not connected to UPM process).
[Package Manager] Cannot connect to Unity Package Manager local server
[Synthetic Environments] got match start synth_env_server.exe Bedroom
UnityEngine.StackTraceUtility:ExtractStackTrace ()
UnityEngine.DebugLogHandler:LogFormat (UnityEngine.LogType,UnityEngine.Object,string,object[])
UnityEngine.Logger:Log (UnityEngine.LogType,object)
UnityEngine.Debug:Log (object)
Meta.XR.Simulator.Utils:ReportInfo (string,string) (at ./Library/PackageCache/com.meta.xr.simulator@74.0.0/Editor/Utils.cs:165)
Meta.XR.Simulator.Editor.SyntheticEnvironments.Installer:ParseSynthEnvScript (string) (at ./Library/PackageCache/com.meta.xr.simulator@74.0.0/Editor/SyntheticEnvironments/Installer.cs:98)
Meta.XR.Simulator.Editor.SyntheticEnvironments.Installer:BuildSyntheticEnvironments () (at ./Library/PackageCache/com.meta.xr.simulator@74.0.0/Editor/SyntheticEnvironments/Installer.cs:76)
Meta.XR.Simulator.Editor.SyntheticEnvironments.Registry:RegisterSyntheticEnvironments () (at ./Library/PackageCache/com.meta.xr.simulator@74.0.0/Editor/SyntheticEnvironments/Registry.cs:97)
Meta.XR.Simulator.Editor.SyntheticEnvironments.Registry:.cctor () (at ./Library/PackageCache/com.meta.xr.simulator@74.0.0/Editor/SyntheticEnvironments/Registry.cs:87)
System.Runtime.CompilerServices.RuntimeHelpers:RunClassConstructor (System.RuntimeTypeHandle)
UnityEditor.EditorAssemblies:ProcessInitializeOnLoadAttributes (System.Type[])

(Filename: ./Library/PackageCache/com.meta.xr.simulator@74.0.0/Editor/Utils.cs Line: 165)

[Synthetic Environments] got match start synth_env_server.exe GameRoom
UnityEngine.StackTraceUtility:ExtractStackTrace ()
UnityEngine.DebugLogHandler:LogFormat (UnityEngine.LogType,UnityEngine.Object,string,object[])
UnityEngine.Logger:Log (UnityEngine.LogType,object)
UnityEngine.Debug:Log (object)
Meta.XR.Simulator.Utils:ReportInfo (string,string) (at ./Library/PackageCache/com.meta.xr.simulator@74.0.0/Editor/Utils.cs:165)
Meta.XR.Simulator.Editor.SyntheticEnvironments.Installer:ParseSynthEnvScript (string) (at ./Library/PackageCache/com.meta.xr.simulator@74.0.0/Editor/SyntheticEnvironments/Installer.cs:98)
Meta.XR.Simulator.Editor.SyntheticEnvironments.Installer:BuildSyntheticEnvironments () (at ./Library/PackageCache/com.meta.xr.simulator@74.0.0/Editor/SyntheticEnvironments/Installer.cs:76)
Meta.XR.Simulator.Editor.SyntheticEnvironments.Registry:RegisterSyntheticEnvironments () (at ./Library/PackageCache/com.meta.xr.simulator@74.0.0/Editor/SyntheticEnvironments/Registry.cs:97)
Meta.XR.Simulator.Editor.SyntheticEnvironments.Registry:.cctor () (at ./Library/PackageCache/com.meta.xr.simulator@74.0.0/Editor/SyntheticEnvironments/Registry.cs:87)
System.Runtime.CompilerServices.RuntimeHelpers:RunClassConstructor (System.RuntimeTypeHandle)
UnityEditor.EditorAssemblies:ProcessInitializeOnLoadAttributes (System.Type[])

(Filename: ./Library/PackageCache/com.meta.xr.simulator@74.0.0/Editor/Utils.cs Line: 165)

[Synthetic Environments] got match start synth_env_server.exe LivingRoom
UnityEngine.StackTraceUtility:ExtractStackTrace ()
UnityEngine.DebugLogHandler:LogFormat (UnityEngine.LogType,UnityEngine.Object,string,object[])
UnityEngine.Logger:Log (UnityEngine.LogType,object)
UnityEngine.Debug:Log (object)
Meta.XR.Simulator.Utils:ReportInfo (string,string) (at ./Library/PackageCache/com.meta.xr.simulator@74.0.0/Editor/Utils.cs:165)
Meta.XR.Simulator.Editor.SyntheticEnvironments.Installer:ParseSynthEnvScript (string) (at ./Library/PackageCache/com.meta.xr.simulator@74.0.0/Editor/SyntheticEnvironments/Installer.cs:98)
Meta.XR.Simulator.Editor.SyntheticEnvironments.Installer:BuildSyntheticEnvironments () (at ./Library/PackageCache/com.meta.xr.simulator@74.0.0/Editor/SyntheticEnvironments/Installer.cs:76)
Meta.XR.Simulator.Editor.SyntheticEnvironments.Registry:RegisterSyntheticEnvironments () (at ./Library/PackageCache/com.meta.xr.simulator@74.0.0/Editor/SyntheticEnvironments/Registry.cs:97)
Meta.XR.Simulator.Editor.SyntheticEnvironments.Registry:.cctor () (at ./Library/PackageCache/com.meta.xr.simulator@74.0.0/Editor/SyntheticEnvironments/Registry.cs:87)
System.Runtime.CompilerServices.RuntimeHelpers:RunClassConstructor (System.RuntimeTypeHandle)
UnityEditor.EditorAssemblies:ProcessInitializeOnLoadAttributes (System.Type[])

(Filename: ./Library/PackageCache/com.meta.xr.simulator@74.0.0/Editor/Utils.cs Line: 165)

[Synthetic Environments] got match start synth_env_server_extra_rooms.exe XRoom2_3
UnityEngine.StackTraceUtility:ExtractStackTrace ()
UnityEngine.DebugLogHandler:LogFormat (UnityEngine.LogType,UnityEngine.Object,string,object[])
UnityEngine.Logger:Log (UnityEngine.LogType,object)
UnityEngine.Debug:Log (object)
Meta.XR.Simulator.Utils:ReportInfo (string,string) (at ./Library/PackageCache/com.meta.xr.simulator@74.0.0/Editor/Utils.cs:165)
Meta.XR.Simulator.Editor.SyntheticEnvironments.Installer:ParseSynthEnvScript (string) (at ./Library/PackageCache/com.meta.xr.simulator@74.0.0/Editor/SyntheticEnvironments/Installer.cs:98)
Meta.XR.Simulator.Editor.SyntheticEnvironments.Installer:BuildSyntheticEnvironments () (at ./Library/PackageCache/com.meta.xr.simulator@74.0.0/Editor/SyntheticEnvironments/Installer.cs:76)
Meta.XR.Simulator.Editor.SyntheticEnvironments.Registry:RegisterSyntheticEnvironments () (at ./Library/PackageCache/com.meta.xr.simulator@74.0.0/Editor/SyntheticEnvironments/Registry.cs:97)
Meta.XR.Simulator.Editor.SyntheticEnvironments.Registry:.cctor () (at ./Library/PackageCache/com.meta.xr.simulator@74.0.0/Editor/SyntheticEnvironments/Registry.cs:87)
System.Runtime.CompilerServices.RuntimeHelpers:RunClassConstructor (System.RuntimeTypeHandle)
UnityEditor.EditorAssemblies:ProcessInitializeOnLoadAttributes (System.Type[])

(Filename: ./Library/PackageCache/com.meta.xr.simulator@74.0.0/Editor/Utils.cs Line: 165)

[Synthetic Environments] got match start synth_env_server_extra_rooms.exe XRoom2_4
UnityEngine.StackTraceUtility:ExtractStackTrace ()
UnityEngine.DebugLogHandler:LogFormat (UnityEngine.LogType,UnityEngine.Object,string,object[])
UnityEngine.Logger:Log (UnityEngine.LogType,object)
UnityEngine.Debug:Log (object)
Meta.XR.Simulator.Utils:ReportInfo (string,string) (at ./Library/PackageCache/com.meta.xr.simulator@74.0.0/Editor/Utils.cs:165)
Meta.XR.Simulator.Editor.SyntheticEnvironments.Installer:ParseSynthEnvScript (string) (at ./Library/PackageCache/com.meta.xr.simulator@74.0.0/Editor/SyntheticEnvironments/Installer.cs:98)
Meta.XR.Simulator.Editor.SyntheticEnvironments.Installer:BuildSyntheticEnvironments () (at ./Library/PackageCache/com.meta.xr.simulator@74.0.0/Editor/SyntheticEnvironments/Installer.cs:76)
Meta.XR.Simulator.Editor.SyntheticEnvironments.Registry:RegisterSyntheticEnvironments () (at ./Library/PackageCache/com.meta.xr.simulator@74.0.0/Editor/SyntheticEnvironments/Registry.cs:97)
Meta.XR.Simulator.Editor.SyntheticEnvironments.Registry:.cctor () (at ./Library/PackageCache/com.meta.xr.simulator@74.0.0/Editor/SyntheticEnvironments/Registry.cs:87)
System.Runtime.CompilerServices.RuntimeHelpers:RunClassConstructor (System.RuntimeTypeHandle)
UnityEditor.EditorAssemblies:ProcessInitializeOnLoadAttributes (System.Type[])

(Filename: ./Library/PackageCache/com.meta.xr.simulator@74.0.0/Editor/Utils.cs Line: 165)

[Synthetic Environments] got match start synth_env_server_extra_rooms.exe XRoom5_6
UnityEngine.StackTraceUtility:ExtractStackTrace ()
UnityEngine.DebugLogHandler:LogFormat (UnityEngine.LogType,UnityEngine.Object,string,object[])
UnityEngine.Logger:Log (UnityEngine.LogType,object)
UnityEngine.Debug:Log (object)
Meta.XR.Simulator.Utils:ReportInfo (string,string) (at ./Library/PackageCache/com.meta.xr.simulator@74.0.0/Editor/Utils.cs:165)
Meta.XR.Simulator.Editor.SyntheticEnvironments.Installer:ParseSynthEnvScript (string) (at ./Library/PackageCache/com.meta.xr.simulator@74.0.0/Editor/SyntheticEnvironments/Installer.cs:98)
Meta.XR.Simulator.Editor.SyntheticEnvironments.Installer:BuildSyntheticEnvironments () (at ./Library/PackageCache/com.meta.xr.simulator@74.0.0/Editor/SyntheticEnvironments/Installer.cs:76)
Meta.XR.Simulator.Editor.SyntheticEnvironments.Registry:RegisterSyntheticEnvironments () (at ./Library/PackageCache/com.meta.xr.simulator@74.0.0/Editor/SyntheticEnvironments/Registry.cs:97)
Meta.XR.Simulator.Editor.SyntheticEnvironments.Registry:.cctor () (at ./Library/PackageCache/com.meta.xr.simulator@74.0.0/Editor/SyntheticEnvironments/Registry.cs:87)
System.Runtime.CompilerServices.RuntimeHelpers:RunClassConstructor (System.RuntimeTypeHandle)
UnityEditor.EditorAssemblies:ProcessInitializeOnLoadAttributes (System.Type[])

(Filename: ./Library/PackageCache/com.meta.xr.simulator@74.0.0/Editor/Utils.cs Line: 165)

[Synthetic Environments] got match start synth_env_server_extra_rooms.exe XRoom5_1
UnityEngine.StackTraceUtility:ExtractStackTrace ()
UnityEngine.DebugLogHandler:LogFormat (UnityEngine.LogType,UnityEngine.Object,string,object[])
UnityEngine.Logger:Log (UnityEngine.LogType,object)
UnityEngine.Debug:Log (object)
Meta.XR.Simulator.Utils:ReportInfo (string,string) (at ./Library/PackageCache/com.meta.xr.simulator@74.0.0/Editor/Utils.cs:165)
Meta.XR.Simulator.Editor.SyntheticEnvironments.Installer:ParseSynthEnvScript (string) (at ./Library/PackageCache/com.meta.xr.simulator@74.0.0/Editor/SyntheticEnvironments/Installer.cs:98)
Meta.XR.Simulator.Editor.SyntheticEnvironments.Installer:BuildSyntheticEnvironments () (at ./Library/PackageCache/com.meta.xr.simulator@74.0.0/Editor/SyntheticEnvironments/Installer.cs:76)
Meta.XR.Simulator.Editor.SyntheticEnvironments.Registry:RegisterSyntheticEnvironments () (at ./Library/PackageCache/com.meta.xr.simulator@74.0.0/Editor/SyntheticEnvironments/Registry.cs:97)
Meta.XR.Simulator.Editor.SyntheticEnvironments.Registry:.cctor () (at ./Library/PackageCache/com.meta.xr.simulator@74.0.0/Editor/SyntheticEnvironments/Registry.cs:87)
System.Runtime.CompilerServices.RuntimeHelpers:RunClassConstructor (System.RuntimeTypeHandle)
UnityEditor.EditorAssemblies:ProcessInitializeOnLoadAttributes (System.Type[])

(Filename: ./Library/PackageCache/com.meta.xr.simulator@74.0.0/Editor/Utils.cs Line: 165)

[Synthetic Environments] got match start synth_env_server_extra_rooms.exe XRoom3_1
UnityEngine.StackTraceUtility:ExtractStackTrace ()
UnityEngine.DebugLogHandler:LogFormat (UnityEngine.LogType,UnityEngine.Object,string,object[])
UnityEngine.Logger:Log (UnityEngine.LogType,object)
UnityEngine.Debug:Log (object)
Meta.XR.Simulator.Utils:ReportInfo (string,string) (at ./Library/PackageCache/com.meta.xr.simulator@74.0.0/Editor/Utils.cs:165)
Meta.XR.Simulator.Editor.SyntheticEnvironments.Installer:ParseSynthEnvScript (string) (at ./Library/PackageCache/com.meta.xr.simulator@74.0.0/Editor/SyntheticEnvironments/Installer.cs:98)
Meta.XR.Simulator.Editor.SyntheticEnvironments.Installer:BuildSyntheticEnvironments () (at ./Library/PackageCache/com.meta.xr.simulator@74.0.0/Editor/SyntheticEnvironments/Installer.cs:76)
Meta.XR.Simulator.Editor.SyntheticEnvironments.Registry:RegisterSyntheticEnvironments () (at ./Library/PackageCache/com.meta.xr.simulator@74.0.0/Editor/SyntheticEnvironments/Registry.cs:97)
Meta.XR.Simulator.Editor.SyntheticEnvironments.Registry:.cctor () (at ./Library/PackageCache/com.meta.xr.simulator@74.0.0/Editor/SyntheticEnvironments/Registry.cs:87)
System.Runtime.CompilerServices.RuntimeHelpers:RunClassConstructor (System.RuntimeTypeHandle)
UnityEditor.EditorAssemblies:ProcessInitializeOnLoadAttributes (System.Type[])

(Filename: ./Library/PackageCache/com.meta.xr.simulator@74.0.0/Editor/Utils.cs Line: 165)

[Synthetic Environments] got match start synth_env_server_extra_rooms.exe XRoom1_2
UnityEngine.StackTraceUtility:ExtractStackTrace ()
UnityEngine.DebugLogHandler:LogFormat (UnityEngine.LogType,UnityEngine.Object,string,object[])
UnityEngine.Logger:Log (UnityEngine.LogType,object)
UnityEngine.Debug:Log (object)
Meta.XR.Simulator.Utils:ReportInfo (string,string) (at ./Library/PackageCache/com.meta.xr.simulator@74.0.0/Editor/Utils.cs:165)
Meta.XR.Simulator.Editor.SyntheticEnvironments.Installer:ParseSynthEnvScript (string) (at ./Library/PackageCache/com.meta.xr.simulator@74.0.0/Editor/SyntheticEnvironments/Installer.cs:98)
Meta.XR.Simulator.Editor.SyntheticEnvironments.Installer:BuildSyntheticEnvironments () (at ./Library/PackageCache/com.meta.xr.simulator@74.0.0/Editor/SyntheticEnvironments/Installer.cs:76)
Meta.XR.Simulator.Editor.SyntheticEnvironments.Registry:RegisterSyntheticEnvironments () (at ./Library/PackageCache/com.meta.xr.simulator@74.0.0/Editor/SyntheticEnvironments/Registry.cs:97)
Meta.XR.Simulator.Editor.SyntheticEnvironments.Registry:.cctor () (at ./Library/PackageCache/com.meta.xr.simulator@74.0.0/Editor/SyntheticEnvironments/Registry.cs:87)
System.Runtime.CompilerServices.RuntimeHelpers:RunClassConstructor (System.RuntimeTypeHandle)
UnityEditor.EditorAssemblies:ProcessInitializeOnLoadAttributes (System.Type[])

(Filename: ./Library/PackageCache/com.meta.xr.simulator@74.0.0/Editor/Utils.cs Line: 165)

[Synthetic Environments] got match start synth_env_server_extra_rooms.exe XRoom1_1
UnityEngine.StackTraceUtility:ExtractStackTrace ()
UnityEngine.DebugLogHandler:LogFormat (UnityEngine.LogType,UnityEngine.Object,string,object[])
UnityEngine.Logger:Log (UnityEngine.LogType,object)
UnityEngine.Debug:Log (object)
Meta.XR.Simulator.Utils:ReportInfo (string,string) (at ./Library/PackageCache/com.meta.xr.simulator@74.0.0/Editor/Utils.cs:165)
Meta.XR.Simulator.Editor.SyntheticEnvironments.Installer:ParseSynthEnvScript (string) (at ./Library/PackageCache/com.meta.xr.simulator@74.0.0/Editor/SyntheticEnvironments/Installer.cs:98)
Meta.XR.Simulator.Editor.SyntheticEnvironments.Installer:BuildSyntheticEnvironments () (at ./Library/PackageCache/com.meta.xr.simulator@74.0.0/Editor/SyntheticEnvironments/Installer.cs:76)
Meta.XR.Simulator.Editor.SyntheticEnvironments.Registry:RegisterSyntheticEnvironments () (at ./Library/PackageCache/com.meta.xr.simulator@74.0.0/Editor/SyntheticEnvironments/Registry.cs:97)
Meta.XR.Simulator.Editor.SyntheticEnvironments.Registry:.cctor () (at ./Library/PackageCache/com.meta.xr.simulator@74.0.0/Editor/SyntheticEnvironments/Registry.cs:87)
System.Runtime.CompilerServices.RuntimeHelpers:RunClassConstructor (System.RuntimeTypeHandle)
UnityEditor.EditorAssemblies:ProcessInitializeOnLoadAttributes (System.Type[])

(Filename: ./Library/PackageCache/com.meta.xr.simulator@74.0.0/Editor/Utils.cs Line: 165)

[Synthetic Environments] got match start synth_env_server_extra_rooms.exe XRoom1_4
UnityEngine.StackTraceUtility:ExtractStackTrace ()
UnityEngine.DebugLogHandler:LogFormat (UnityEngine.LogType,UnityEngine.Object,string,object[])
UnityEngine.Logger:Log (UnityEngine.LogType,object)
UnityEngine.Debug:Log (object)
Meta.XR.Simulator.Utils:ReportInfo (string,string) (at ./Library/PackageCache/com.meta.xr.simulator@74.0.0/Editor/Utils.cs:165)
Meta.XR.Simulator.Editor.SyntheticEnvironments.Installer:ParseSynthEnvScript (string) (at ./Library/PackageCache/com.meta.xr.simulator@74.0.0/Editor/SyntheticEnvironments/Installer.cs:98)
Meta.XR.Simulator.Editor.SyntheticEnvironments.Installer:BuildSyntheticEnvironments () (at ./Library/PackageCache/com.meta.xr.simulator@74.0.0/Editor/SyntheticEnvironments/Installer.cs:76)
Meta.XR.Simulator.Editor.SyntheticEnvironments.Registry:RegisterSyntheticEnvironments () (at ./Library/PackageCache/com.meta.xr.simulator@74.0.0/Editor/SyntheticEnvironments/Registry.cs:97)
Meta.XR.Simulator.Editor.SyntheticEnvironments.Registry:.cctor () (at ./Library/PackageCache/com.meta.xr.simulator@74.0.0/Editor/SyntheticEnvironments/Registry.cs:87)
System.Runtime.CompilerServices.RuntimeHelpers:RunClassConstructor (System.RuntimeTypeHandle)
UnityEditor.EditorAssemblies:ProcessInitializeOnLoadAttributes (System.Type[])

(Filename: ./Library/PackageCache/com.meta.xr.simulator@74.0.0/Editor/Utils.cs Line: 165)

[Package Manager] Server::EnsureServerProcessIsRunning -- launch failed, reason: Unity was launched with the -noUpm command-line argument
[Package Manager] UpmClient::Send -- Unable to send message (not connected to UPM process).
[Package Manager] Cannot connect to Unity Package Manager local server
System.Reflection.TargetInvocationException: Exception has been thrown by the target of an invocation. ---> System.NullReferenceException: Object reference not set to an instance of an object
  at Unity.XR.Oculus.OculusLoader.AssetPathToAbsolutePath (System.String assetPath) [0x0003d] in .\Library\PackageCache\com.unity.xr.oculus@4.2.0\Runtime\OculusLoader.cs:298 
  at Unity.XR.Oculus.OculusLoader.EditorLoadOVRPlugin () [0x0008c] in .\Library\PackageCache\com.unity.xr.oculus@4.2.0\Runtime\OculusLoader.cs:283 
  at (wrapper managed-to-native) System.Reflection.RuntimeMethodInfo.InternalInvoke(System.Reflection.RuntimeMethodInfo,object,object[],System.Exception&)
  at System.Reflection.RuntimeMethodInfo.Invoke (System.Object obj, System.Reflection.BindingFlags invokeAttr, System.Reflection.Binder binder, System.Object[] parameters, System.Globalization.CultureInfo culture) [0x0006a] in <51fded79cd284d4d911c5949aff4cb21>:0 
   --- End of inner exception stack trace ---
  at System.Reflection.RuntimeMethodInfo.Invoke (System.Object obj, System.Reflection.BindingFlags invokeAttr, System.Reflection.Binder binder, System.Object[] parameters, System.Globalization.CultureInfo culture) [0x00083] in <51fded79cd284d4d911c5949aff4cb21>:0 
  at System.Reflection.MethodBase.Invoke (System.Object obj, System.Object[] parameters) [0x00000] in <51fded79cd284d4d911c5949aff4cb21>:0 
  at UnityEditor.EditorAssemblies.ProcessInitializeOnLoadMethodAttributes () [0x000a5] in <2201ab87e660427c974282df3bb3cf36>:0 
UnityEngine.StackTraceUtility:ExtractStackTrace ()
UnityEngine.DebugLogHandler:LogFormat (UnityEngine.LogType,UnityEngine.Object,string,object[])
UnityEngine.Logger:Log (UnityEngine.LogType,object)
UnityEngine.Debug:LogError (object)
UnityEditor.EditorAssemblies:ProcessInitializeOnLoadMethodAttributes ()

Mono: successfully reloaded assembly
[Package Manager] Server::EnsureServerProcessIsRunning -- launch failed, reason: Unity was launched with the -noUpm command-line argument
[Package Manager] UpmClient::Send -- Unable to send message (not connected to UPM process).
[Package Manager] Cannot connect to Unity Package Manager local server
- Finished resetting the current domain, in  1.339 seconds
Domain Reload Profiling: 1994ms
	BeginReloadAssembly (217ms)
		ExecutionOrderSort (0ms)
		DisableScriptedObjects (5ms)
		BackupInstance (0ms)
		ReleaseScriptingObjects (0ms)
		CreateAndSetChildDomain (48ms)
	RebuildCommonClasses (47ms)
	RebuildNativeTypeToScriptingClass (16ms)
	initialDomainReloadingComplete (42ms)
	LoadAllAssembliesAndSetupDomain (333ms)
		LoadAssemblies (414ms)
		RebuildTransferFunctionScriptingTraits (0ms)
		AnalyzeDomain (46ms)
			TypeCache.Refresh (25ms)
				TypeCache.ScanAssembly (0ms)
			ScanForSourceGeneratedMonoScriptInfo (0ms)
			ResolveRequiredComponents (19ms)
	FinalizeReload (1339ms)
		ReleaseScriptCaches (0ms)
		RebuildScriptCaches (0ms)
		SetupLoadedEditorAssemblies (877ms)
			LogAssemblyErrors (0ms)
			InitializePlatformSupportModulesInManaged (29ms)
			SetLoadedEditorAssemblies (8ms)
			RefreshPlugins (0ms)
			BeforeProcessingInitializeOnLoad (119ms)
			ProcessInitializeOnLoadAttributes (659ms)
			ProcessInitializeOnLoadMethodAttributes (45ms)
			AfterProcessingInitializeOnLoad (15ms)
			EditorAssembliesLoaded (0ms)
		ExecutionOrderSort2 (0ms)
		AwakeInstancesAfterBackupRestoration (8ms)
Shader 'Oculus/OVRMRCameraFrameLit': fallback shader 'Alpha-Diffuse' not found
Shader 'Meta/MRUK/Scene/HighlightsAndShadows': fallback shader 'Off' not found
Refreshing native plugins compatible for Editor in 20.37 ms, found 10 plugins.
Preloading 3 native plugins for Editor in 0.44 ms.
Unloading 3057 Unused Serialized files (Serialized files now loaded: 0)
Unloading 52 unused Assets / (450.8 KB). Loaded Objects now: 3644.
Memory consumption went from 143.2 MB to 142.7 MB.
Total: 12.341000 ms (FindLiveObjects: 0.463700 ms CreateObjectMapping: 0.299400 ms MarkObjects: 11.112900 ms  DeleteObjects: 0.463900 ms)

Prepare: number of updated asset objects reloaded= 0
AssetImportParameters requested are different than current active one (requested -> active):
  custom:video-decoder-webm-vp8: 9c59270c3fd7afecdb556c50c9e8de78 -> 
  custom:SearchIndexIgnoredProperties: e643bd26f0fe6173181afceb89e7c659 -> 
  custom:container-demuxer-ogg: 62fdf1f143b41e24485cea50d1cbac27 -> 
  custom:AudioImporter_EditorPlatform: d09bf68614088b80899f8185d706f6e7 -> 
  custom:video-codec-MediaFoundation-h265: 746d11721c4dcdbdad8f713fa42b33f4 -> 
  custom:video-decoder-ogg-theora: a1e56fd34408186e4bbccfd4996cb3dc -> 
  custom:framework-win-MediaFoundation: 216162199b28c13a410421893ffa2e32 -> 
  custom:video-encoder-webm-vp8: eb34c28f22e8b96e1ab97ce403110664 -> 
  custom:audio-decoder-ogg-vorbis: bf7c407c2cedff20999df2af8eb42d56 -> 
  custom:CustomObjectIndexerAttribute: 9a22284fe3817be447336de3de66b15e -> 
  custom:container-demuxer-webm: 4f35f7cbe854078d1ac9338744f61a02 -> 
  custom:audio-encoder-webm-vorbis: bf7c407c2cedff20999df2af8eb42d56 -> 
  custom:container-muxer-webm: aa71ff27fc2769a1b78a27578f13a17b -> 
========================================================================
Received Prepare
Begin MonoManager ReloadAssembly
Symbol file LoadedFromMemory is not a mono symbol file
- Loaded All Assemblies, in  0.746 seconds
Refreshing native plugins compatible for Editor in 18.23 ms, found 10 plugins.
Native extension for WindowsStandalone target not found
Native extension for Android target not found
[Package Manager] Server::EnsureServerProcessIsRunning -- launch failed, reason: Unity was launched with the -noUpm command-line argument
[Package Manager] UpmClient::Send -- Unable to send message (not connected to UPM process).
[Package Manager] Cannot connect to Unity Package Manager local server
[Package Manager] Server::EnsureServerProcessIsRunning -- launch failed, reason: Unity was launched with the -noUpm command-line argument
[Package Manager] UpmClient::Send -- Unable to send message (not connected to UPM process).
[Package Manager] Cannot connect to Unity Package Manager local server
[Synthetic Environments] got match start synth_env_server.exe Bedroom
UnityEngine.StackTraceUtility:ExtractStackTrace ()
UnityEngine.DebugLogHandler:LogFormat (UnityEngine.LogType,UnityEngine.Object,string,object[])
UnityEngine.Logger:Log (UnityEngine.LogType,object)
UnityEngine.Debug:Log (object)
Meta.XR.Simulator.Utils:ReportInfo (string,string) (at ./Library/PackageCache/com.meta.xr.simulator@74.0.0/Editor/Utils.cs:165)
Meta.XR.Simulator.Editor.SyntheticEnvironments.Installer:ParseSynthEnvScript (string) (at ./Library/PackageCache/com.meta.xr.simulator@74.0.0/Editor/SyntheticEnvironments/Installer.cs:98)
Meta.XR.Simulator.Editor.SyntheticEnvironments.Installer:BuildSyntheticEnvironments () (at ./Library/PackageCache/com.meta.xr.simulator@74.0.0/Editor/SyntheticEnvironments/Installer.cs:76)
Meta.XR.Simulator.Editor.SyntheticEnvironments.Registry:RegisterSyntheticEnvironments () (at ./Library/PackageCache/com.meta.xr.simulator@74.0.0/Editor/SyntheticEnvironments/Registry.cs:97)
Meta.XR.Simulator.Editor.SyntheticEnvironments.Registry:.cctor () (at ./Library/PackageCache/com.meta.xr.simulator@74.0.0/Editor/SyntheticEnvironments/Registry.cs:87)
System.Runtime.CompilerServices.RuntimeHelpers:RunClassConstructor (System.RuntimeTypeHandle)
UnityEditor.EditorAssemblies:ProcessInitializeOnLoadAttributes (System.Type[])

(Filename: ./Library/PackageCache/com.meta.xr.simulator@74.0.0/Editor/Utils.cs Line: 165)

[Synthetic Environments] got match start synth_env_server.exe GameRoom
UnityEngine.StackTraceUtility:ExtractStackTrace ()
UnityEngine.DebugLogHandler:LogFormat (UnityEngine.LogType,UnityEngine.Object,string,object[])
UnityEngine.Logger:Log (UnityEngine.LogType,object)
UnityEngine.Debug:Log (object)
Meta.XR.Simulator.Utils:ReportInfo (string,string) (at ./Library/PackageCache/com.meta.xr.simulator@74.0.0/Editor/Utils.cs:165)
Meta.XR.Simulator.Editor.SyntheticEnvironments.Installer:ParseSynthEnvScript (string) (at ./Library/PackageCache/com.meta.xr.simulator@74.0.0/Editor/SyntheticEnvironments/Installer.cs:98)
Meta.XR.Simulator.Editor.SyntheticEnvironments.Installer:BuildSyntheticEnvironments () (at ./Library/PackageCache/com.meta.xr.simulator@74.0.0/Editor/SyntheticEnvironments/Installer.cs:76)
Meta.XR.Simulator.Editor.SyntheticEnvironments.Registry:RegisterSyntheticEnvironments () (at ./Library/PackageCache/com.meta.xr.simulator@74.0.0/Editor/SyntheticEnvironments/Registry.cs:97)
Meta.XR.Simulator.Editor.SyntheticEnvironments.Registry:.cctor () (at ./Library/PackageCache/com.meta.xr.simulator@74.0.0/Editor/SyntheticEnvironments/Registry.cs:87)
System.Runtime.CompilerServices.RuntimeHelpers:RunClassConstructor (System.RuntimeTypeHandle)
UnityEditor.EditorAssemblies:ProcessInitializeOnLoadAttributes (System.Type[])

(Filename: ./Library/PackageCache/com.meta.xr.simulator@74.0.0/Editor/Utils.cs Line: 165)

[Synthetic Environments] got match start synth_env_server.exe LivingRoom
UnityEngine.StackTraceUtility:ExtractStackTrace ()
UnityEngine.DebugLogHandler:LogFormat (UnityEngine.LogType,UnityEngine.Object,string,object[])
UnityEngine.Logger:Log (UnityEngine.LogType,object)
UnityEngine.Debug:Log (object)
Meta.XR.Simulator.Utils:ReportInfo (string,string) (at ./Library/PackageCache/com.meta.xr.simulator@74.0.0/Editor/Utils.cs:165)
Meta.XR.Simulator.Editor.SyntheticEnvironments.Installer:ParseSynthEnvScript (string) (at ./Library/PackageCache/com.meta.xr.simulator@74.0.0/Editor/SyntheticEnvironments/Installer.cs:98)
Meta.XR.Simulator.Editor.SyntheticEnvironments.Installer:BuildSyntheticEnvironments () (at ./Library/PackageCache/com.meta.xr.simulator@74.0.0/Editor/SyntheticEnvironments/Installer.cs:76)
Meta.XR.Simulator.Editor.SyntheticEnvironments.Registry:RegisterSyntheticEnvironments () (at ./Library/PackageCache/com.meta.xr.simulator@74.0.0/Editor/SyntheticEnvironments/Registry.cs:97)
Meta.XR.Simulator.Editor.SyntheticEnvironments.Registry:.cctor () (at ./Library/PackageCache/com.meta.xr.simulator@74.0.0/Editor/SyntheticEnvironments/Registry.cs:87)
System.Runtime.CompilerServices.RuntimeHelpers:RunClassConstructor (System.RuntimeTypeHandle)
UnityEditor.EditorAssemblies:ProcessInitializeOnLoadAttributes (System.Type[])

(Filename: ./Library/PackageCache/com.meta.xr.simulator@74.0.0/Editor/Utils.cs Line: 165)

[Synthetic Environments] got match start synth_env_server_extra_rooms.exe XRoom2_3
UnityEngine.StackTraceUtility:ExtractStackTrace ()
UnityEngine.DebugLogHandler:LogFormat (UnityEngine.LogType,UnityEngine.Object,string,object[])
UnityEngine.Logger:Log (UnityEngine.LogType,object)
UnityEngine.Debug:Log (object)
Meta.XR.Simulator.Utils:ReportInfo (string,string) (at ./Library/PackageCache/com.meta.xr.simulator@74.0.0/Editor/Utils.cs:165)
Meta.XR.Simulator.Editor.SyntheticEnvironments.Installer:ParseSynthEnvScript (string) (at ./Library/PackageCache/com.meta.xr.simulator@74.0.0/Editor/SyntheticEnvironments/Installer.cs:98)
Meta.XR.Simulator.Editor.SyntheticEnvironments.Installer:BuildSyntheticEnvironments () (at ./Library/PackageCache/com.meta.xr.simulator@74.0.0/Editor/SyntheticEnvironments/Installer.cs:76)
Meta.XR.Simulator.Editor.SyntheticEnvironments.Registry:RegisterSyntheticEnvironments () (at ./Library/PackageCache/com.meta.xr.simulator@74.0.0/Editor/SyntheticEnvironments/Registry.cs:97)
Meta.XR.Simulator.Editor.SyntheticEnvironments.Registry:.cctor () (at ./Library/PackageCache/com.meta.xr.simulator@74.0.0/Editor/SyntheticEnvironments/Registry.cs:87)
System.Runtime.CompilerServices.RuntimeHelpers:RunClassConstructor (System.RuntimeTypeHandle)
UnityEditor.EditorAssemblies:ProcessInitializeOnLoadAttributes (System.Type[])

(Filename: ./Library/PackageCache/com.meta.xr.simulator@74.0.0/Editor/Utils.cs Line: 165)

[Synthetic Environments] got match start synth_env_server_extra_rooms.exe XRoom2_4
UnityEngine.StackTraceUtility:ExtractStackTrace ()
UnityEngine.DebugLogHandler:LogFormat (UnityEngine.LogType,UnityEngine.Object,string,object[])
UnityEngine.Logger:Log (UnityEngine.LogType,object)
UnityEngine.Debug:Log (object)
Meta.XR.Simulator.Utils:ReportInfo (string,string) (at ./Library/PackageCache/com.meta.xr.simulator@74.0.0/Editor/Utils.cs:165)
Meta.XR.Simulator.Editor.SyntheticEnvironments.Installer:ParseSynthEnvScript (string) (at ./Library/PackageCache/com.meta.xr.simulator@74.0.0/Editor/SyntheticEnvironments/Installer.cs:98)
Meta.XR.Simulator.Editor.SyntheticEnvironments.Installer:BuildSyntheticEnvironments () (at ./Library/PackageCache/com.meta.xr.simulator@74.0.0/Editor/SyntheticEnvironments/Installer.cs:76)
Meta.XR.Simulator.Editor.SyntheticEnvironments.Registry:RegisterSyntheticEnvironments () (at ./Library/PackageCache/com.meta.xr.simulator@74.0.0/Editor/SyntheticEnvironments/Registry.cs:97)
Meta.XR.Simulator.Editor.SyntheticEnvironments.Registry:.cctor () (at ./Library/PackageCache/com.meta.xr.simulator@74.0.0/Editor/SyntheticEnvironments/Registry.cs:87)
System.Runtime.CompilerServices.RuntimeHelpers:RunClassConstructor (System.RuntimeTypeHandle)
UnityEditor.EditorAssemblies:ProcessInitializeOnLoadAttributes (System.Type[])

(Filename: ./Library/PackageCache/com.meta.xr.simulator@74.0.0/Editor/Utils.cs Line: 165)

[Synthetic Environments] got match start synth_env_server_extra_rooms.exe XRoom5_6
UnityEngine.StackTraceUtility:ExtractStackTrace ()
UnityEngine.DebugLogHandler:LogFormat (UnityEngine.LogType,UnityEngine.Object,string,object[])
UnityEngine.Logger:Log (UnityEngine.LogType,object)
UnityEngine.Debug:Log (object)
Meta.XR.Simulator.Utils:ReportInfo (string,string) (at ./Library/PackageCache/com.meta.xr.simulator@74.0.0/Editor/Utils.cs:165)
Meta.XR.Simulator.Editor.SyntheticEnvironments.Installer:ParseSynthEnvScript (string) (at ./Library/PackageCache/com.meta.xr.simulator@74.0.0/Editor/SyntheticEnvironments/Installer.cs:98)
Meta.XR.Simulator.Editor.SyntheticEnvironments.Installer:BuildSyntheticEnvironments () (at ./Library/PackageCache/com.meta.xr.simulator@74.0.0/Editor/SyntheticEnvironments/Installer.cs:76)
Meta.XR.Simulator.Editor.SyntheticEnvironments.Registry:RegisterSyntheticEnvironments () (at ./Library/PackageCache/com.meta.xr.simulator@74.0.0/Editor/SyntheticEnvironments/Registry.cs:97)
Meta.XR.Simulator.Editor.SyntheticEnvironments.Registry:.cctor () (at ./Library/PackageCache/com.meta.xr.simulator@74.0.0/Editor/SyntheticEnvironments/Registry.cs:87)
System.Runtime.CompilerServices.RuntimeHelpers:RunClassConstructor (System.RuntimeTypeHandle)
UnityEditor.EditorAssemblies:ProcessInitializeOnLoadAttributes (System.Type[])

(Filename: ./Library/PackageCache/com.meta.xr.simulator@74.0.0/Editor/Utils.cs Line: 165)

[Synthetic Environments] got match start synth_env_server_extra_rooms.exe XRoom5_1
UnityEngine.StackTraceUtility:ExtractStackTrace ()
UnityEngine.DebugLogHandler:LogFormat (UnityEngine.LogType,UnityEngine.Object,string,object[])
UnityEngine.Logger:Log (UnityEngine.LogType,object)
UnityEngine.Debug:Log (object)
Meta.XR.Simulator.Utils:ReportInfo (string,string) (at ./Library/PackageCache/com.meta.xr.simulator@74.0.0/Editor/Utils.cs:165)
Meta.XR.Simulator.Editor.SyntheticEnvironments.Installer:ParseSynthEnvScript (string) (at ./Library/PackageCache/com.meta.xr.simulator@74.0.0/Editor/SyntheticEnvironments/Installer.cs:98)
Meta.XR.Simulator.Editor.SyntheticEnvironments.Installer:BuildSyntheticEnvironments () (at ./Library/PackageCache/com.meta.xr.simulator@74.0.0/Editor/SyntheticEnvironments/Installer.cs:76)
Meta.XR.Simulator.Editor.SyntheticEnvironments.Registry:RegisterSyntheticEnvironments () (at ./Library/PackageCache/com.meta.xr.simulator@74.0.0/Editor/SyntheticEnvironments/Registry.cs:97)
Meta.XR.Simulator.Editor.SyntheticEnvironments.Registry:.cctor () (at ./Library/PackageCache/com.meta.xr.simulator@74.0.0/Editor/SyntheticEnvironments/Registry.cs:87)
System.Runtime.CompilerServices.RuntimeHelpers:RunClassConstructor (System.RuntimeTypeHandle)
UnityEditor.EditorAssemblies:ProcessInitializeOnLoadAttributes (System.Type[])

(Filename: ./Library/PackageCache/com.meta.xr.simulator@74.0.0/Editor/Utils.cs Line: 165)

[Synthetic Environments] got match start synth_env_server_extra_rooms.exe XRoom3_1
UnityEngine.StackTraceUtility:ExtractStackTrace ()
UnityEngine.DebugLogHandler:LogFormat (UnityEngine.LogType,UnityEngine.Object,string,object[])
UnityEngine.Logger:Log (UnityEngine.LogType,object)
UnityEngine.Debug:Log (object)
Meta.XR.Simulator.Utils:ReportInfo (string,string) (at ./Library/PackageCache/com.meta.xr.simulator@74.0.0/Editor/Utils.cs:165)
Meta.XR.Simulator.Editor.SyntheticEnvironments.Installer:ParseSynthEnvScript (string) (at ./Library/PackageCache/com.meta.xr.simulator@74.0.0/Editor/SyntheticEnvironments/Installer.cs:98)
Meta.XR.Simulator.Editor.SyntheticEnvironments.Installer:BuildSyntheticEnvironments () (at ./Library/PackageCache/com.meta.xr.simulator@74.0.0/Editor/SyntheticEnvironments/Installer.cs:76)
Meta.XR.Simulator.Editor.SyntheticEnvironments.Registry:RegisterSyntheticEnvironments () (at ./Library/PackageCache/com.meta.xr.simulator@74.0.0/Editor/SyntheticEnvironments/Registry.cs:97)
Meta.XR.Simulator.Editor.SyntheticEnvironments.Registry:.cctor () (at ./Library/PackageCache/com.meta.xr.simulator@74.0.0/Editor/SyntheticEnvironments/Registry.cs:87)
System.Runtime.CompilerServices.RuntimeHelpers:RunClassConstructor (System.RuntimeTypeHandle)
UnityEditor.EditorAssemblies:ProcessInitializeOnLoadAttributes (System.Type[])

(Filename: ./Library/PackageCache/com.meta.xr.simulator@74.0.0/Editor/Utils.cs Line: 165)

[Synthetic Environments] got match start synth_env_server_extra_rooms.exe XRoom1_2
UnityEngine.StackTraceUtility:ExtractStackTrace ()
UnityEngine.DebugLogHandler:LogFormat (UnityEngine.LogType,UnityEngine.Object,string,object[])
UnityEngine.Logger:Log (UnityEngine.LogType,object)
UnityEngine.Debug:Log (object)
Meta.XR.Simulator.Utils:ReportInfo (string,string) (at ./Library/PackageCache/com.meta.xr.simulator@74.0.0/Editor/Utils.cs:165)
Meta.XR.Simulator.Editor.SyntheticEnvironments.Installer:ParseSynthEnvScript (string) (at ./Library/PackageCache/com.meta.xr.simulator@74.0.0/Editor/SyntheticEnvironments/Installer.cs:98)
Meta.XR.Simulator.Editor.SyntheticEnvironments.Installer:BuildSyntheticEnvironments () (at ./Library/PackageCache/com.meta.xr.simulator@74.0.0/Editor/SyntheticEnvironments/Installer.cs:76)
Meta.XR.Simulator.Editor.SyntheticEnvironments.Registry:RegisterSyntheticEnvironments () (at ./Library/PackageCache/com.meta.xr.simulator@74.0.0/Editor/SyntheticEnvironments/Registry.cs:97)
Meta.XR.Simulator.Editor.SyntheticEnvironments.Registry:.cctor () (at ./Library/PackageCache/com.meta.xr.simulator@74.0.0/Editor/SyntheticEnvironments/Registry.cs:87)
System.Runtime.CompilerServices.RuntimeHelpers:RunClassConstructor (System.RuntimeTypeHandle)
UnityEditor.EditorAssemblies:ProcessInitializeOnLoadAttributes (System.Type[])

(Filename: ./Library/PackageCache/com.meta.xr.simulator@74.0.0/Editor/Utils.cs Line: 165)

[Synthetic Environments] got match start synth_env_server_extra_rooms.exe XRoom1_1
UnityEngine.StackTraceUtility:ExtractStackTrace ()
UnityEngine.DebugLogHandler:LogFormat (UnityEngine.LogType,UnityEngine.Object,string,object[])
UnityEngine.Logger:Log (UnityEngine.LogType,object)
UnityEngine.Debug:Log (object)
Meta.XR.Simulator.Utils:ReportInfo (string,string) (at ./Library/PackageCache/com.meta.xr.simulator@74.0.0/Editor/Utils.cs:165)
Meta.XR.Simulator.Editor.SyntheticEnvironments.Installer:ParseSynthEnvScript (string) (at ./Library/PackageCache/com.meta.xr.simulator@74.0.0/Editor/SyntheticEnvironments/Installer.cs:98)
Meta.XR.Simulator.Editor.SyntheticEnvironments.Installer:BuildSyntheticEnvironments () (at ./Library/PackageCache/com.meta.xr.simulator@74.0.0/Editor/SyntheticEnvironments/Installer.cs:76)
Meta.XR.Simulator.Editor.SyntheticEnvironments.Registry:RegisterSyntheticEnvironments () (at ./Library/PackageCache/com.meta.xr.simulator@74.0.0/Editor/SyntheticEnvironments/Registry.cs:97)
Meta.XR.Simulator.Editor.SyntheticEnvironments.Registry:.cctor () (at ./Library/PackageCache/com.meta.xr.simulator@74.0.0/Editor/SyntheticEnvironments/Registry.cs:87)
System.Runtime.CompilerServices.RuntimeHelpers:RunClassConstructor (System.RuntimeTypeHandle)
UnityEditor.EditorAssemblies:ProcessInitializeOnLoadAttributes (System.Type[])

(Filename: ./Library/PackageCache/com.meta.xr.simulator@74.0.0/Editor/Utils.cs Line: 165)

[Synthetic Environments] got match start synth_env_server_extra_rooms.exe XRoom1_4
UnityEngine.StackTraceUtility:ExtractStackTrace ()
UnityEngine.DebugLogHandler:LogFormat (UnityEngine.LogType,UnityEngine.Object,string,object[])
UnityEngine.Logger:Log (UnityEngine.LogType,object)
UnityEngine.Debug:Log (object)
Meta.XR.Simulator.Utils:ReportInfo (string,string) (at ./Library/PackageCache/com.meta.xr.simulator@74.0.0/Editor/Utils.cs:165)
Meta.XR.Simulator.Editor.SyntheticEnvironments.Installer:ParseSynthEnvScript (string) (at ./Library/PackageCache/com.meta.xr.simulator@74.0.0/Editor/SyntheticEnvironments/Installer.cs:98)
Meta.XR.Simulator.Editor.SyntheticEnvironments.Installer:BuildSyntheticEnvironments () (at ./Library/PackageCache/com.meta.xr.simulator@74.0.0/Editor/SyntheticEnvironments/Installer.cs:76)
Meta.XR.Simulator.Editor.SyntheticEnvironments.Registry:RegisterSyntheticEnvironments () (at ./Library/PackageCache/com.meta.xr.simulator@74.0.0/Editor/SyntheticEnvironments/Registry.cs:97)
Meta.XR.Simulator.Editor.SyntheticEnvironments.Registry:.cctor () (at ./Library/PackageCache/com.meta.xr.simulator@74.0.0/Editor/SyntheticEnvironments/Registry.cs:87)
System.Runtime.CompilerServices.RuntimeHelpers:RunClassConstructor (System.RuntimeTypeHandle)
UnityEditor.EditorAssemblies:ProcessInitializeOnLoadAttributes (System.Type[])

(Filename: ./Library/PackageCache/com.meta.xr.simulator@74.0.0/Editor/Utils.cs Line: 165)

[Package Manager] Server::EnsureServerProcessIsRunning -- launch failed, reason: Unity was launched with the -noUpm command-line argument
[Package Manager] UpmClient::Send -- Unable to send message (not connected to UPM process).
[Package Manager] Cannot connect to Unity Package Manager local server
System.Reflection.TargetInvocationException: Exception has been thrown by the target of an invocation. ---> System.NullReferenceException: Object reference not set to an instance of an object
  at Unity.XR.Oculus.OculusLoader.AssetPathToAbsolutePath (System.String assetPath) [0x0003d] in .\Library\PackageCache\com.unity.xr.oculus@4.2.0\Runtime\OculusLoader.cs:298 
  at Unity.XR.Oculus.OculusLoader.EditorLoadOVRPlugin () [0x0008c] in .\Library\PackageCache\com.unity.xr.oculus@4.2.0\Runtime\OculusLoader.cs:283 
  at (wrapper managed-to-native) System.Reflection.RuntimeMethodInfo.InternalInvoke(System.Reflection.RuntimeMethodInfo,object,object[],System.Exception&)
  at System.Reflection.RuntimeMethodInfo.Invoke (System.Object obj, System.Reflection.BindingFlags invokeAttr, System.Reflection.Binder binder, System.Object[] parameters, System.Globalization.CultureInfo culture) [0x0006a] in <51fded79cd284d4d911c5949aff4cb21>:0 
   --- End of inner exception stack trace ---
  at System.Reflection.RuntimeMethodInfo.Invoke (System.Object obj, System.Reflection.BindingFlags invokeAttr, System.Reflection.Binder binder, System.Object[] parameters, System.Globalization.CultureInfo culture) [0x00083] in <51fded79cd284d4d911c5949aff4cb21>:0 
  at System.Reflection.MethodBase.Invoke (System.Object obj, System.Object[] parameters) [0x00000] in <51fded79cd284d4d911c5949aff4cb21>:0 
  at UnityEditor.EditorAssemblies.ProcessInitializeOnLoadMethodAttributes () [0x000a5] in <2201ab87e660427c974282df3bb3cf36>:0 
UnityEngine.StackTraceUtility:ExtractStackTrace ()
UnityEngine.DebugLogHandler:LogFormat (UnityEngine.LogType,UnityEngine.Object,string,object[])
UnityEngine.Logger:Log (UnityEngine.LogType,object)
UnityEngine.Debug:LogError (object)
UnityEditor.EditorAssemblies:ProcessInitializeOnLoadMethodAttributes ()

Mono: successfully reloaded assembly
[Package Manager] Server::EnsureServerProcessIsRunning -- launch failed, reason: Unity was launched with the -noUpm command-line argument
[Package Manager] UpmClient::Send -- Unable to send message (not connected to UPM process).
[Package Manager] Cannot connect to Unity Package Manager local server
- Finished resetting the current domain, in  1.397 seconds
Domain Reload Profiling: 2133ms
	BeginReloadAssembly (240ms)
		ExecutionOrderSort (0ms)
		DisableScriptedObjects (5ms)
		BackupInstance (0ms)
		ReleaseScriptingObjects (0ms)
		CreateAndSetChildDomain (57ms)
	RebuildCommonClasses (54ms)
	RebuildNativeTypeToScriptingClass (18ms)
	initialDomainReloadingComplete (38ms)
	LoadAllAssembliesAndSetupDomain (386ms)
		LoadAssemblies (468ms)
		RebuildTransferFunctionScriptingTraits (0ms)
		AnalyzeDomain (54ms)
			TypeCache.Refresh (32ms)
				TypeCache.ScanAssembly (0ms)
			ScanForSourceGeneratedMonoScriptInfo (0ms)
			ResolveRequiredComponents (21ms)
	FinalizeReload (1397ms)
		ReleaseScriptCaches (0ms)
		RebuildScriptCaches (0ms)
		SetupLoadedEditorAssemblies (875ms)
			LogAssemblyErrors (0ms)
			InitializePlatformSupportModulesInManaged (35ms)
			SetLoadedEditorAssemblies (9ms)
			RefreshPlugins (0ms)
			BeforeProcessingInitializeOnLoad (133ms)
			ProcessInitializeOnLoadAttributes (641ms)
			ProcessInitializeOnLoadMethodAttributes (42ms)
			AfterProcessingInitializeOnLoad (16ms)
			EditorAssembliesLoaded (0ms)
		ExecutionOrderSort2 (0ms)
		AwakeInstancesAfterBackupRestoration (11ms)
Shader 'Oculus/OVRMRCameraFrameLit': fallback shader 'Alpha-Diffuse' not found
Shader 'Meta/MRUK/Scene/HighlightsAndShadows': fallback shader 'Off' not found
Refreshing native plugins compatible for Editor in 28.87 ms, found 10 plugins.
Preloading 3 native plugins for Editor in 0.38 ms.
Unloading 3057 Unused Serialized files (Serialized files now loaded: 0)
Unloading 52 unused Assets / (450.8 KB). Loaded Objects now: 3645.
Memory consumption went from 143.2 MB to 142.8 MB.
Total: 14.445200 ms (FindLiveObjects: 0.451200 ms CreateObjectMapping: 0.153400 ms MarkObjects: 13.451200 ms  DeleteObjects: 0.388600 ms)

Prepare: number of updated asset objects reloaded= 0
AssetImportParameters requested are different than current active one (requested -> active):
  custom:video-decoder-webm-vp8: 9c59270c3fd7afecdb556c50c9e8de78 -> 
  custom:SearchIndexIgnoredProperties: e643bd26f0fe6173181afceb89e7c659 -> 
  custom:container-demuxer-ogg: 62fdf1f143b41e24485cea50d1cbac27 -> 
  custom:AudioImporter_EditorPlatform: d09bf68614088b80899f8185d706f6e7 -> 
  custom:video-codec-MediaFoundation-h265: 746d11721c4dcdbdad8f713fa42b33f4 -> 
  custom:video-decoder-ogg-theora: a1e56fd34408186e4bbccfd4996cb3dc -> 
  custom:framework-win-MediaFoundation: 216162199b28c13a410421893ffa2e32 -> 
  custom:video-encoder-webm-vp8: eb34c28f22e8b96e1ab97ce403110664 -> 
  custom:audio-decoder-ogg-vorbis: bf7c407c2cedff20999df2af8eb42d56 -> 
  custom:CustomObjectIndexerAttribute: 9a22284fe3817be447336de3de66b15e -> 
  custom:container-demuxer-webm: 4f35f7cbe854078d1ac9338744f61a02 -> 
  custom:audio-encoder-webm-vorbis: bf7c407c2cedff20999df2af8eb42d56 -> 
  custom:container-muxer-webm: aa71ff27fc2769a1b78a27578f13a17b -> 
========================================================================
Received Prepare
Begin MonoManager ReloadAssembly
Symbol file LoadedFromMemory is not a mono symbol file
- Loaded All Assemblies, in  0.696 seconds
Refreshing native plugins compatible for Editor in 17.90 ms, found 10 plugins.
Native extension for WindowsStandalone target not found
Native extension for Android target not found
[Package Manager] Server::EnsureServerProcessIsRunning -- launch failed, reason: Unity was launched with the -noUpm command-line argument
[Package Manager] UpmClient::Send -- Unable to send message (not connected to UPM process).
[Package Manager] Cannot connect to Unity Package Manager local server
[Package Manager] Server::EnsureServerProcessIsRunning -- launch failed, reason: Unity was launched with the -noUpm command-line argument
[Package Manager] UpmClient::Send -- Unable to send message (not connected to UPM process).
[Package Manager] Cannot connect to Unity Package Manager local server
[Synthetic Environments] got match start synth_env_server.exe Bedroom
UnityEngine.StackTraceUtility:ExtractStackTrace ()
UnityEngine.DebugLogHandler:LogFormat (UnityEngine.LogType,UnityEngine.Object,string,object[])
UnityEngine.Logger:Log (UnityEngine.LogType,object)
UnityEngine.Debug:Log (object)
Meta.XR.Simulator.Utils:ReportInfo (string,string) (at ./Library/PackageCache/com.meta.xr.simulator@74.0.0/Editor/Utils.cs:165)
Meta.XR.Simulator.Editor.SyntheticEnvironments.Installer:ParseSynthEnvScript (string) (at ./Library/PackageCache/com.meta.xr.simulator@74.0.0/Editor/SyntheticEnvironments/Installer.cs:98)
Meta.XR.Simulator.Editor.SyntheticEnvironments.Installer:BuildSyntheticEnvironments () (at ./Library/PackageCache/com.meta.xr.simulator@74.0.0/Editor/SyntheticEnvironments/Installer.cs:76)
Meta.XR.Simulator.Editor.SyntheticEnvironments.Registry:RegisterSyntheticEnvironments () (at ./Library/PackageCache/com.meta.xr.simulator@74.0.0/Editor/SyntheticEnvironments/Registry.cs:97)
Meta.XR.Simulator.Editor.SyntheticEnvironments.Registry:.cctor () (at ./Library/PackageCache/com.meta.xr.simulator@74.0.0/Editor/SyntheticEnvironments/Registry.cs:87)
System.Runtime.CompilerServices.RuntimeHelpers:RunClassConstructor (System.RuntimeTypeHandle)
UnityEditor.EditorAssemblies:ProcessInitializeOnLoadAttributes (System.Type[])

(Filename: ./Library/PackageCache/com.meta.xr.simulator@74.0.0/Editor/Utils.cs Line: 165)

[Synthetic Environments] got match start synth_env_server.exe GameRoom
UnityEngine.StackTraceUtility:ExtractStackTrace ()
UnityEngine.DebugLogHandler:LogFormat (UnityEngine.LogType,UnityEngine.Object,string,object[])
UnityEngine.Logger:Log (UnityEngine.LogType,object)
UnityEngine.Debug:Log (object)
Meta.XR.Simulator.Utils:ReportInfo (string,string) (at ./Library/PackageCache/com.meta.xr.simulator@74.0.0/Editor/Utils.cs:165)
Meta.XR.Simulator.Editor.SyntheticEnvironments.Installer:ParseSynthEnvScript (string) (at ./Library/PackageCache/com.meta.xr.simulator@74.0.0/Editor/SyntheticEnvironments/Installer.cs:98)
Meta.XR.Simulator.Editor.SyntheticEnvironments.Installer:BuildSyntheticEnvironments () (at ./Library/PackageCache/com.meta.xr.simulator@74.0.0/Editor/SyntheticEnvironments/Installer.cs:76)
Meta.XR.Simulator.Editor.SyntheticEnvironments.Registry:RegisterSyntheticEnvironments () (at ./Library/PackageCache/com.meta.xr.simulator@74.0.0/Editor/SyntheticEnvironments/Registry.cs:97)
Meta.XR.Simulator.Editor.SyntheticEnvironments.Registry:.cctor () (at ./Library/PackageCache/com.meta.xr.simulator@74.0.0/Editor/SyntheticEnvironments/Registry.cs:87)
System.Runtime.CompilerServices.RuntimeHelpers:RunClassConstructor (System.RuntimeTypeHandle)
UnityEditor.EditorAssemblies:ProcessInitializeOnLoadAttributes (System.Type[])

(Filename: ./Library/PackageCache/com.meta.xr.simulator@74.0.0/Editor/Utils.cs Line: 165)

[Synthetic Environments] got match start synth_env_server.exe LivingRoom
UnityEngine.StackTraceUtility:ExtractStackTrace ()
UnityEngine.DebugLogHandler:LogFormat (UnityEngine.LogType,UnityEngine.Object,string,object[])
UnityEngine.Logger:Log (UnityEngine.LogType,object)
UnityEngine.Debug:Log (object)
Meta.XR.Simulator.Utils:ReportInfo (string,string) (at ./Library/PackageCache/com.meta.xr.simulator@74.0.0/Editor/Utils.cs:165)
Meta.XR.Simulator.Editor.SyntheticEnvironments.Installer:ParseSynthEnvScript (string) (at ./Library/PackageCache/com.meta.xr.simulator@74.0.0/Editor/SyntheticEnvironments/Installer.cs:98)
Meta.XR.Simulator.Editor.SyntheticEnvironments.Installer:BuildSyntheticEnvironments () (at ./Library/PackageCache/com.meta.xr.simulator@74.0.0/Editor/SyntheticEnvironments/Installer.cs:76)
Meta.XR.Simulator.Editor.SyntheticEnvironments.Registry:RegisterSyntheticEnvironments () (at ./Library/PackageCache/com.meta.xr.simulator@74.0.0/Editor/SyntheticEnvironments/Registry.cs:97)
Meta.XR.Simulator.Editor.SyntheticEnvironments.Registry:.cctor () (at ./Library/PackageCache/com.meta.xr.simulator@74.0.0/Editor/SyntheticEnvironments/Registry.cs:87)
System.Runtime.CompilerServices.RuntimeHelpers:RunClassConstructor (System.RuntimeTypeHandle)
UnityEditor.EditorAssemblies:ProcessInitializeOnLoadAttributes (System.Type[])

(Filename: ./Library/PackageCache/com.meta.xr.simulator@74.0.0/Editor/Utils.cs Line: 165)

[Synthetic Environments] got match start synth_env_server_extra_rooms.exe XRoom2_3
UnityEngine.StackTraceUtility:ExtractStackTrace ()
UnityEngine.DebugLogHandler:LogFormat (UnityEngine.LogType,UnityEngine.Object,string,object[])
UnityEngine.Logger:Log (UnityEngine.LogType,object)
UnityEngine.Debug:Log (object)
Meta.XR.Simulator.Utils:ReportInfo (string,string) (at ./Library/PackageCache/com.meta.xr.simulator@74.0.0/Editor/Utils.cs:165)
Meta.XR.Simulator.Editor.SyntheticEnvironments.Installer:ParseSynthEnvScript (string) (at ./Library/PackageCache/com.meta.xr.simulator@74.0.0/Editor/SyntheticEnvironments/Installer.cs:98)
Meta.XR.Simulator.Editor.SyntheticEnvironments.Installer:BuildSyntheticEnvironments () (at ./Library/PackageCache/com.meta.xr.simulator@74.0.0/Editor/SyntheticEnvironments/Installer.cs:76)
Meta.XR.Simulator.Editor.SyntheticEnvironments.Registry:RegisterSyntheticEnvironments () (at ./Library/PackageCache/com.meta.xr.simulator@74.0.0/Editor/SyntheticEnvironments/Registry.cs:97)
Meta.XR.Simulator.Editor.SyntheticEnvironments.Registry:.cctor () (at ./Library/PackageCache/com.meta.xr.simulator@74.0.0/Editor/SyntheticEnvironments/Registry.cs:87)
System.Runtime.CompilerServices.RuntimeHelpers:RunClassConstructor (System.RuntimeTypeHandle)
UnityEditor.EditorAssemblies:ProcessInitializeOnLoadAttributes (System.Type[])

(Filename: ./Library/PackageCache/com.meta.xr.simulator@74.0.0/Editor/Utils.cs Line: 165)

[Synthetic Environments] got match start synth_env_server_extra_rooms.exe XRoom2_4
UnityEngine.StackTraceUtility:ExtractStackTrace ()
UnityEngine.DebugLogHandler:LogFormat (UnityEngine.LogType,UnityEngine.Object,string,object[])
UnityEngine.Logger:Log (UnityEngine.LogType,object)
UnityEngine.Debug:Log (object)
Meta.XR.Simulator.Utils:ReportInfo (string,string) (at ./Library/PackageCache/com.meta.xr.simulator@74.0.0/Editor/Utils.cs:165)
Meta.XR.Simulator.Editor.SyntheticEnvironments.Installer:ParseSynthEnvScript (string) (at ./Library/PackageCache/com.meta.xr.simulator@74.0.0/Editor/SyntheticEnvironments/Installer.cs:98)
Meta.XR.Simulator.Editor.SyntheticEnvironments.Installer:BuildSyntheticEnvironments () (at ./Library/PackageCache/com.meta.xr.simulator@74.0.0/Editor/SyntheticEnvironments/Installer.cs:76)
Meta.XR.Simulator.Editor.SyntheticEnvironments.Registry:RegisterSyntheticEnvironments () (at ./Library/PackageCache/com.meta.xr.simulator@74.0.0/Editor/SyntheticEnvironments/Registry.cs:97)
Meta.XR.Simulator.Editor.SyntheticEnvironments.Registry:.cctor () (at ./Library/PackageCache/com.meta.xr.simulator@74.0.0/Editor/SyntheticEnvironments/Registry.cs:87)
System.Runtime.CompilerServices.RuntimeHelpers:RunClassConstructor (System.RuntimeTypeHandle)
UnityEditor.EditorAssemblies:ProcessInitializeOnLoadAttributes (System.Type[])

(Filename: ./Library/PackageCache/com.meta.xr.simulator@74.0.0/Editor/Utils.cs Line: 165)

[Synthetic Environments] got match start synth_env_server_extra_rooms.exe XRoom5_6
UnityEngine.StackTraceUtility:ExtractStackTrace ()
UnityEngine.DebugLogHandler:LogFormat (UnityEngine.LogType,UnityEngine.Object,string,object[])
UnityEngine.Logger:Log (UnityEngine.LogType,object)
UnityEngine.Debug:Log (object)
Meta.XR.Simulator.Utils:ReportInfo (string,string) (at ./Library/PackageCache/com.meta.xr.simulator@74.0.0/Editor/Utils.cs:165)
Meta.XR.Simulator.Editor.SyntheticEnvironments.Installer:ParseSynthEnvScript (string) (at ./Library/PackageCache/com.meta.xr.simulator@74.0.0/Editor/SyntheticEnvironments/Installer.cs:98)
Meta.XR.Simulator.Editor.SyntheticEnvironments.Installer:BuildSyntheticEnvironments () (at ./Library/PackageCache/com.meta.xr.simulator@74.0.0/Editor/SyntheticEnvironments/Installer.cs:76)
Meta.XR.Simulator.Editor.SyntheticEnvironments.Registry:RegisterSyntheticEnvironments () (at ./Library/PackageCache/com.meta.xr.simulator@74.0.0/Editor/SyntheticEnvironments/Registry.cs:97)
Meta.XR.Simulator.Editor.SyntheticEnvironments.Registry:.cctor () (at ./Library/PackageCache/com.meta.xr.simulator@74.0.0/Editor/SyntheticEnvironments/Registry.cs:87)
System.Runtime.CompilerServices.RuntimeHelpers:RunClassConstructor (System.RuntimeTypeHandle)
UnityEditor.EditorAssemblies:ProcessInitializeOnLoadAttributes (System.Type[])

(Filename: ./Library/PackageCache/com.meta.xr.simulator@74.0.0/Editor/Utils.cs Line: 165)

[Synthetic Environments] got match start synth_env_server_extra_rooms.exe XRoom5_1
UnityEngine.StackTraceUtility:ExtractStackTrace ()
UnityEngine.DebugLogHandler:LogFormat (UnityEngine.LogType,UnityEngine.Object,string,object[])
UnityEngine.Logger:Log (UnityEngine.LogType,object)
UnityEngine.Debug:Log (object)
Meta.XR.Simulator.Utils:ReportInfo (string,string) (at ./Library/PackageCache/com.meta.xr.simulator@74.0.0/Editor/Utils.cs:165)
Meta.XR.Simulator.Editor.SyntheticEnvironments.Installer:ParseSynthEnvScript (string) (at ./Library/PackageCache/com.meta.xr.simulator@74.0.0/Editor/SyntheticEnvironments/Installer.cs:98)
Meta.XR.Simulator.Editor.SyntheticEnvironments.Installer:BuildSyntheticEnvironments () (at ./Library/PackageCache/com.meta.xr.simulator@74.0.0/Editor/SyntheticEnvironments/Installer.cs:76)
Meta.XR.Simulator.Editor.SyntheticEnvironments.Registry:RegisterSyntheticEnvironments () (at ./Library/PackageCache/com.meta.xr.simulator@74.0.0/Editor/SyntheticEnvironments/Registry.cs:97)
Meta.XR.Simulator.Editor.SyntheticEnvironments.Registry:.cctor () (at ./Library/PackageCache/com.meta.xr.simulator@74.0.0/Editor/SyntheticEnvironments/Registry.cs:87)
System.Runtime.CompilerServices.RuntimeHelpers:RunClassConstructor (System.RuntimeTypeHandle)
UnityEditor.EditorAssemblies:ProcessInitializeOnLoadAttributes (System.Type[])

(Filename: ./Library/PackageCache/com.meta.xr.simulator@74.0.0/Editor/Utils.cs Line: 165)

[Synthetic Environments] got match start synth_env_server_extra_rooms.exe XRoom3_1
UnityEngine.StackTraceUtility:ExtractStackTrace ()
UnityEngine.DebugLogHandler:LogFormat (UnityEngine.LogType,UnityEngine.Object,string,object[])
UnityEngine.Logger:Log (UnityEngine.LogType,object)
UnityEngine.Debug:Log (object)
Meta.XR.Simulator.Utils:ReportInfo (string,string) (at ./Library/PackageCache/com.meta.xr.simulator@74.0.0/Editor/Utils.cs:165)
Meta.XR.Simulator.Editor.SyntheticEnvironments.Installer:ParseSynthEnvScript (string) (at ./Library/PackageCache/com.meta.xr.simulator@74.0.0/Editor/SyntheticEnvironments/Installer.cs:98)
Meta.XR.Simulator.Editor.SyntheticEnvironments.Installer:BuildSyntheticEnvironments () (at ./Library/PackageCache/com.meta.xr.simulator@74.0.0/Editor/SyntheticEnvironments/Installer.cs:76)
Meta.XR.Simulator.Editor.SyntheticEnvironments.Registry:RegisterSyntheticEnvironments () (at ./Library/PackageCache/com.meta.xr.simulator@74.0.0/Editor/SyntheticEnvironments/Registry.cs:97)
Meta.XR.Simulator.Editor.SyntheticEnvironments.Registry:.cctor () (at ./Library/PackageCache/com.meta.xr.simulator@74.0.0/Editor/SyntheticEnvironments/Registry.cs:87)
System.Runtime.CompilerServices.RuntimeHelpers:RunClassConstructor (System.RuntimeTypeHandle)
UnityEditor.EditorAssemblies:ProcessInitializeOnLoadAttributes (System.Type[])

(Filename: ./Library/PackageCache/com.meta.xr.simulator@74.0.0/Editor/Utils.cs Line: 165)

[Synthetic Environments] got match start synth_env_server_extra_rooms.exe XRoom1_2
UnityEngine.StackTraceUtility:ExtractStackTrace ()
UnityEngine.DebugLogHandler:LogFormat (UnityEngine.LogType,UnityEngine.Object,string,object[])
UnityEngine.Logger:Log (UnityEngine.LogType,object)
UnityEngine.Debug:Log (object)
Meta.XR.Simulator.Utils:ReportInfo (string,string) (at ./Library/PackageCache/com.meta.xr.simulator@74.0.0/Editor/Utils.cs:165)
Meta.XR.Simulator.Editor.SyntheticEnvironments.Installer:ParseSynthEnvScript (string) (at ./Library/PackageCache/com.meta.xr.simulator@74.0.0/Editor/SyntheticEnvironments/Installer.cs:98)
Meta.XR.Simulator.Editor.SyntheticEnvironments.Installer:BuildSyntheticEnvironments () (at ./Library/PackageCache/com.meta.xr.simulator@74.0.0/Editor/SyntheticEnvironments/Installer.cs:76)
Meta.XR.Simulator.Editor.SyntheticEnvironments.Registry:RegisterSyntheticEnvironments () (at ./Library/PackageCache/com.meta.xr.simulator@74.0.0/Editor/SyntheticEnvironments/Registry.cs:97)
Meta.XR.Simulator.Editor.SyntheticEnvironments.Registry:.cctor () (at ./Library/PackageCache/com.meta.xr.simulator@74.0.0/Editor/SyntheticEnvironments/Registry.cs:87)
System.Runtime.CompilerServices.RuntimeHelpers:RunClassConstructor (System.RuntimeTypeHandle)
UnityEditor.EditorAssemblies:ProcessInitializeOnLoadAttributes (System.Type[])

(Filename: ./Library/PackageCache/com.meta.xr.simulator@74.0.0/Editor/Utils.cs Line: 165)

[Synthetic Environments] got match start synth_env_server_extra_rooms.exe XRoom1_1
UnityEngine.StackTraceUtility:ExtractStackTrace ()
UnityEngine.DebugLogHandler:LogFormat (UnityEngine.LogType,UnityEngine.Object,string,object[])
UnityEngine.Logger:Log (UnityEngine.LogType,object)
UnityEngine.Debug:Log (object)
Meta.XR.Simulator.Utils:ReportInfo (string,string) (at ./Library/PackageCache/com.meta.xr.simulator@74.0.0/Editor/Utils.cs:165)
Meta.XR.Simulator.Editor.SyntheticEnvironments.Installer:ParseSynthEnvScript (string) (at ./Library/PackageCache/com.meta.xr.simulator@74.0.0/Editor/SyntheticEnvironments/Installer.cs:98)
Meta.XR.Simulator.Editor.SyntheticEnvironments.Installer:BuildSyntheticEnvironments () (at ./Library/PackageCache/com.meta.xr.simulator@74.0.0/Editor/SyntheticEnvironments/Installer.cs:76)
Meta.XR.Simulator.Editor.SyntheticEnvironments.Registry:RegisterSyntheticEnvironments () (at ./Library/PackageCache/com.meta.xr.simulator@74.0.0/Editor/SyntheticEnvironments/Registry.cs:97)
Meta.XR.Simulator.Editor.SyntheticEnvironments.Registry:.cctor () (at ./Library/PackageCache/com.meta.xr.simulator@74.0.0/Editor/SyntheticEnvironments/Registry.cs:87)
System.Runtime.CompilerServices.RuntimeHelpers:RunClassConstructor (System.RuntimeTypeHandle)
UnityEditor.EditorAssemblies:ProcessInitializeOnLoadAttributes (System.Type[])

(Filename: ./Library/PackageCache/com.meta.xr.simulator@74.0.0/Editor/Utils.cs Line: 165)

[Synthetic Environments] got match start synth_env_server_extra_rooms.exe XRoom1_4
UnityEngine.StackTraceUtility:ExtractStackTrace ()
UnityEngine.DebugLogHandler:LogFormat (UnityEngine.LogType,UnityEngine.Object,string,object[])
UnityEngine.Logger:Log (UnityEngine.LogType,object)
UnityEngine.Debug:Log (object)
Meta.XR.Simulator.Utils:ReportInfo (string,string) (at ./Library/PackageCache/com.meta.xr.simulator@74.0.0/Editor/Utils.cs:165)
Meta.XR.Simulator.Editor.SyntheticEnvironments.Installer:ParseSynthEnvScript (string) (at ./Library/PackageCache/com.meta.xr.simulator@74.0.0/Editor/SyntheticEnvironments/Installer.cs:98)
Meta.XR.Simulator.Editor.SyntheticEnvironments.Installer:BuildSyntheticEnvironments () (at ./Library/PackageCache/com.meta.xr.simulator@74.0.0/Editor/SyntheticEnvironments/Installer.cs:76)
Meta.XR.Simulator.Editor.SyntheticEnvironments.Registry:RegisterSyntheticEnvironments () (at ./Library/PackageCache/com.meta.xr.simulator@74.0.0/Editor/SyntheticEnvironments/Registry.cs:97)
Meta.XR.Simulator.Editor.SyntheticEnvironments.Registry:.cctor () (at ./Library/PackageCache/com.meta.xr.simulator@74.0.0/Editor/SyntheticEnvironments/Registry.cs:87)
System.Runtime.CompilerServices.RuntimeHelpers:RunClassConstructor (System.RuntimeTypeHandle)
UnityEditor.EditorAssemblies:ProcessInitializeOnLoadAttributes (System.Type[])

(Filename: ./Library/PackageCache/com.meta.xr.simulator@74.0.0/Editor/Utils.cs Line: 165)

[Package Manager] Server::EnsureServerProcessIsRunning -- launch failed, reason: Unity was launched with the -noUpm command-line argument
[Package Manager] UpmClient::Send -- Unable to send message (not connected to UPM process).
[Package Manager] Cannot connect to Unity Package Manager local server
System.Reflection.TargetInvocationException: Exception has been thrown by the target of an invocation. ---> System.NullReferenceException: Object reference not set to an instance of an object
  at Unity.XR.Oculus.OculusLoader.AssetPathToAbsolutePath (System.String assetPath) [0x0003d] in .\Library\PackageCache\com.unity.xr.oculus@4.2.0\Runtime\OculusLoader.cs:298 
  at Unity.XR.Oculus.OculusLoader.EditorLoadOVRPlugin () [0x0008c] in .\Library\PackageCache\com.unity.xr.oculus@4.2.0\Runtime\OculusLoader.cs:283 
  at (wrapper managed-to-native) System.Reflection.RuntimeMethodInfo.InternalInvoke(System.Reflection.RuntimeMethodInfo,object,object[],System.Exception&)
  at System.Reflection.RuntimeMethodInfo.Invoke (System.Object obj, System.Reflection.BindingFlags invokeAttr, System.Reflection.Binder binder, System.Object[] parameters, System.Globalization.CultureInfo culture) [0x0006a] in <51fded79cd284d4d911c5949aff4cb21>:0 
   --- End of inner exception stack trace ---
  at System.Reflection.RuntimeMethodInfo.Invoke (System.Object obj, System.Reflection.BindingFlags invokeAttr, System.Reflection.Binder binder, System.Object[] parameters, System.Globalization.CultureInfo culture) [0x00083] in <51fded79cd284d4d911c5949aff4cb21>:0 
  at System.Reflection.MethodBase.Invoke (System.Object obj, System.Object[] parameters) [0x00000] in <51fded79cd284d4d911c5949aff4cb21>:0 
  at UnityEditor.EditorAssemblies.ProcessInitializeOnLoadMethodAttributes () [0x000a5] in <2201ab87e660427c974282df3bb3cf36>:0 
UnityEngine.StackTraceUtility:ExtractStackTrace ()
UnityEngine.DebugLogHandler:LogFormat (UnityEngine.LogType,UnityEngine.Object,string,object[])
UnityEngine.Logger:Log (UnityEngine.LogType,object)
UnityEngine.Debug:LogError (object)
UnityEditor.EditorAssemblies:ProcessInitializeOnLoadMethodAttributes ()

Mono: successfully reloaded assembly
[Package Manager] Server::EnsureServerProcessIsRunning -- launch failed, reason: Unity was launched with the -noUpm command-line argument
[Package Manager] UpmClient::Send -- Unable to send message (not connected to UPM process).
[Package Manager] Cannot connect to Unity Package Manager local server
- Finished resetting the current domain, in  1.384 seconds
Domain Reload Profiling: 2068ms
	BeginReloadAssembly (231ms)
		ExecutionOrderSort (0ms)
		DisableScriptedObjects (6ms)
		BackupInstance (0ms)
		ReleaseScriptingObjects (0ms)
		CreateAndSetChildDomain (50ms)
	RebuildCommonClasses (55ms)
	RebuildNativeTypeToScriptingClass (16ms)
	initialDomainReloadingComplete (43ms)
	LoadAllAssembliesAndSetupDomain (339ms)
		LoadAssemblies (420ms)
		RebuildTransferFunctionScriptingTraits (0ms)
		AnalyzeDomain (49ms)
			TypeCache.Refresh (28ms)
				TypeCache.ScanAssembly (0ms)
			ScanForSourceGeneratedMonoScriptInfo (0ms)
			ResolveRequiredComponents (20ms)
	FinalizeReload (1385ms)
		ReleaseScriptCaches (0ms)
		RebuildScriptCaches (0ms)
		SetupLoadedEditorAssemblies (853ms)
			LogAssemblyErrors (0ms)
			InitializePlatformSupportModulesInManaged (33ms)
			SetLoadedEditorAssemblies (9ms)
			RefreshPlugins (0ms)
			BeforeProcessingInitializeOnLoad (137ms)
			ProcessInitializeOnLoadAttributes (601ms)
			ProcessInitializeOnLoadMethodAttributes (44ms)
			AfterProcessingInitializeOnLoad (29ms)
			EditorAssembliesLoaded (1ms)
		ExecutionOrderSort2 (0ms)
		AwakeInstancesAfterBackupRestoration (9ms)
Shader 'Oculus/OVRMRCameraFrameLit': fallback shader 'Alpha-Diffuse' not found
Shader 'Meta/MRUK/Scene/HighlightsAndShadows': fallback shader 'Off' not found
Refreshing native plugins compatible for Editor in 31.40 ms, found 10 plugins.
Preloading 3 native plugins for Editor in 1.74 ms.
Unloading 3057 Unused Serialized files (Serialized files now loaded: 0)
Unloading 52 unused Assets / (442.8 KB). Loaded Objects now: 3646.
Memory consumption went from 143.2 MB to 142.8 MB.
Total: 16.889300 ms (FindLiveObjects: 0.493300 ms CreateObjectMapping: 0.185400 ms MarkObjects: 15.781300 ms  DeleteObjects: 0.428400 ms)

Prepare: number of updated asset objects reloaded= 0
AssetImportParameters requested are different than current active one (requested -> active):
  custom:video-decoder-webm-vp8: 9c59270c3fd7afecdb556c50c9e8de78 -> 
  custom:SearchIndexIgnoredProperties: e643bd26f0fe6173181afceb89e7c659 -> 
  custom:container-demuxer-ogg: 62fdf1f143b41e24485cea50d1cbac27 -> 
  custom:AudioImporter_EditorPlatform: d09bf68614088b80899f8185d706f6e7 -> 
  custom:video-codec-MediaFoundation-h265: 746d11721c4dcdbdad8f713fa42b33f4 -> 
  custom:video-decoder-ogg-theora: a1e56fd34408186e4bbccfd4996cb3dc -> 
  custom:framework-win-MediaFoundation: 216162199b28c13a410421893ffa2e32 -> 
  custom:video-encoder-webm-vp8: eb34c28f22e8b96e1ab97ce403110664 -> 
  custom:audio-decoder-ogg-vorbis: bf7c407c2cedff20999df2af8eb42d56 -> 
  custom:CustomObjectIndexerAttribute: 9a22284fe3817be447336de3de66b15e -> 
  custom:container-demuxer-webm: 4f35f7cbe854078d1ac9338744f61a02 -> 
  custom:audio-encoder-webm-vorbis: bf7c407c2cedff20999df2af8eb42d56 -> 
  custom:container-muxer-webm: aa71ff27fc2769a1b78a27578f13a17b -> 
========================================================================
Received Import Request.
  Time since last request: 3163.226076 seconds.
  path: Packages/com.meta.xr.mrutilitykit/Core/Materials/ORANGE_Lamp.mat
  artifactKey: Guid(5f29396426b8b4d4990fdf2b26ea041b) Importer(815301076,1909f56bfc062723c751e8b465ee728b)
Start importing Packages/com.meta.xr.mrutilitykit/Core/Materials/ORANGE_Lamp.mat using Guid(5f29396426b8b4d4990fdf2b26ea041b) Importer(815301076,1909f56bfc062723c751e8b465ee728b) [PhysX] Initialized MultithreadedTaskDispatcher with 16 workers.
[PhysX] Initialized MultithreadedTaskDispatcher with 16 workers.
 -> (artifact id: 'eed8c7ce0ba599f78c9d78c71e6536eb') in 0.320407 seconds
Number of updated asset objects reloaded before import = 0
Number of asset objects unloaded after import = 1
========================================================================
Received Import Request.
  Time since last request: 0.000099 seconds.
  path: Packages/com.meta.xr.mrutilitykit/Core/Materials/PassthroughReveal.mat
  artifactKey: Guid(99aa48f6e9db4453e840646a3c567c72) Importer(815301076,1909f56bfc062723c751e8b465ee728b)
Start importing Packages/com.meta.xr.mrutilitykit/Core/Materials/PassthroughReveal.mat using Guid(99aa48f6e9db4453e840646a3c567c72) Importer(815301076,1909f56bfc062723c751e8b465ee728b) [PhysX] Initialized MultithreadedTaskDispatcher with 16 workers.
[PhysX] Initialized MultithreadedTaskDispatcher with 16 workers.
 -> (artifact id: '93135e8569a4c5edea9a1d4c1152eff4') in 0.056753 seconds
Number of updated asset objects reloaded before import = 0
Number of asset objects unloaded after import = 1
========================================================================
Received Import Request.
  Time since last request: 0.000017 seconds.
  path: Packages/com.meta.xr.mrutilitykit/Core/Materials/PURPLE_Storage.mat
  artifactKey: Guid(a562ffd4b316bfc42b9e096d2e801cf9) Importer(815301076,1909f56bfc062723c751e8b465ee728b)
Start importing Packages/com.meta.xr.mrutilitykit/Core/Materials/PURPLE_Storage.mat using Guid(a562ffd4b316bfc42b9e096d2e801cf9) Importer(815301076,1909f56bfc062723c751e8b465ee728b) [PhysX] Initialized MultithreadedTaskDispatcher with 16 workers.
[PhysX] Initialized MultithreadedTaskDispatcher with 16 workers.
 -> (artifact id: '4206f0473a3e862347ccbcc4fe9881cb') in 0.375098 seconds
Number of updated asset objects reloaded before import = 0
Number of asset objects unloaded after import = 1
========================================================================
Received Import Request.
  Time since last request: 0.000019 seconds.
  path: Packages/com.meta.xr.mrutilitykit/Core/Materials/UnlitLightGreen.mat
  artifactKey: Guid(8452a5529445daa4bb10d312e57d523d) Importer(815301076,1909f56bfc062723c751e8b465ee728b)
Start importing Packages/com.meta.xr.mrutilitykit/Core/Materials/UnlitLightGreen.mat using Guid(8452a5529445daa4bb10d312e57d523d) Importer(815301076,1909f56bfc062723c751e8b465ee728b) [PhysX] Initialized MultithreadedTaskDispatcher with 16 workers.
[PhysX] Initialized MultithreadedTaskDispatcher with 16 workers.
 -> (artifact id: 'b842cafd1e6427b015857e1e1826a4f8') in 0.009353 seconds
Number of updated asset objects reloaded before import = 0
Number of asset objects unloaded after import = 1
========================================================================
Received Import Request.
  Time since last request: 0.000026 seconds.
  path: Packages/com.meta.xr.mrutilitykit/Core/Materials/UnlitBlue.mat
  artifactKey: Guid(2be571a1c044c4c67a9c5da5ab769083) Importer(815301076,1909f56bfc062723c751e8b465ee728b)
Start importing Packages/com.meta.xr.mrutilitykit/Core/Materials/UnlitBlue.mat using Guid(2be571a1c044c4c67a9c5da5ab769083) Importer(815301076,1909f56bfc062723c751e8b465ee728b) [PhysX] Initialized MultithreadedTaskDispatcher with 16 workers.
[PhysX] Initialized MultithreadedTaskDispatcher with 16 workers.
 -> (artifact id: 'e186502ef25e6e7572e30cb11dabe53e') in 0.009745 seconds
Number of updated asset objects reloaded before import = 0
Number of asset objects unloaded after import = 1
========================================================================
Received Import Request.
  Time since last request: 4.531589 seconds.
  path: Packages/com.meta.xr.mrutilitykit/Core/Materials/VertexFadedPassthrough.mat
  artifactKey: Guid(db9126a78677d423d95284c7b1efa665) Importer(815301076,1909f56bfc062723c751e8b465ee728b)
Start importing Packages/com.meta.xr.mrutilitykit/Core/Materials/VertexFadedPassthrough.mat using Guid(db9126a78677d423d95284c7b1efa665) Importer(815301076,1909f56bfc062723c751e8b465ee728b) [PhysX] Initialized MultithreadedTaskDispatcher with 16 workers.
[PhysX] Initialized MultithreadedTaskDispatcher with 16 workers.
 -> (artifact id: 'd7f9d714d13fb695e9b7c2b68018cb24') in 0.081283 seconds
Number of updated asset objects reloaded before import = 0
Number of asset objects unloaded after import = 1
========================================================================
Received Prepare
Begin MonoManager ReloadAssembly
Symbol file LoadedFromMemory is not a mono symbol file
- Loaded All Assemblies, in  0.928 seconds
Refreshing native plugins compatible for Editor in 33.24 ms, found 10 plugins.
Native extension for WindowsStandalone target not found
Native extension for Android target not found
[Package Manager] Server::EnsureServerProcessIsRunning -- launch failed, reason: Unity was launched with the -noUpm command-line argument
[Package Manager] UpmClient::Send -- Unable to send message (not connected to UPM process).
[Package Manager] Cannot connect to Unity Package Manager local server
[Package Manager] Server::EnsureServerProcessIsRunning -- launch failed, reason: Unity was launched with the -noUpm command-line argument
[Package Manager] UpmClient::Send -- Unable to send message (not connected to UPM process).
[Package Manager] Cannot connect to Unity Package Manager local server
[Synthetic Environments] got match start synth_env_server.exe Bedroom
UnityEngine.StackTraceUtility:ExtractStackTrace ()
UnityEngine.DebugLogHandler:LogFormat (UnityEngine.LogType,UnityEngine.Object,string,object[])
UnityEngine.Logger:Log (UnityEngine.LogType,object)
UnityEngine.Debug:Log (object)
Meta.XR.Simulator.Utils:ReportInfo (string,string) (at ./Library/PackageCache/com.meta.xr.simulator@74.0.0/Editor/Utils.cs:165)
Meta.XR.Simulator.Editor.SyntheticEnvironments.Installer:ParseSynthEnvScript (string) (at ./Library/PackageCache/com.meta.xr.simulator@74.0.0/Editor/SyntheticEnvironments/Installer.cs:98)
Meta.XR.Simulator.Editor.SyntheticEnvironments.Installer:BuildSyntheticEnvironments () (at ./Library/PackageCache/com.meta.xr.simulator@74.0.0/Editor/SyntheticEnvironments/Installer.cs:76)
Meta.XR.Simulator.Editor.SyntheticEnvironments.Registry:RegisterSyntheticEnvironments () (at ./Library/PackageCache/com.meta.xr.simulator@74.0.0/Editor/SyntheticEnvironments/Registry.cs:97)
Meta.XR.Simulator.Editor.SyntheticEnvironments.Registry:.cctor () (at ./Library/PackageCache/com.meta.xr.simulator@74.0.0/Editor/SyntheticEnvironments/Registry.cs:87)
System.Runtime.CompilerServices.RuntimeHelpers:RunClassConstructor (System.RuntimeTypeHandle)
UnityEditor.EditorAssemblies:ProcessInitializeOnLoadAttributes (System.Type[])

(Filename: ./Library/PackageCache/com.meta.xr.simulator@74.0.0/Editor/Utils.cs Line: 165)

[Synthetic Environments] got match start synth_env_server.exe GameRoom
UnityEngine.StackTraceUtility:ExtractStackTrace ()
UnityEngine.DebugLogHandler:LogFormat (UnityEngine.LogType,UnityEngine.Object,string,object[])
UnityEngine.Logger:Log (UnityEngine.LogType,object)
UnityEngine.Debug:Log (object)
Meta.XR.Simulator.Utils:ReportInfo (string,string) (at ./Library/PackageCache/com.meta.xr.simulator@74.0.0/Editor/Utils.cs:165)
Meta.XR.Simulator.Editor.SyntheticEnvironments.Installer:ParseSynthEnvScript (string) (at ./Library/PackageCache/com.meta.xr.simulator@74.0.0/Editor/SyntheticEnvironments/Installer.cs:98)
Meta.XR.Simulator.Editor.SyntheticEnvironments.Installer:BuildSyntheticEnvironments () (at ./Library/PackageCache/com.meta.xr.simulator@74.0.0/Editor/SyntheticEnvironments/Installer.cs:76)
Meta.XR.Simulator.Editor.SyntheticEnvironments.Registry:RegisterSyntheticEnvironments () (at ./Library/PackageCache/com.meta.xr.simulator@74.0.0/Editor/SyntheticEnvironments/Registry.cs:97)
Meta.XR.Simulator.Editor.SyntheticEnvironments.Registry:.cctor () (at ./Library/PackageCache/com.meta.xr.simulator@74.0.0/Editor/SyntheticEnvironments/Registry.cs:87)
System.Runtime.CompilerServices.RuntimeHelpers:RunClassConstructor (System.RuntimeTypeHandle)
UnityEditor.EditorAssemblies:ProcessInitializeOnLoadAttributes (System.Type[])

(Filename: ./Library/PackageCache/com.meta.xr.simulator@74.0.0/Editor/Utils.cs Line: 165)

[Synthetic Environments] got match start synth_env_server.exe LivingRoom
UnityEngine.StackTraceUtility:ExtractStackTrace ()
UnityEngine.DebugLogHandler:LogFormat (UnityEngine.LogType,UnityEngine.Object,string,object[])
UnityEngine.Logger:Log (UnityEngine.LogType,object)
UnityEngine.Debug:Log (object)
Meta.XR.Simulator.Utils:ReportInfo (string,string) (at ./Library/PackageCache/com.meta.xr.simulator@74.0.0/Editor/Utils.cs:165)
Meta.XR.Simulator.Editor.SyntheticEnvironments.Installer:ParseSynthEnvScript (string) (at ./Library/PackageCache/com.meta.xr.simulator@74.0.0/Editor/SyntheticEnvironments/Installer.cs:98)
Meta.XR.Simulator.Editor.SyntheticEnvironments.Installer:BuildSyntheticEnvironments () (at ./Library/PackageCache/com.meta.xr.simulator@74.0.0/Editor/SyntheticEnvironments/Installer.cs:76)
Meta.XR.Simulator.Editor.SyntheticEnvironments.Registry:RegisterSyntheticEnvironments () (at ./Library/PackageCache/com.meta.xr.simulator@74.0.0/Editor/SyntheticEnvironments/Registry.cs:97)
Meta.XR.Simulator.Editor.SyntheticEnvironments.Registry:.cctor () (at ./Library/PackageCache/com.meta.xr.simulator@74.0.0/Editor/SyntheticEnvironments/Registry.cs:87)
System.Runtime.CompilerServices.RuntimeHelpers:RunClassConstructor (System.RuntimeTypeHandle)
UnityEditor.EditorAssemblies:ProcessInitializeOnLoadAttributes (System.Type[])

(Filename: ./Library/PackageCache/com.meta.xr.simulator@74.0.0/Editor/Utils.cs Line: 165)

[Synthetic Environments] got match start synth_env_server_extra_rooms.exe XRoom2_3
UnityEngine.StackTraceUtility:ExtractStackTrace ()
UnityEngine.DebugLogHandler:LogFormat (UnityEngine.LogType,UnityEngine.Object,string,object[])
UnityEngine.Logger:Log (UnityEngine.LogType,object)
UnityEngine.Debug:Log (object)
Meta.XR.Simulator.Utils:ReportInfo (string,string) (at ./Library/PackageCache/com.meta.xr.simulator@74.0.0/Editor/Utils.cs:165)
Meta.XR.Simulator.Editor.SyntheticEnvironments.Installer:ParseSynthEnvScript (string) (at ./Library/PackageCache/com.meta.xr.simulator@74.0.0/Editor/SyntheticEnvironments/Installer.cs:98)
Meta.XR.Simulator.Editor.SyntheticEnvironments.Installer:BuildSyntheticEnvironments () (at ./Library/PackageCache/com.meta.xr.simulator@74.0.0/Editor/SyntheticEnvironments/Installer.cs:76)
Meta.XR.Simulator.Editor.SyntheticEnvironments.Registry:RegisterSyntheticEnvironments () (at ./Library/PackageCache/com.meta.xr.simulator@74.0.0/Editor/SyntheticEnvironments/Registry.cs:97)
Meta.XR.Simulator.Editor.SyntheticEnvironments.Registry:.cctor () (at ./Library/PackageCache/com.meta.xr.simulator@74.0.0/Editor/SyntheticEnvironments/Registry.cs:87)
System.Runtime.CompilerServices.RuntimeHelpers:RunClassConstructor (System.RuntimeTypeHandle)
UnityEditor.EditorAssemblies:ProcessInitializeOnLoadAttributes (System.Type[])

(Filename: ./Library/PackageCache/com.meta.xr.simulator@74.0.0/Editor/Utils.cs Line: 165)

[Synthetic Environments] got match start synth_env_server_extra_rooms.exe XRoom2_4
UnityEngine.StackTraceUtility:ExtractStackTrace ()
UnityEngine.DebugLogHandler:LogFormat (UnityEngine.LogType,UnityEngine.Object,string,object[])
UnityEngine.Logger:Log (UnityEngine.LogType,object)
UnityEngine.Debug:Log (object)
Meta.XR.Simulator.Utils:ReportInfo (string,string) (at ./Library/PackageCache/com.meta.xr.simulator@74.0.0/Editor/Utils.cs:165)
Meta.XR.Simulator.Editor.SyntheticEnvironments.Installer:ParseSynthEnvScript (string) (at ./Library/PackageCache/com.meta.xr.simulator@74.0.0/Editor/SyntheticEnvironments/Installer.cs:98)
Meta.XR.Simulator.Editor.SyntheticEnvironments.Installer:BuildSyntheticEnvironments () (at ./Library/PackageCache/com.meta.xr.simulator@74.0.0/Editor/SyntheticEnvironments/Installer.cs:76)
Meta.XR.Simulator.Editor.SyntheticEnvironments.Registry:RegisterSyntheticEnvironments () (at ./Library/PackageCache/com.meta.xr.simulator@74.0.0/Editor/SyntheticEnvironments/Registry.cs:97)
Meta.XR.Simulator.Editor.SyntheticEnvironments.Registry:.cctor () (at ./Library/PackageCache/com.meta.xr.simulator@74.0.0/Editor/SyntheticEnvironments/Registry.cs:87)
System.Runtime.CompilerServices.RuntimeHelpers:RunClassConstructor (System.RuntimeTypeHandle)
UnityEditor.EditorAssemblies:ProcessInitializeOnLoadAttributes (System.Type[])

(Filename: ./Library/PackageCache/com.meta.xr.simulator@74.0.0/Editor/Utils.cs Line: 165)

[Synthetic Environments] got match start synth_env_server_extra_rooms.exe XRoom5_6
UnityEngine.StackTraceUtility:ExtractStackTrace ()
UnityEngine.DebugLogHandler:LogFormat (UnityEngine.LogType,UnityEngine.Object,string,object[])
UnityEngine.Logger:Log (UnityEngine.LogType,object)
UnityEngine.Debug:Log (object)
Meta.XR.Simulator.Utils:ReportInfo (string,string) (at ./Library/PackageCache/com.meta.xr.simulator@74.0.0/Editor/Utils.cs:165)
Meta.XR.Simulator.Editor.SyntheticEnvironments.Installer:ParseSynthEnvScript (string) (at ./Library/PackageCache/com.meta.xr.simulator@74.0.0/Editor/SyntheticEnvironments/Installer.cs:98)
Meta.XR.Simulator.Editor.SyntheticEnvironments.Installer:BuildSyntheticEnvironments () (at ./Library/PackageCache/com.meta.xr.simulator@74.0.0/Editor/SyntheticEnvironments/Installer.cs:76)
Meta.XR.Simulator.Editor.SyntheticEnvironments.Registry:RegisterSyntheticEnvironments () (at ./Library/PackageCache/com.meta.xr.simulator@74.0.0/Editor/SyntheticEnvironments/Registry.cs:97)
Meta.XR.Simulator.Editor.SyntheticEnvironments.Registry:.cctor () (at ./Library/PackageCache/com.meta.xr.simulator@74.0.0/Editor/SyntheticEnvironments/Registry.cs:87)
System.Runtime.CompilerServices.RuntimeHelpers:RunClassConstructor (System.RuntimeTypeHandle)
UnityEditor.EditorAssemblies:ProcessInitializeOnLoadAttributes (System.Type[])

(Filename: ./Library/PackageCache/com.meta.xr.simulator@74.0.0/Editor/Utils.cs Line: 165)

[Synthetic Environments] got match start synth_env_server_extra_rooms.exe XRoom5_1
UnityEngine.StackTraceUtility:ExtractStackTrace ()
UnityEngine.DebugLogHandler:LogFormat (UnityEngine.LogType,UnityEngine.Object,string,object[])
UnityEngine.Logger:Log (UnityEngine.LogType,object)
UnityEngine.Debug:Log (object)
Meta.XR.Simulator.Utils:ReportInfo (string,string) (at ./Library/PackageCache/com.meta.xr.simulator@74.0.0/Editor/Utils.cs:165)
Meta.XR.Simulator.Editor.SyntheticEnvironments.Installer:ParseSynthEnvScript (string) (at ./Library/PackageCache/com.meta.xr.simulator@74.0.0/Editor/SyntheticEnvironments/Installer.cs:98)
Meta.XR.Simulator.Editor.SyntheticEnvironments.Installer:BuildSyntheticEnvironments () (at ./Library/PackageCache/com.meta.xr.simulator@74.0.0/Editor/SyntheticEnvironments/Installer.cs:76)
Meta.XR.Simulator.Editor.SyntheticEnvironments.Registry:RegisterSyntheticEnvironments () (at ./Library/PackageCache/com.meta.xr.simulator@74.0.0/Editor/SyntheticEnvironments/Registry.cs:97)
Meta.XR.Simulator.Editor.SyntheticEnvironments.Registry:.cctor () (at ./Library/PackageCache/com.meta.xr.simulator@74.0.0/Editor/SyntheticEnvironments/Registry.cs:87)
System.Runtime.CompilerServices.RuntimeHelpers:RunClassConstructor (System.RuntimeTypeHandle)
UnityEditor.EditorAssemblies:ProcessInitializeOnLoadAttributes (System.Type[])

(Filename: ./Library/PackageCache/com.meta.xr.simulator@74.0.0/Editor/Utils.cs Line: 165)

[Synthetic Environments] got match start synth_env_server_extra_rooms.exe XRoom3_1
UnityEngine.StackTraceUtility:ExtractStackTrace ()
UnityEngine.DebugLogHandler:LogFormat (UnityEngine.LogType,UnityEngine.Object,string,object[])
UnityEngine.Logger:Log (UnityEngine.LogType,object)
UnityEngine.Debug:Log (object)
Meta.XR.Simulator.Utils:ReportInfo (string,string) (at ./Library/PackageCache/com.meta.xr.simulator@74.0.0/Editor/Utils.cs:165)
Meta.XR.Simulator.Editor.SyntheticEnvironments.Installer:ParseSynthEnvScript (string) (at ./Library/PackageCache/com.meta.xr.simulator@74.0.0/Editor/SyntheticEnvironments/Installer.cs:98)
Meta.XR.Simulator.Editor.SyntheticEnvironments.Installer:BuildSyntheticEnvironments () (at ./Library/PackageCache/com.meta.xr.simulator@74.0.0/Editor/SyntheticEnvironments/Installer.cs:76)
Meta.XR.Simulator.Editor.SyntheticEnvironments.Registry:RegisterSyntheticEnvironments () (at ./Library/PackageCache/com.meta.xr.simulator@74.0.0/Editor/SyntheticEnvironments/Registry.cs:97)
Meta.XR.Simulator.Editor.SyntheticEnvironments.Registry:.cctor () (at ./Library/PackageCache/com.meta.xr.simulator@74.0.0/Editor/SyntheticEnvironments/Registry.cs:87)
System.Runtime.CompilerServices.RuntimeHelpers:RunClassConstructor (System.RuntimeTypeHandle)
UnityEditor.EditorAssemblies:ProcessInitializeOnLoadAttributes (System.Type[])

(Filename: ./Library/PackageCache/com.meta.xr.simulator@74.0.0/Editor/Utils.cs Line: 165)

[Synthetic Environments] got match start synth_env_server_extra_rooms.exe XRoom1_2
UnityEngine.StackTraceUtility:ExtractStackTrace ()
UnityEngine.DebugLogHandler:LogFormat (UnityEngine.LogType,UnityEngine.Object,string,object[])
UnityEngine.Logger:Log (UnityEngine.LogType,object)
UnityEngine.Debug:Log (object)
Meta.XR.Simulator.Utils:ReportInfo (string,string) (at ./Library/PackageCache/com.meta.xr.simulator@74.0.0/Editor/Utils.cs:165)
Meta.XR.Simulator.Editor.SyntheticEnvironments.Installer:ParseSynthEnvScript (string) (at ./Library/PackageCache/com.meta.xr.simulator@74.0.0/Editor/SyntheticEnvironments/Installer.cs:98)
Meta.XR.Simulator.Editor.SyntheticEnvironments.Installer:BuildSyntheticEnvironments () (at ./Library/PackageCache/com.meta.xr.simulator@74.0.0/Editor/SyntheticEnvironments/Installer.cs:76)
Meta.XR.Simulator.Editor.SyntheticEnvironments.Registry:RegisterSyntheticEnvironments () (at ./Library/PackageCache/com.meta.xr.simulator@74.0.0/Editor/SyntheticEnvironments/Registry.cs:97)
Meta.XR.Simulator.Editor.SyntheticEnvironments.Registry:.cctor () (at ./Library/PackageCache/com.meta.xr.simulator@74.0.0/Editor/SyntheticEnvironments/Registry.cs:87)
System.Runtime.CompilerServices.RuntimeHelpers:RunClassConstructor (System.RuntimeTypeHandle)
UnityEditor.EditorAssemblies:ProcessInitializeOnLoadAttributes (System.Type[])

(Filename: ./Library/PackageCache/com.meta.xr.simulator@74.0.0/Editor/Utils.cs Line: 165)

[Synthetic Environments] got match start synth_env_server_extra_rooms.exe XRoom1_1
UnityEngine.StackTraceUtility:ExtractStackTrace ()
UnityEngine.DebugLogHandler:LogFormat (UnityEngine.LogType,UnityEngine.Object,string,object[])
UnityEngine.Logger:Log (UnityEngine.LogType,object)
UnityEngine.Debug:Log (object)
Meta.XR.Simulator.Utils:ReportInfo (string,string) (at ./Library/PackageCache/com.meta.xr.simulator@74.0.0/Editor/Utils.cs:165)
Meta.XR.Simulator.Editor.SyntheticEnvironments.Installer:ParseSynthEnvScript (string) (at ./Library/PackageCache/com.meta.xr.simulator@74.0.0/Editor/SyntheticEnvironments/Installer.cs:98)
Meta.XR.Simulator.Editor.SyntheticEnvironments.Installer:BuildSyntheticEnvironments () (at ./Library/PackageCache/com.meta.xr.simulator@74.0.0/Editor/SyntheticEnvironments/Installer.cs:76)
Meta.XR.Simulator.Editor.SyntheticEnvironments.Registry:RegisterSyntheticEnvironments () (at ./Library/PackageCache/com.meta.xr.simulator@74.0.0/Editor/SyntheticEnvironments/Registry.cs:97)
Meta.XR.Simulator.Editor.SyntheticEnvironments.Registry:.cctor () (at ./Library/PackageCache/com.meta.xr.simulator@74.0.0/Editor/SyntheticEnvironments/Registry.cs:87)
System.Runtime.CompilerServices.RuntimeHelpers:RunClassConstructor (System.RuntimeTypeHandle)
UnityEditor.EditorAssemblies:ProcessInitializeOnLoadAttributes (System.Type[])

(Filename: ./Library/PackageCache/com.meta.xr.simulator@74.0.0/Editor/Utils.cs Line: 165)

[Synthetic Environments] got match start synth_env_server_extra_rooms.exe XRoom1_4
UnityEngine.StackTraceUtility:ExtractStackTrace ()
UnityEngine.DebugLogHandler:LogFormat (UnityEngine.LogType,UnityEngine.Object,string,object[])
UnityEngine.Logger:Log (UnityEngine.LogType,object)
UnityEngine.Debug:Log (object)
Meta.XR.Simulator.Utils:ReportInfo (string,string) (at ./Library/PackageCache/com.meta.xr.simulator@74.0.0/Editor/Utils.cs:165)
Meta.XR.Simulator.Editor.SyntheticEnvironments.Installer:ParseSynthEnvScript (string) (at ./Library/PackageCache/com.meta.xr.simulator@74.0.0/Editor/SyntheticEnvironments/Installer.cs:98)
Meta.XR.Simulator.Editor.SyntheticEnvironments.Installer:BuildSyntheticEnvironments () (at ./Library/PackageCache/com.meta.xr.simulator@74.0.0/Editor/SyntheticEnvironments/Installer.cs:76)
Meta.XR.Simulator.Editor.SyntheticEnvironments.Registry:RegisterSyntheticEnvironments () (at ./Library/PackageCache/com.meta.xr.simulator@74.0.0/Editor/SyntheticEnvironments/Registry.cs:97)
Meta.XR.Simulator.Editor.SyntheticEnvironments.Registry:.cctor () (at ./Library/PackageCache/com.meta.xr.simulator@74.0.0/Editor/SyntheticEnvironments/Registry.cs:87)
System.Runtime.CompilerServices.RuntimeHelpers:RunClassConstructor (System.RuntimeTypeHandle)
UnityEditor.EditorAssemblies:ProcessInitializeOnLoadAttributes (System.Type[])

(Filename: ./Library/PackageCache/com.meta.xr.simulator@74.0.0/Editor/Utils.cs Line: 165)

[Package Manager] Server::EnsureServerProcessIsRunning -- launch failed, reason: Unity was launched with the -noUpm command-line argument
[Package Manager] UpmClient::Send -- Unable to send message (not connected to UPM process).
[Package Manager] Cannot connect to Unity Package Manager local server
System.Reflection.TargetInvocationException: Exception has been thrown by the target of an invocation. ---> System.NullReferenceException: Object reference not set to an instance of an object
  at Unity.XR.Oculus.OculusLoader.AssetPathToAbsolutePath (System.String assetPath) [0x0003d] in .\Library\PackageCache\com.unity.xr.oculus@4.2.0\Runtime\OculusLoader.cs:298 
  at Unity.XR.Oculus.OculusLoader.EditorLoadOVRPlugin () [0x0008c] in .\Library\PackageCache\com.unity.xr.oculus@4.2.0\Runtime\OculusLoader.cs:283 
  at (wrapper managed-to-native) System.Reflection.RuntimeMethodInfo.InternalInvoke(System.Reflection.RuntimeMethodInfo,object,object[],System.Exception&)
  at System.Reflection.RuntimeMethodInfo.Invoke (System.Object obj, System.Reflection.BindingFlags invokeAttr, System.Reflection.Binder binder, System.Object[] parameters, System.Globalization.CultureInfo culture) [0x0006a] in <51fded79cd284d4d911c5949aff4cb21>:0 
   --- End of inner exception stack trace ---
  at System.Reflection.RuntimeMethodInfo.Invoke (System.Object obj, System.Reflection.BindingFlags invokeAttr, System.Reflection.Binder binder, System.Object[] parameters, System.Globalization.CultureInfo culture) [0x00083] in <51fded79cd284d4d911c5949aff4cb21>:0 
  at System.Reflection.MethodBase.Invoke (System.Object obj, System.Object[] parameters) [0x00000] in <51fded79cd284d4d911c5949aff4cb21>:0 
  at UnityEditor.EditorAssemblies.ProcessInitializeOnLoadMethodAttributes () [0x000a5] in <2201ab87e660427c974282df3bb3cf36>:0 
UnityEngine.StackTraceUtility:ExtractStackTrace ()
UnityEngine.DebugLogHandler:LogFormat (UnityEngine.LogType,UnityEngine.Object,string,object[])
UnityEngine.Logger:Log (UnityEngine.LogType,object)
UnityEngine.Debug:LogError (object)
UnityEditor.EditorAssemblies:ProcessInitializeOnLoadMethodAttributes ()

Mono: successfully reloaded assembly
[Package Manager] Server::EnsureServerProcessIsRunning -- launch failed, reason: Unity was launched with the -noUpm command-line argument
[Package Manager] UpmClient::Send -- Unable to send message (not connected to UPM process).
[Package Manager] Cannot connect to Unity Package Manager local server
- Finished resetting the current domain, in  1.535 seconds
Domain Reload Profiling: 2451ms
	BeginReloadAssembly (293ms)
		ExecutionOrderSort (0ms)
		DisableScriptedObjects (6ms)
		BackupInstance (0ms)
		ReleaseScriptingObjects (0ms)
		CreateAndSetChildDomain (66ms)
	RebuildCommonClasses (53ms)
	RebuildNativeTypeToScriptingClass (19ms)
	initialDomainReloadingComplete (44ms)
	LoadAllAssembliesAndSetupDomain (507ms)
		LoadAssemblies (631ms)
		RebuildTransferFunctionScriptingTraits (0ms)
		AnalyzeDomain (53ms)
			TypeCache.Refresh (31ms)
				TypeCache.ScanAssembly (0ms)
			ScanForSourceGeneratedMonoScriptInfo (0ms)
			ResolveRequiredComponents (20ms)
	FinalizeReload (1535ms)
		ReleaseScriptCaches (0ms)
		RebuildScriptCaches (0ms)
		SetupLoadedEditorAssemblies (1023ms)
			LogAssemblyErrors (0ms)
			InitializePlatformSupportModulesInManaged (33ms)
			SetLoadedEditorAssemblies (8ms)
			RefreshPlugins (0ms)
			BeforeProcessingInitializeOnLoad (174ms)
			ProcessInitializeOnLoadAttributes (709ms)
			ProcessInitializeOnLoadMethodAttributes (84ms)
			AfterProcessingInitializeOnLoad (14ms)
			EditorAssembliesLoaded (0ms)
		ExecutionOrderSort2 (0ms)
		AwakeInstancesAfterBackupRestoration (10ms)
Shader 'Oculus/OVRMRCameraFrameLit': fallback shader 'Alpha-Diffuse' not found
Shader 'Meta/MRUK/Scene/HighlightsAndShadows': fallback shader 'Off' not found
Refreshing native plugins compatible for Editor in 21.31 ms, found 10 plugins.
Preloading 3 native plugins for Editor in 0.27 ms.
Unloading 3056 Unused Serialized files (Serialized files now loaded: 0)
Unloading 52 unused Assets / (451.0 KB). Loaded Objects now: 3647.
Memory consumption went from 143.0 MB to 142.6 MB.
Total: 10.846700 ms (FindLiveObjects: 0.457200 ms CreateObjectMapping: 0.167200 ms MarkObjects: 9.799800 ms  DeleteObjects: 0.421700 ms)

Prepare: number of updated asset objects reloaded= 0
AssetImportParameters requested are different than current active one (requested -> active):
  custom:video-decoder-webm-vp8: 9c59270c3fd7afecdb556c50c9e8de78 -> 
  custom:SearchIndexIgnoredProperties: e643bd26f0fe6173181afceb89e7c659 -> 
  custom:container-demuxer-ogg: 62fdf1f143b41e24485cea50d1cbac27 -> 
  custom:AudioImporter_EditorPlatform: d09bf68614088b80899f8185d706f6e7 -> 
  custom:video-codec-MediaFoundation-h265: 746d11721c4dcdbdad8f713fa42b33f4 -> 
  custom:video-decoder-ogg-theora: a1e56fd34408186e4bbccfd4996cb3dc -> 
  custom:framework-win-MediaFoundation: 216162199b28c13a410421893ffa2e32 -> 
  custom:video-encoder-webm-vp8: eb34c28f22e8b96e1ab97ce403110664 -> 
  custom:audio-decoder-ogg-vorbis: bf7c407c2cedff20999df2af8eb42d56 -> 
  custom:CustomObjectIndexerAttribute: 9a22284fe3817be447336de3de66b15e -> 
  custom:container-demuxer-webm: 4f35f7cbe854078d1ac9338744f61a02 -> 
  custom:audio-encoder-webm-vorbis: bf7c407c2cedff20999df2af8eb42d56 -> 
  custom:container-muxer-webm: aa71ff27fc2769a1b78a27578f13a17b -> 
Editor requested this worker to shutdown with reason: Scaling down because of idle timeout
TcpMessagingSession - receive error
AssetImportWorkerClient::OnTransportError - code=2 error=End of file
AssetImportWorker is now disconnected from the server
Process exiting
Exiting without the bug reporter. Application will terminate with return code 0