Using pre-set license
Built from '2022.3/staging' branch; Version is '2022.3.36f1 (95a4219250e5) revision 9806881'; Using compiler version '192829333'; Build Type 'Release'
OS: 'Windows 11  (10.0.22631) 64bit Enterprise' Language: 'en' Physical Memory: 32678 MB
BatchMode: 1, IsHumanControllingUs: 0, StartBugReporterOnCrash: 0, Is64bit: 1, IsPro: 1

COMMAND LINE ARGUMENTS:
C:\Program Files\Unity\Hub\Editor\2022.3.36f1\Editor\Unity.exe
-adb2
-batchMode
-noUpm
-name
AssetImportWorker2
-projectPath
C:/Users/806395/Workspace/Quest3_MRLabs
-logFile
Logs/AssetImportWorker2.log
-srvPort
52821
Successfully changed project path to: C:/Users/806395/Workspace/Quest3_MRLabs
C:/Users/806395/Workspace/Quest3_MRLabs
[UnityMemory] Configuration Parameters - Can be set up in boot.config
    "memorysetup-bucket-allocator-granularity=16"
    "memorysetup-bucket-allocator-bucket-count=8"
    "memorysetup-bucket-allocator-block-size=33554432"
    "memorysetup-bucket-allocator-block-count=8"
    "memorysetup-main-allocator-block-size=16777216"
    "memorysetup-thread-allocator-block-size=16777216"
    "memorysetup-gfx-main-allocator-block-size=16777216"
    "memorysetup-gfx-thread-allocator-block-size=16777216"
    "memorysetup-cache-allocator-block-size=4194304"
    "memorysetup-typetree-allocator-block-size=2097152"
    "memorysetup-profiler-bucket-allocator-granularity=16"
    "memorysetup-profiler-bucket-allocator-bucket-count=8"
    "memorysetup-profiler-bucket-allocator-block-size=33554432"
    "memorysetup-profiler-bucket-allocator-block-count=8"
    "memorysetup-profiler-allocator-block-size=16777216"
    "memorysetup-profiler-editor-allocator-block-size=1048576"
    "memorysetup-temp-allocator-size-main=16777216"
    "memorysetup-job-temp-allocator-block-size=2097152"
    "memorysetup-job-temp-allocator-block-size-background=1048576"
    "memorysetup-job-temp-allocator-reduction-small-platforms=262144"
    "memorysetup-allocator-temp-initial-block-size-main=262144"
    "memorysetup-allocator-temp-initial-block-size-worker=262144"
    "memorysetup-temp-allocator-size-background-worker=32768"
    "memorysetup-temp-allocator-size-job-worker=262144"
    "memorysetup-temp-allocator-size-preload-manager=33554432"
    "memorysetup-temp-allocator-size-nav-mesh-worker=65536"
    "memorysetup-temp-allocator-size-audio-worker=65536"
    "memorysetup-temp-allocator-size-cloud-worker=32768"
    "memorysetup-temp-allocator-size-gi-baking-worker=262144"
    "memorysetup-temp-allocator-size-gfx=262144"
Player connection [20796] Host "[IP] 10.140.9.73 [Port] 0 [Flags] 2 [Guid] 1444152476 [EditorId] 1444152476 [Version] 1048832 [Id] WindowsEditor(7,RB-335-08) [Debug] 1 [PackageName] WindowsEditor [ProjectName] Editor" joined multi-casting on [225.0.0.222:54997]...

Player connection [20796] Host "[IP] 10.140.9.73 [Port] 0 [Flags] 2 [Guid] 1444152476 [EditorId] 1444152476 [Version] 1048832 [Id] WindowsEditor(7,RB-335-08) [Debug] 1 [PackageName] WindowsEditor [ProjectName] Editor" joined alternative multi-casting on [225.0.0.222:34997]...

[PhysX] Initialized MultithreadedTaskDispatcher with 16 workers.
Refreshing native plugins compatible for Editor in 409.14 ms, found 10 plugins.
Unity memory allocator detected: MetaXRAudio native memory allocations will be tracked.
Preloading 3 native plugins for Editor in 4.70 ms.
Initialize engine version: 2022.3.36f1 (95a4219250e5)
[Subsystems] Discovering subsystems at path C:/Program Files/Unity/Hub/Editor/2022.3.36f1/Editor/Data/Resources/UnitySubsystems
[Subsystems] Discovering subsystems at path C:/Users/806395/Workspace/Quest3_MRLabs/Assets
GfxDevice: creating device client; threaded=0; jobified=0
Direct3D:
    Version:  Direct3D 11.0 [level 11.1]
    Renderer: NVIDIA GeForce RTX 3070 (ID=0x2484)
    Vendor:   NVIDIA
    VRAM:     8018 MB
    Driver:   32.0.15.5612
Shader 'Meta/MRUK/Scene/HighlightsAndShadows': fallback shader 'Off' not found
Shader 'Oculus/OVRMRCameraFrameLit': fallback shader 'Alpha-Diffuse' not found
Initialize mono
Mono path[0] = 'C:/Program Files/Unity/Hub/Editor/2022.3.36f1/Editor/Data/Managed'
Mono path[1] = 'C:/Program Files/Unity/Hub/Editor/2022.3.36f1/Editor/Data/MonoBleedingEdge/lib/mono/unityjit-win32'
Mono config path = 'C:/Program Files/Unity/Hub/Editor/2022.3.36f1/Editor/Data/MonoBleedingEdge/etc'
Using monoOptions --debugger-agent=transport=dt_socket,embedding=1,server=y,suspend=n,address=127.0.0.1:56780
Begin MonoManager ReloadAssembly
Registering precompiled unity dll's ...
Register platform support module: C:/Program Files/Unity/Hub/Editor/2022.3.36f1/Editor/Data/PlaybackEngines/WebGLSupport/UnityEditor.WebGL.Extensions.dll
Register platform support module: C:/Program Files/Unity/Hub/Editor/2022.3.36f1/Editor/Data/PlaybackEngines/AndroidPlayer/UnityEditor.Android.Extensions.dll
Register platform support module: C:/Program Files/Unity/Hub/Editor/2022.3.36f1/Editor/Data/PlaybackEngines/WindowsStandaloneSupport/UnityEditor.WindowsStandalone.Extensions.dll
Register platform support module: C:/Program Files/Unity/Hub/Editor/2022.3.36f1/Editor/Data/PlaybackEngines/MetroSupport/UnityEditor.UWP.Extensions.dll
Registered in 0.021856 seconds.
- Loaded All Assemblies, in  0.377 seconds
Native extension for UWP target not found
Native extension for WindowsStandalone target not found
Native extension for Android target not found
Android Extension - Scanning For ADB Devices 609 ms
Native extension for WebGL target not found
Mono: successfully reloaded assembly
- Finished resetting the current domain, in  0.949 seconds
Domain Reload Profiling: 1323ms
	BeginReloadAssembly (120ms)
		ExecutionOrderSort (0ms)
		DisableScriptedObjects (0ms)
		BackupInstance (0ms)
		ReleaseScriptingObjects (0ms)
		CreateAndSetChildDomain (1ms)
	RebuildCommonClasses (31ms)
	RebuildNativeTypeToScriptingClass (9ms)
	initialDomainReloadingComplete (71ms)
	LoadAllAssembliesAndSetupDomain (143ms)
		LoadAssemblies (118ms)
		RebuildTransferFunctionScriptingTraits (0ms)
		AnalyzeDomain (140ms)
			TypeCache.Refresh (139ms)
				TypeCache.ScanAssembly (126ms)
			ScanForSourceGeneratedMonoScriptInfo (0ms)
			ResolveRequiredComponents (0ms)
	FinalizeReload (949ms)
		ReleaseScriptCaches (0ms)
		RebuildScriptCaches (0ms)
		SetupLoadedEditorAssemblies (896ms)
			LogAssemblyErrors (0ms)
			InitializePlatformSupportModulesInManaged (726ms)
			SetLoadedEditorAssemblies (3ms)
			RefreshPlugins (0ms)
			BeforeProcessingInitializeOnLoad (2ms)
			ProcessInitializeOnLoadAttributes (113ms)
			ProcessInitializeOnLoadMethodAttributes (52ms)
			AfterProcessingInitializeOnLoad (0ms)
			EditorAssembliesLoaded (0ms)
		ExecutionOrderSort2 (0ms)
		AwakeInstancesAfterBackupRestoration (0ms)
========================================================================
Worker process is ready to serve import requests
Begin MonoManager ReloadAssembly
Symbol file LoadedFromMemory is not a mono symbol file
- Loaded All Assemblies, in  7.656 seconds
Refreshing native plugins compatible for Editor in 18.17 ms, found 10 plugins.
Native extension for UWP target not found
Native extension for WindowsStandalone target not found
Native extension for Android target not found
Native extension for WebGL target not found
Package Manager log level set to [2]
[Package Manager] Server::EnsureServerProcessIsRunning -- launch failed, reason: Unity was launched with the -noUpm command-line argument
[Package Manager] UpmClient::Send -- Unable to send message (not connected to UPM process).
[Package Manager] Cannot connect to Unity Package Manager local server
[Package Manager] Server::EnsureServerProcessIsRunning -- launch failed, reason: Unity was launched with the -noUpm command-line argument
[Package Manager] UpmClient::Send -- Unable to send message (not connected to UPM process).
[Package Manager] Cannot connect to Unity Package Manager local server
[Synthetic Environments] got match start synth_env_server.exe Bedroom
UnityEngine.StackTraceUtility:ExtractStackTrace ()
UnityEngine.DebugLogHandler:LogFormat (UnityEngine.LogType,UnityEngine.Object,string,object[])
UnityEngine.Logger:Log (UnityEngine.LogType,object)
UnityEngine.Debug:Log (object)
Meta.XR.Simulator.Utils:ReportInfo (string,string) (at ./Library/PackageCache/com.meta.xr.simulator@74.0.0/Editor/Utils.cs:165)
Meta.XR.Simulator.Editor.SyntheticEnvironments.Installer:ParseSynthEnvScript (string) (at ./Library/PackageCache/com.meta.xr.simulator@74.0.0/Editor/SyntheticEnvironments/Installer.cs:98)
Meta.XR.Simulator.Editor.SyntheticEnvironments.Installer:BuildSyntheticEnvironments () (at ./Library/PackageCache/com.meta.xr.simulator@74.0.0/Editor/SyntheticEnvironments/Installer.cs:76)
Meta.XR.Simulator.Editor.SyntheticEnvironments.Registry:RegisterSyntheticEnvironments () (at ./Library/PackageCache/com.meta.xr.simulator@74.0.0/Editor/SyntheticEnvironments/Registry.cs:97)
Meta.XR.Simulator.Editor.SyntheticEnvironments.Registry:.cctor () (at ./Library/PackageCache/com.meta.xr.simulator@74.0.0/Editor/SyntheticEnvironments/Registry.cs:87)
System.Runtime.CompilerServices.RuntimeHelpers:RunClassConstructor (System.RuntimeTypeHandle)
UnityEditor.EditorAssemblies:ProcessInitializeOnLoadAttributes (System.Type[])

(Filename: ./Library/PackageCache/com.meta.xr.simulator@74.0.0/Editor/Utils.cs Line: 165)

[Synthetic Environments] got match start synth_env_server.exe GameRoom
UnityEngine.StackTraceUtility:ExtractStackTrace ()
UnityEngine.DebugLogHandler:LogFormat (UnityEngine.LogType,UnityEngine.Object,string,object[])
UnityEngine.Logger:Log (UnityEngine.LogType,object)
UnityEngine.Debug:Log (object)
Meta.XR.Simulator.Utils:ReportInfo (string,string) (at ./Library/PackageCache/com.meta.xr.simulator@74.0.0/Editor/Utils.cs:165)
Meta.XR.Simulator.Editor.SyntheticEnvironments.Installer:ParseSynthEnvScript (string) (at ./Library/PackageCache/com.meta.xr.simulator@74.0.0/Editor/SyntheticEnvironments/Installer.cs:98)
Meta.XR.Simulator.Editor.SyntheticEnvironments.Installer:BuildSyntheticEnvironments () (at ./Library/PackageCache/com.meta.xr.simulator@74.0.0/Editor/SyntheticEnvironments/Installer.cs:76)
Meta.XR.Simulator.Editor.SyntheticEnvironments.Registry:RegisterSyntheticEnvironments () (at ./Library/PackageCache/com.meta.xr.simulator@74.0.0/Editor/SyntheticEnvironments/Registry.cs:97)
Meta.XR.Simulator.Editor.SyntheticEnvironments.Registry:.cctor () (at ./Library/PackageCache/com.meta.xr.simulator@74.0.0/Editor/SyntheticEnvironments/Registry.cs:87)
System.Runtime.CompilerServices.RuntimeHelpers:RunClassConstructor (System.RuntimeTypeHandle)
UnityEditor.EditorAssemblies:ProcessInitializeOnLoadAttributes (System.Type[])

(Filename: ./Library/PackageCache/com.meta.xr.simulator@74.0.0/Editor/Utils.cs Line: 165)

[Synthetic Environments] got match start synth_env_server.exe LivingRoom
UnityEngine.StackTraceUtility:ExtractStackTrace ()
UnityEngine.DebugLogHandler:LogFormat (UnityEngine.LogType,UnityEngine.Object,string,object[])
UnityEngine.Logger:Log (UnityEngine.LogType,object)
UnityEngine.Debug:Log (object)
Meta.XR.Simulator.Utils:ReportInfo (string,string) (at ./Library/PackageCache/com.meta.xr.simulator@74.0.0/Editor/Utils.cs:165)
Meta.XR.Simulator.Editor.SyntheticEnvironments.Installer:ParseSynthEnvScript (string) (at ./Library/PackageCache/com.meta.xr.simulator@74.0.0/Editor/SyntheticEnvironments/Installer.cs:98)
Meta.XR.Simulator.Editor.SyntheticEnvironments.Installer:BuildSyntheticEnvironments () (at ./Library/PackageCache/com.meta.xr.simulator@74.0.0/Editor/SyntheticEnvironments/Installer.cs:76)
Meta.XR.Simulator.Editor.SyntheticEnvironments.Registry:RegisterSyntheticEnvironments () (at ./Library/PackageCache/com.meta.xr.simulator@74.0.0/Editor/SyntheticEnvironments/Registry.cs:97)
Meta.XR.Simulator.Editor.SyntheticEnvironments.Registry:.cctor () (at ./Library/PackageCache/com.meta.xr.simulator@74.0.0/Editor/SyntheticEnvironments/Registry.cs:87)
System.Runtime.CompilerServices.RuntimeHelpers:RunClassConstructor (System.RuntimeTypeHandle)
UnityEditor.EditorAssemblies:ProcessInitializeOnLoadAttributes (System.Type[])

(Filename: ./Library/PackageCache/com.meta.xr.simulator@74.0.0/Editor/Utils.cs Line: 165)

[Synthetic Environments] got match start synth_env_server_extra_rooms.exe XRoom2_3
UnityEngine.StackTraceUtility:ExtractStackTrace ()
UnityEngine.DebugLogHandler:LogFormat (UnityEngine.LogType,UnityEngine.Object,string,object[])
UnityEngine.Logger:Log (UnityEngine.LogType,object)
UnityEngine.Debug:Log (object)
Meta.XR.Simulator.Utils:ReportInfo (string,string) (at ./Library/PackageCache/com.meta.xr.simulator@74.0.0/Editor/Utils.cs:165)
Meta.XR.Simulator.Editor.SyntheticEnvironments.Installer:ParseSynthEnvScript (string) (at ./Library/PackageCache/com.meta.xr.simulator@74.0.0/Editor/SyntheticEnvironments/Installer.cs:98)
Meta.XR.Simulator.Editor.SyntheticEnvironments.Installer:BuildSyntheticEnvironments () (at ./Library/PackageCache/com.meta.xr.simulator@74.0.0/Editor/SyntheticEnvironments/Installer.cs:76)
Meta.XR.Simulator.Editor.SyntheticEnvironments.Registry:RegisterSyntheticEnvironments () (at ./Library/PackageCache/com.meta.xr.simulator@74.0.0/Editor/SyntheticEnvironments/Registry.cs:97)
Meta.XR.Simulator.Editor.SyntheticEnvironments.Registry:.cctor () (at ./Library/PackageCache/com.meta.xr.simulator@74.0.0/Editor/SyntheticEnvironments/Registry.cs:87)
System.Runtime.CompilerServices.RuntimeHelpers:RunClassConstructor (System.RuntimeTypeHandle)
UnityEditor.EditorAssemblies:ProcessInitializeOnLoadAttributes (System.Type[])

(Filename: ./Library/PackageCache/com.meta.xr.simulator@74.0.0/Editor/Utils.cs Line: 165)

[Synthetic Environments] got match start synth_env_server_extra_rooms.exe XRoom2_4
UnityEngine.StackTraceUtility:ExtractStackTrace ()
UnityEngine.DebugLogHandler:LogFormat (UnityEngine.LogType,UnityEngine.Object,string,object[])
UnityEngine.Logger:Log (UnityEngine.LogType,object)
UnityEngine.Debug:Log (object)
Meta.XR.Simulator.Utils:ReportInfo (string,string) (at ./Library/PackageCache/com.meta.xr.simulator@74.0.0/Editor/Utils.cs:165)
Meta.XR.Simulator.Editor.SyntheticEnvironments.Installer:ParseSynthEnvScript (string) (at ./Library/PackageCache/com.meta.xr.simulator@74.0.0/Editor/SyntheticEnvironments/Installer.cs:98)
Meta.XR.Simulator.Editor.SyntheticEnvironments.Installer:BuildSyntheticEnvironments () (at ./Library/PackageCache/com.meta.xr.simulator@74.0.0/Editor/SyntheticEnvironments/Installer.cs:76)
Meta.XR.Simulator.Editor.SyntheticEnvironments.Registry:RegisterSyntheticEnvironments () (at ./Library/PackageCache/com.meta.xr.simulator@74.0.0/Editor/SyntheticEnvironments/Registry.cs:97)
Meta.XR.Simulator.Editor.SyntheticEnvironments.Registry:.cctor () (at ./Library/PackageCache/com.meta.xr.simulator@74.0.0/Editor/SyntheticEnvironments/Registry.cs:87)
System.Runtime.CompilerServices.RuntimeHelpers:RunClassConstructor (System.RuntimeTypeHandle)
UnityEditor.EditorAssemblies:ProcessInitializeOnLoadAttributes (System.Type[])

(Filename: ./Library/PackageCache/com.meta.xr.simulator@74.0.0/Editor/Utils.cs Line: 165)

[Synthetic Environments] got match start synth_env_server_extra_rooms.exe XRoom5_6
UnityEngine.StackTraceUtility:ExtractStackTrace ()
UnityEngine.DebugLogHandler:LogFormat (UnityEngine.LogType,UnityEngine.Object,string,object[])
UnityEngine.Logger:Log (UnityEngine.LogType,object)
UnityEngine.Debug:Log (object)
Meta.XR.Simulator.Utils:ReportInfo (string,string) (at ./Library/PackageCache/com.meta.xr.simulator@74.0.0/Editor/Utils.cs:165)
Meta.XR.Simulator.Editor.SyntheticEnvironments.Installer:ParseSynthEnvScript (string) (at ./Library/PackageCache/com.meta.xr.simulator@74.0.0/Editor/SyntheticEnvironments/Installer.cs:98)
Meta.XR.Simulator.Editor.SyntheticEnvironments.Installer:BuildSyntheticEnvironments () (at ./Library/PackageCache/com.meta.xr.simulator@74.0.0/Editor/SyntheticEnvironments/Installer.cs:76)
Meta.XR.Simulator.Editor.SyntheticEnvironments.Registry:RegisterSyntheticEnvironments () (at ./Library/PackageCache/com.meta.xr.simulator@74.0.0/Editor/SyntheticEnvironments/Registry.cs:97)
Meta.XR.Simulator.Editor.SyntheticEnvironments.Registry:.cctor () (at ./Library/PackageCache/com.meta.xr.simulator@74.0.0/Editor/SyntheticEnvironments/Registry.cs:87)
System.Runtime.CompilerServices.RuntimeHelpers:RunClassConstructor (System.RuntimeTypeHandle)
UnityEditor.EditorAssemblies:ProcessInitializeOnLoadAttributes (System.Type[])

(Filename: ./Library/PackageCache/com.meta.xr.simulator@74.0.0/Editor/Utils.cs Line: 165)

[Synthetic Environments] got match start synth_env_server_extra_rooms.exe XRoom5_1
UnityEngine.StackTraceUtility:ExtractStackTrace ()
UnityEngine.DebugLogHandler:LogFormat (UnityEngine.LogType,UnityEngine.Object,string,object[])
UnityEngine.Logger:Log (UnityEngine.LogType,object)
UnityEngine.Debug:Log (object)
Meta.XR.Simulator.Utils:ReportInfo (string,string) (at ./Library/PackageCache/com.meta.xr.simulator@74.0.0/Editor/Utils.cs:165)
Meta.XR.Simulator.Editor.SyntheticEnvironments.Installer:ParseSynthEnvScript (string) (at ./Library/PackageCache/com.meta.xr.simulator@74.0.0/Editor/SyntheticEnvironments/Installer.cs:98)
Meta.XR.Simulator.Editor.SyntheticEnvironments.Installer:BuildSyntheticEnvironments () (at ./Library/PackageCache/com.meta.xr.simulator@74.0.0/Editor/SyntheticEnvironments/Installer.cs:76)
Meta.XR.Simulator.Editor.SyntheticEnvironments.Registry:RegisterSyntheticEnvironments () (at ./Library/PackageCache/com.meta.xr.simulator@74.0.0/Editor/SyntheticEnvironments/Registry.cs:97)
Meta.XR.Simulator.Editor.SyntheticEnvironments.Registry:.cctor () (at ./Library/PackageCache/com.meta.xr.simulator@74.0.0/Editor/SyntheticEnvironments/Registry.cs:87)
System.Runtime.CompilerServices.RuntimeHelpers:RunClassConstructor (System.RuntimeTypeHandle)
UnityEditor.EditorAssemblies:ProcessInitializeOnLoadAttributes (System.Type[])

(Filename: ./Library/PackageCache/com.meta.xr.simulator@74.0.0/Editor/Utils.cs Line: 165)

[Synthetic Environments] got match start synth_env_server_extra_rooms.exe XRoom3_1
UnityEngine.StackTraceUtility:ExtractStackTrace ()
UnityEngine.DebugLogHandler:LogFormat (UnityEngine.LogType,UnityEngine.Object,string,object[])
UnityEngine.Logger:Log (UnityEngine.LogType,object)
UnityEngine.Debug:Log (object)
Meta.XR.Simulator.Utils:ReportInfo (string,string) (at ./Library/PackageCache/com.meta.xr.simulator@74.0.0/Editor/Utils.cs:165)
Meta.XR.Simulator.Editor.SyntheticEnvironments.Installer:ParseSynthEnvScript (string) (at ./Library/PackageCache/com.meta.xr.simulator@74.0.0/Editor/SyntheticEnvironments/Installer.cs:98)
Meta.XR.Simulator.Editor.SyntheticEnvironments.Installer:BuildSyntheticEnvironments () (at ./Library/PackageCache/com.meta.xr.simulator@74.0.0/Editor/SyntheticEnvironments/Installer.cs:76)
Meta.XR.Simulator.Editor.SyntheticEnvironments.Registry:RegisterSyntheticEnvironments () (at ./Library/PackageCache/com.meta.xr.simulator@74.0.0/Editor/SyntheticEnvironments/Registry.cs:97)
Meta.XR.Simulator.Editor.SyntheticEnvironments.Registry:.cctor () (at ./Library/PackageCache/com.meta.xr.simulator@74.0.0/Editor/SyntheticEnvironments/Registry.cs:87)
System.Runtime.CompilerServices.RuntimeHelpers:RunClassConstructor (System.RuntimeTypeHandle)
UnityEditor.EditorAssemblies:ProcessInitializeOnLoadAttributes (System.Type[])

(Filename: ./Library/PackageCache/com.meta.xr.simulator@74.0.0/Editor/Utils.cs Line: 165)

[Synthetic Environments] got match start synth_env_server_extra_rooms.exe XRoom1_2
UnityEngine.StackTraceUtility:ExtractStackTrace ()
UnityEngine.DebugLogHandler:LogFormat (UnityEngine.LogType,UnityEngine.Object,string,object[])
UnityEngine.Logger:Log (UnityEngine.LogType,object)
UnityEngine.Debug:Log (object)
Meta.XR.Simulator.Utils:ReportInfo (string,string) (at ./Library/PackageCache/com.meta.xr.simulator@74.0.0/Editor/Utils.cs:165)
Meta.XR.Simulator.Editor.SyntheticEnvironments.Installer:ParseSynthEnvScript (string) (at ./Library/PackageCache/com.meta.xr.simulator@74.0.0/Editor/SyntheticEnvironments/Installer.cs:98)
Meta.XR.Simulator.Editor.SyntheticEnvironments.Installer:BuildSyntheticEnvironments () (at ./Library/PackageCache/com.meta.xr.simulator@74.0.0/Editor/SyntheticEnvironments/Installer.cs:76)
Meta.XR.Simulator.Editor.SyntheticEnvironments.Registry:RegisterSyntheticEnvironments () (at ./Library/PackageCache/com.meta.xr.simulator@74.0.0/Editor/SyntheticEnvironments/Registry.cs:97)
Meta.XR.Simulator.Editor.SyntheticEnvironments.Registry:.cctor () (at ./Library/PackageCache/com.meta.xr.simulator@74.0.0/Editor/SyntheticEnvironments/Registry.cs:87)
System.Runtime.CompilerServices.RuntimeHelpers:RunClassConstructor (System.RuntimeTypeHandle)
UnityEditor.EditorAssemblies:ProcessInitializeOnLoadAttributes (System.Type[])

(Filename: ./Library/PackageCache/com.meta.xr.simulator@74.0.0/Editor/Utils.cs Line: 165)

[Synthetic Environments] got match start synth_env_server_extra_rooms.exe XRoom1_1
UnityEngine.StackTraceUtility:ExtractStackTrace ()
UnityEngine.DebugLogHandler:LogFormat (UnityEngine.LogType,UnityEngine.Object,string,object[])
UnityEngine.Logger:Log (UnityEngine.LogType,object)
UnityEngine.Debug:Log (object)
Meta.XR.Simulator.Utils:ReportInfo (string,string) (at ./Library/PackageCache/com.meta.xr.simulator@74.0.0/Editor/Utils.cs:165)
Meta.XR.Simulator.Editor.SyntheticEnvironments.Installer:ParseSynthEnvScript (string) (at ./Library/PackageCache/com.meta.xr.simulator@74.0.0/Editor/SyntheticEnvironments/Installer.cs:98)
Meta.XR.Simulator.Editor.SyntheticEnvironments.Installer:BuildSyntheticEnvironments () (at ./Library/PackageCache/com.meta.xr.simulator@74.0.0/Editor/SyntheticEnvironments/Installer.cs:76)
Meta.XR.Simulator.Editor.SyntheticEnvironments.Registry:RegisterSyntheticEnvironments () (at ./Library/PackageCache/com.meta.xr.simulator@74.0.0/Editor/SyntheticEnvironments/Registry.cs:97)
Meta.XR.Simulator.Editor.SyntheticEnvironments.Registry:.cctor () (at ./Library/PackageCache/com.meta.xr.simulator@74.0.0/Editor/SyntheticEnvironments/Registry.cs:87)
System.Runtime.CompilerServices.RuntimeHelpers:RunClassConstructor (System.RuntimeTypeHandle)
UnityEditor.EditorAssemblies:ProcessInitializeOnLoadAttributes (System.Type[])

(Filename: ./Library/PackageCache/com.meta.xr.simulator@74.0.0/Editor/Utils.cs Line: 165)

[Synthetic Environments] got match start synth_env_server_extra_rooms.exe XRoom1_4
UnityEngine.StackTraceUtility:ExtractStackTrace ()
UnityEngine.DebugLogHandler:LogFormat (UnityEngine.LogType,UnityEngine.Object,string,object[])
UnityEngine.Logger:Log (UnityEngine.LogType,object)
UnityEngine.Debug:Log (object)
Meta.XR.Simulator.Utils:ReportInfo (string,string) (at ./Library/PackageCache/com.meta.xr.simulator@74.0.0/Editor/Utils.cs:165)
Meta.XR.Simulator.Editor.SyntheticEnvironments.Installer:ParseSynthEnvScript (string) (at ./Library/PackageCache/com.meta.xr.simulator@74.0.0/Editor/SyntheticEnvironments/Installer.cs:98)
Meta.XR.Simulator.Editor.SyntheticEnvironments.Installer:BuildSyntheticEnvironments () (at ./Library/PackageCache/com.meta.xr.simulator@74.0.0/Editor/SyntheticEnvironments/Installer.cs:76)
Meta.XR.Simulator.Editor.SyntheticEnvironments.Registry:RegisterSyntheticEnvironments () (at ./Library/PackageCache/com.meta.xr.simulator@74.0.0/Editor/SyntheticEnvironments/Registry.cs:97)
Meta.XR.Simulator.Editor.SyntheticEnvironments.Registry:.cctor () (at ./Library/PackageCache/com.meta.xr.simulator@74.0.0/Editor/SyntheticEnvironments/Registry.cs:87)
System.Runtime.CompilerServices.RuntimeHelpers:RunClassConstructor (System.RuntimeTypeHandle)
UnityEditor.EditorAssemblies:ProcessInitializeOnLoadAttributes (System.Type[])

(Filename: ./Library/PackageCache/com.meta.xr.simulator@74.0.0/Editor/Utils.cs Line: 165)

[Package Manager] Server::EnsureServerProcessIsRunning -- launch failed, reason: Unity was launched with the -noUpm command-line argument
[Package Manager] UpmClient::Send -- Unable to send message (not connected to UPM process).
[Package Manager] Cannot connect to Unity Package Manager local server
System.Reflection.TargetInvocationException: Exception has been thrown by the target of an invocation. ---> System.NullReferenceException: Object reference not set to an instance of an object
  at Unity.XR.Oculus.OculusLoader.AssetPathToAbsolutePath (System.String assetPath) [0x0003d] in .\Library\PackageCache\com.unity.xr.oculus@4.2.0\Runtime\OculusLoader.cs:298 
  at Unity.XR.Oculus.OculusLoader.EditorLoadOVRPlugin () [0x0008c] in .\Library\PackageCache\com.unity.xr.oculus@4.2.0\Runtime\OculusLoader.cs:283 
  at (wrapper managed-to-native) System.Reflection.RuntimeMethodInfo.InternalInvoke(System.Reflection.RuntimeMethodInfo,object,object[],System.Exception&)
  at System.Reflection.RuntimeMethodInfo.Invoke (System.Object obj, System.Reflection.BindingFlags invokeAttr, System.Reflection.Binder binder, System.Object[] parameters, System.Globalization.CultureInfo culture) [0x0006a] in <51fded79cd284d4d911c5949aff4cb21>:0 
   --- End of inner exception stack trace ---
  at System.Reflection.RuntimeMethodInfo.Invoke (System.Object obj, System.Reflection.BindingFlags invokeAttr, System.Reflection.Binder binder, System.Object[] parameters, System.Globalization.CultureInfo culture) [0x00083] in <51fded79cd284d4d911c5949aff4cb21>:0 
  at System.Reflection.MethodBase.Invoke (System.Object obj, System.Object[] parameters) [0x00000] in <51fded79cd284d4d911c5949aff4cb21>:0 
  at UnityEditor.EditorAssemblies.ProcessInitializeOnLoadMethodAttributes () [0x000a5] in <2201ab87e660427c974282df3bb3cf36>:0 
UnityEngine.StackTraceUtility:ExtractStackTrace ()
UnityEngine.DebugLogHandler:LogFormat (UnityEngine.LogType,UnityEngine.Object,string,object[])
UnityEngine.Logger:Log (UnityEngine.LogType,object)
UnityEngine.Debug:LogError (object)
UnityEditor.EditorAssemblies:ProcessInitializeOnLoadMethodAttributes ()

Mono: successfully reloaded assembly
[Package Manager] Server::EnsureServerProcessIsRunning -- launch failed, reason: Unity was launched with the -noUpm command-line argument
[Package Manager] UpmClient::Send -- Unable to send message (not connected to UPM process).
[Package Manager] Cannot connect to Unity Package Manager local server
[Package Manager] Server::EnsureServerProcessIsRunning -- launch failed, reason: Unity was launched with the -noUpm command-line argument
[Package Manager] UpmClient::Send -- Unable to send message (not connected to UPM process).
[Package Manager] Cannot connect to Unity Package Manager local server
- Finished resetting the current domain, in  0.952 seconds
Domain Reload Profiling: 8598ms
	BeginReloadAssembly (140ms)
		ExecutionOrderSort (0ms)
		DisableScriptedObjects (5ms)
		BackupInstance (0ms)
		ReleaseScriptingObjects (0ms)
		CreateAndSetChildDomain (19ms)
	RebuildCommonClasses (30ms)
	RebuildNativeTypeToScriptingClass (9ms)
	initialDomainReloadingComplete (40ms)
	LoadAllAssembliesAndSetupDomain (7426ms)
		LoadAssemblies (7388ms)
		RebuildTransferFunctionScriptingTraits (0ms)
		AnalyzeDomain (123ms)
			TypeCache.Refresh (84ms)
				TypeCache.ScanAssembly (68ms)
			ScanForSourceGeneratedMonoScriptInfo (25ms)
			ResolveRequiredComponents (13ms)
	FinalizeReload (953ms)
		ReleaseScriptCaches (0ms)
		RebuildScriptCaches (0ms)
		SetupLoadedEditorAssemblies (760ms)
			LogAssemblyErrors (0ms)
			InitializePlatformSupportModulesInManaged (33ms)
			SetLoadedEditorAssemblies (5ms)
			RefreshPlugins (0ms)
			BeforeProcessingInitializeOnLoad (85ms)
			ProcessInitializeOnLoadAttributes (592ms)
			ProcessInitializeOnLoadMethodAttributes (36ms)
			AfterProcessingInitializeOnLoad (10ms)
			EditorAssembliesLoaded (0ms)
		ExecutionOrderSort2 (0ms)
		AwakeInstancesAfterBackupRestoration (7ms)
Shader 'Meta/MRUK/Scene/HighlightsAndShadows': fallback shader 'Off' not found
Shader 'Oculus/OVRMRCameraFrameLit': fallback shader 'Alpha-Diffuse' not found
Launched and connected shader compiler UnityShaderCompiler.exe after 0.05 seconds
Refreshing native plugins compatible for Editor in 16.69 ms, found 10 plugins.
Preloading 3 native plugins for Editor in 0.21 ms.
Unloading 3193 Unused Serialized files (Serialized files now loaded: 0)
Unloading 62 unused Assets / (491.3 KB). Loaded Objects now: 3629.
Memory consumption went from 174.7 MB to 174.2 MB.
Total: 8.005200 ms (FindLiveObjects: 0.257100 ms CreateObjectMapping: 0.202200 ms MarkObjects: 7.259400 ms  DeleteObjects: 0.285300 ms)

AssetImportParameters requested are different than current active one (requested -> active):
  custom:video-decoder-webm-vp8: 9c59270c3fd7afecdb556c50c9e8de78 -> 
  custom:SearchIndexIgnoredProperties: e643bd26f0fe6173181afceb89e7c659 -> 
  custom:container-demuxer-ogg: 62fdf1f143b41e24485cea50d1cbac27 -> 
  custom:AudioImporter_EditorPlatform: d09bf68614088b80899f8185d706f6e7 -> 
  custom:video-codec-MediaFoundation-h265: 746d11721c4dcdbdad8f713fa42b33f4 -> 
  custom:video-decoder-ogg-theora: a1e56fd34408186e4bbccfd4996cb3dc -> 
  custom:framework-win-MediaFoundation: 216162199b28c13a410421893ffa2e32 -> 
  custom:video-encoder-webm-vp8: eb34c28f22e8b96e1ab97ce403110664 -> 
  custom:audio-decoder-ogg-vorbis: bf7c407c2cedff20999df2af8eb42d56 -> 
  custom:CustomObjectIndexerAttribute: 9a22284fe3817be447336de3de66b15e -> 
  custom:container-demuxer-webm: 4f35f7cbe854078d1ac9338744f61a02 -> 
  custom:audio-encoder-webm-vorbis: bf7c407c2cedff20999df2af8eb42d56 -> 
  custom:container-muxer-webm: aa71ff27fc2769a1b78a27578f13a17b -> 
========================================================================
Received Import Request.
  Time since last request: 13791.233248 seconds.
  path: Assets/BowlingAlleyScripts/GutterofDEATH.cs
  artifactKey: Guid(d2524a02080b9ca41861dfd0d149caa6) Importer(815301076,1909f56bfc062723c751e8b465ee728b)
Start importing Assets/BowlingAlleyScripts/GutterofDEATH.cs using Guid(d2524a02080b9ca41861dfd0d149caa6) Importer(815301076,1909f56bfc062723c751e8b465ee728b) [PhysX] Initialized MultithreadedTaskDispatcher with 16 workers.
 -> (artifact id: '991b8cb9be36fbcd76177cb70ff8748e') in 0.002585 seconds
Number of updated asset objects reloaded before import = 0
Number of asset objects unloaded after import = 0
========================================================================
Received Prepare
Begin MonoManager ReloadAssembly
Symbol file LoadedFromMemory is not a mono symbol file
- Loaded All Assemblies, in  0.482 seconds
Refreshing native plugins compatible for Editor in 15.05 ms, found 10 plugins.
Native extension for UWP target not found
Native extension for WindowsStandalone target not found
Native extension for Android target not found
Native extension for WebGL target not found
[Package Manager] Server::EnsureServerProcessIsRunning -- launch failed, reason: Unity was launched with the -noUpm command-line argument
[Package Manager] UpmClient::Send -- Unable to send message (not connected to UPM process).
[Package Manager] Cannot connect to Unity Package Manager local server
[Package Manager] Server::EnsureServerProcessIsRunning -- launch failed, reason: Unity was launched with the -noUpm command-line argument
[Package Manager] UpmClient::Send -- Unable to send message (not connected to UPM process).
[Package Manager] Cannot connect to Unity Package Manager local server
[Synthetic Environments] got match start synth_env_server.exe Bedroom
UnityEngine.StackTraceUtility:ExtractStackTrace ()
UnityEngine.DebugLogHandler:LogFormat (UnityEngine.LogType,UnityEngine.Object,string,object[])
UnityEngine.Logger:Log (UnityEngine.LogType,object)
UnityEngine.Debug:Log (object)
Meta.XR.Simulator.Utils:ReportInfo (string,string) (at ./Library/PackageCache/com.meta.xr.simulator@74.0.0/Editor/Utils.cs:165)
Meta.XR.Simulator.Editor.SyntheticEnvironments.Installer:ParseSynthEnvScript (string) (at ./Library/PackageCache/com.meta.xr.simulator@74.0.0/Editor/SyntheticEnvironments/Installer.cs:98)
Meta.XR.Simulator.Editor.SyntheticEnvironments.Installer:BuildSyntheticEnvironments () (at ./Library/PackageCache/com.meta.xr.simulator@74.0.0/Editor/SyntheticEnvironments/Installer.cs:76)
Meta.XR.Simulator.Editor.SyntheticEnvironments.Registry:RegisterSyntheticEnvironments () (at ./Library/PackageCache/com.meta.xr.simulator@74.0.0/Editor/SyntheticEnvironments/Registry.cs:97)
Meta.XR.Simulator.Editor.SyntheticEnvironments.Registry:.cctor () (at ./Library/PackageCache/com.meta.xr.simulator@74.0.0/Editor/SyntheticEnvironments/Registry.cs:87)
System.Runtime.CompilerServices.RuntimeHelpers:RunClassConstructor (System.RuntimeTypeHandle)
UnityEditor.EditorAssemblies:ProcessInitializeOnLoadAttributes (System.Type[])

(Filename: ./Library/PackageCache/com.meta.xr.simulator@74.0.0/Editor/Utils.cs Line: 165)

[Synthetic Environments] got match start synth_env_server.exe GameRoom
UnityEngine.StackTraceUtility:ExtractStackTrace ()
UnityEngine.DebugLogHandler:LogFormat (UnityEngine.LogType,UnityEngine.Object,string,object[])
UnityEngine.Logger:Log (UnityEngine.LogType,object)
UnityEngine.Debug:Log (object)
Meta.XR.Simulator.Utils:ReportInfo (string,string) (at ./Library/PackageCache/com.meta.xr.simulator@74.0.0/Editor/Utils.cs:165)
Meta.XR.Simulator.Editor.SyntheticEnvironments.Installer:ParseSynthEnvScript (string) (at ./Library/PackageCache/com.meta.xr.simulator@74.0.0/Editor/SyntheticEnvironments/Installer.cs:98)
Meta.XR.Simulator.Editor.SyntheticEnvironments.Installer:BuildSyntheticEnvironments () (at ./Library/PackageCache/com.meta.xr.simulator@74.0.0/Editor/SyntheticEnvironments/Installer.cs:76)
Meta.XR.Simulator.Editor.SyntheticEnvironments.Registry:RegisterSyntheticEnvironments () (at ./Library/PackageCache/com.meta.xr.simulator@74.0.0/Editor/SyntheticEnvironments/Registry.cs:97)
Meta.XR.Simulator.Editor.SyntheticEnvironments.Registry:.cctor () (at ./Library/PackageCache/com.meta.xr.simulator@74.0.0/Editor/SyntheticEnvironments/Registry.cs:87)
System.Runtime.CompilerServices.RuntimeHelpers:RunClassConstructor (System.RuntimeTypeHandle)
UnityEditor.EditorAssemblies:ProcessInitializeOnLoadAttributes (System.Type[])

(Filename: ./Library/PackageCache/com.meta.xr.simulator@74.0.0/Editor/Utils.cs Line: 165)

[Synthetic Environments] got match start synth_env_server.exe LivingRoom
UnityEngine.StackTraceUtility:ExtractStackTrace ()
UnityEngine.DebugLogHandler:LogFormat (UnityEngine.LogType,UnityEngine.Object,string,object[])
UnityEngine.Logger:Log (UnityEngine.LogType,object)
UnityEngine.Debug:Log (object)
Meta.XR.Simulator.Utils:ReportInfo (string,string) (at ./Library/PackageCache/com.meta.xr.simulator@74.0.0/Editor/Utils.cs:165)
Meta.XR.Simulator.Editor.SyntheticEnvironments.Installer:ParseSynthEnvScript (string) (at ./Library/PackageCache/com.meta.xr.simulator@74.0.0/Editor/SyntheticEnvironments/Installer.cs:98)
Meta.XR.Simulator.Editor.SyntheticEnvironments.Installer:BuildSyntheticEnvironments () (at ./Library/PackageCache/com.meta.xr.simulator@74.0.0/Editor/SyntheticEnvironments/Installer.cs:76)
Meta.XR.Simulator.Editor.SyntheticEnvironments.Registry:RegisterSyntheticEnvironments () (at ./Library/PackageCache/com.meta.xr.simulator@74.0.0/Editor/SyntheticEnvironments/Registry.cs:97)
Meta.XR.Simulator.Editor.SyntheticEnvironments.Registry:.cctor () (at ./Library/PackageCache/com.meta.xr.simulator@74.0.0/Editor/SyntheticEnvironments/Registry.cs:87)
System.Runtime.CompilerServices.RuntimeHelpers:RunClassConstructor (System.RuntimeTypeHandle)
UnityEditor.EditorAssemblies:ProcessInitializeOnLoadAttributes (System.Type[])

(Filename: ./Library/PackageCache/com.meta.xr.simulator@74.0.0/Editor/Utils.cs Line: 165)

[Synthetic Environments] got match start synth_env_server_extra_rooms.exe XRoom2_3
UnityEngine.StackTraceUtility:ExtractStackTrace ()
UnityEngine.DebugLogHandler:LogFormat (UnityEngine.LogType,UnityEngine.Object,string,object[])
UnityEngine.Logger:Log (UnityEngine.LogType,object)
UnityEngine.Debug:Log (object)
Meta.XR.Simulator.Utils:ReportInfo (string,string) (at ./Library/PackageCache/com.meta.xr.simulator@74.0.0/Editor/Utils.cs:165)
Meta.XR.Simulator.Editor.SyntheticEnvironments.Installer:ParseSynthEnvScript (string) (at ./Library/PackageCache/com.meta.xr.simulator@74.0.0/Editor/SyntheticEnvironments/Installer.cs:98)
Meta.XR.Simulator.Editor.SyntheticEnvironments.Installer:BuildSyntheticEnvironments () (at ./Library/PackageCache/com.meta.xr.simulator@74.0.0/Editor/SyntheticEnvironments/Installer.cs:76)
Meta.XR.Simulator.Editor.SyntheticEnvironments.Registry:RegisterSyntheticEnvironments () (at ./Library/PackageCache/com.meta.xr.simulator@74.0.0/Editor/SyntheticEnvironments/Registry.cs:97)
Meta.XR.Simulator.Editor.SyntheticEnvironments.Registry:.cctor () (at ./Library/PackageCache/com.meta.xr.simulator@74.0.0/Editor/SyntheticEnvironments/Registry.cs:87)
System.Runtime.CompilerServices.RuntimeHelpers:RunClassConstructor (System.RuntimeTypeHandle)
UnityEditor.EditorAssemblies:ProcessInitializeOnLoadAttributes (System.Type[])

(Filename: ./Library/PackageCache/com.meta.xr.simulator@74.0.0/Editor/Utils.cs Line: 165)

[Synthetic Environments] got match start synth_env_server_extra_rooms.exe XRoom2_4
UnityEngine.StackTraceUtility:ExtractStackTrace ()
UnityEngine.DebugLogHandler:LogFormat (UnityEngine.LogType,UnityEngine.Object,string,object[])
UnityEngine.Logger:Log (UnityEngine.LogType,object)
UnityEngine.Debug:Log (object)
Meta.XR.Simulator.Utils:ReportInfo (string,string) (at ./Library/PackageCache/com.meta.xr.simulator@74.0.0/Editor/Utils.cs:165)
Meta.XR.Simulator.Editor.SyntheticEnvironments.Installer:ParseSynthEnvScript (string) (at ./Library/PackageCache/com.meta.xr.simulator@74.0.0/Editor/SyntheticEnvironments/Installer.cs:98)
Meta.XR.Simulator.Editor.SyntheticEnvironments.Installer:BuildSyntheticEnvironments () (at ./Library/PackageCache/com.meta.xr.simulator@74.0.0/Editor/SyntheticEnvironments/Installer.cs:76)
Meta.XR.Simulator.Editor.SyntheticEnvironments.Registry:RegisterSyntheticEnvironments () (at ./Library/PackageCache/com.meta.xr.simulator@74.0.0/Editor/SyntheticEnvironments/Registry.cs:97)
Meta.XR.Simulator.Editor.SyntheticEnvironments.Registry:.cctor () (at ./Library/PackageCache/com.meta.xr.simulator@74.0.0/Editor/SyntheticEnvironments/Registry.cs:87)
System.Runtime.CompilerServices.RuntimeHelpers:RunClassConstructor (System.RuntimeTypeHandle)
UnityEditor.EditorAssemblies:ProcessInitializeOnLoadAttributes (System.Type[])

(Filename: ./Library/PackageCache/com.meta.xr.simulator@74.0.0/Editor/Utils.cs Line: 165)

[Synthetic Environments] got match start synth_env_server_extra_rooms.exe XRoom5_6
UnityEngine.StackTraceUtility:ExtractStackTrace ()
UnityEngine.DebugLogHandler:LogFormat (UnityEngine.LogType,UnityEngine.Object,string,object[])
UnityEngine.Logger:Log (UnityEngine.LogType,object)
UnityEngine.Debug:Log (object)
Meta.XR.Simulator.Utils:ReportInfo (string,string) (at ./Library/PackageCache/com.meta.xr.simulator@74.0.0/Editor/Utils.cs:165)
Meta.XR.Simulator.Editor.SyntheticEnvironments.Installer:ParseSynthEnvScript (string) (at ./Library/PackageCache/com.meta.xr.simulator@74.0.0/Editor/SyntheticEnvironments/Installer.cs:98)
Meta.XR.Simulator.Editor.SyntheticEnvironments.Installer:BuildSyntheticEnvironments () (at ./Library/PackageCache/com.meta.xr.simulator@74.0.0/Editor/SyntheticEnvironments/Installer.cs:76)
Meta.XR.Simulator.Editor.SyntheticEnvironments.Registry:RegisterSyntheticEnvironments () (at ./Library/PackageCache/com.meta.xr.simulator@74.0.0/Editor/SyntheticEnvironments/Registry.cs:97)
Meta.XR.Simulator.Editor.SyntheticEnvironments.Registry:.cctor () (at ./Library/PackageCache/com.meta.xr.simulator@74.0.0/Editor/SyntheticEnvironments/Registry.cs:87)
System.Runtime.CompilerServices.RuntimeHelpers:RunClassConstructor (System.RuntimeTypeHandle)
UnityEditor.EditorAssemblies:ProcessInitializeOnLoadAttributes (System.Type[])

(Filename: ./Library/PackageCache/com.meta.xr.simulator@74.0.0/Editor/Utils.cs Line: 165)

[Synthetic Environments] got match start synth_env_server_extra_rooms.exe XRoom5_1
UnityEngine.StackTraceUtility:ExtractStackTrace ()
UnityEngine.DebugLogHandler:LogFormat (UnityEngine.LogType,UnityEngine.Object,string,object[])
UnityEngine.Logger:Log (UnityEngine.LogType,object)
UnityEngine.Debug:Log (object)
Meta.XR.Simulator.Utils:ReportInfo (string,string) (at ./Library/PackageCache/com.meta.xr.simulator@74.0.0/Editor/Utils.cs:165)
Meta.XR.Simulator.Editor.SyntheticEnvironments.Installer:ParseSynthEnvScript (string) (at ./Library/PackageCache/com.meta.xr.simulator@74.0.0/Editor/SyntheticEnvironments/Installer.cs:98)
Meta.XR.Simulator.Editor.SyntheticEnvironments.Installer:BuildSyntheticEnvironments () (at ./Library/PackageCache/com.meta.xr.simulator@74.0.0/Editor/SyntheticEnvironments/Installer.cs:76)
Meta.XR.Simulator.Editor.SyntheticEnvironments.Registry:RegisterSyntheticEnvironments () (at ./Library/PackageCache/com.meta.xr.simulator@74.0.0/Editor/SyntheticEnvironments/Registry.cs:97)
Meta.XR.Simulator.Editor.SyntheticEnvironments.Registry:.cctor () (at ./Library/PackageCache/com.meta.xr.simulator@74.0.0/Editor/SyntheticEnvironments/Registry.cs:87)
System.Runtime.CompilerServices.RuntimeHelpers:RunClassConstructor (System.RuntimeTypeHandle)
UnityEditor.EditorAssemblies:ProcessInitializeOnLoadAttributes (System.Type[])

(Filename: ./Library/PackageCache/com.meta.xr.simulator@74.0.0/Editor/Utils.cs Line: 165)

[Synthetic Environments] got match start synth_env_server_extra_rooms.exe XRoom3_1
UnityEngine.StackTraceUtility:ExtractStackTrace ()
UnityEngine.DebugLogHandler:LogFormat (UnityEngine.LogType,UnityEngine.Object,string,object[])
UnityEngine.Logger:Log (UnityEngine.LogType,object)
UnityEngine.Debug:Log (object)
Meta.XR.Simulator.Utils:ReportInfo (string,string) (at ./Library/PackageCache/com.meta.xr.simulator@74.0.0/Editor/Utils.cs:165)
Meta.XR.Simulator.Editor.SyntheticEnvironments.Installer:ParseSynthEnvScript (string) (at ./Library/PackageCache/com.meta.xr.simulator@74.0.0/Editor/SyntheticEnvironments/Installer.cs:98)
Meta.XR.Simulator.Editor.SyntheticEnvironments.Installer:BuildSyntheticEnvironments () (at ./Library/PackageCache/com.meta.xr.simulator@74.0.0/Editor/SyntheticEnvironments/Installer.cs:76)
Meta.XR.Simulator.Editor.SyntheticEnvironments.Registry:RegisterSyntheticEnvironments () (at ./Library/PackageCache/com.meta.xr.simulator@74.0.0/Editor/SyntheticEnvironments/Registry.cs:97)
Meta.XR.Simulator.Editor.SyntheticEnvironments.Registry:.cctor () (at ./Library/PackageCache/com.meta.xr.simulator@74.0.0/Editor/SyntheticEnvironments/Registry.cs:87)
System.Runtime.CompilerServices.RuntimeHelpers:RunClassConstructor (System.RuntimeTypeHandle)
UnityEditor.EditorAssemblies:ProcessInitializeOnLoadAttributes (System.Type[])

(Filename: ./Library/PackageCache/com.meta.xr.simulator@74.0.0/Editor/Utils.cs Line: 165)

[Synthetic Environments] got match start synth_env_server_extra_rooms.exe XRoom1_2
UnityEngine.StackTraceUtility:ExtractStackTrace ()
UnityEngine.DebugLogHandler:LogFormat (UnityEngine.LogType,UnityEngine.Object,string,object[])
UnityEngine.Logger:Log (UnityEngine.LogType,object)
UnityEngine.Debug:Log (object)
Meta.XR.Simulator.Utils:ReportInfo (string,string) (at ./Library/PackageCache/com.meta.xr.simulator@74.0.0/Editor/Utils.cs:165)
Meta.XR.Simulator.Editor.SyntheticEnvironments.Installer:ParseSynthEnvScript (string) (at ./Library/PackageCache/com.meta.xr.simulator@74.0.0/Editor/SyntheticEnvironments/Installer.cs:98)
Meta.XR.Simulator.Editor.SyntheticEnvironments.Installer:BuildSyntheticEnvironments () (at ./Library/PackageCache/com.meta.xr.simulator@74.0.0/Editor/SyntheticEnvironments/Installer.cs:76)
Meta.XR.Simulator.Editor.SyntheticEnvironments.Registry:RegisterSyntheticEnvironments () (at ./Library/PackageCache/com.meta.xr.simulator@74.0.0/Editor/SyntheticEnvironments/Registry.cs:97)
Meta.XR.Simulator.Editor.SyntheticEnvironments.Registry:.cctor () (at ./Library/PackageCache/com.meta.xr.simulator@74.0.0/Editor/SyntheticEnvironments/Registry.cs:87)
System.Runtime.CompilerServices.RuntimeHelpers:RunClassConstructor (System.RuntimeTypeHandle)
UnityEditor.EditorAssemblies:ProcessInitializeOnLoadAttributes (System.Type[])

(Filename: ./Library/PackageCache/com.meta.xr.simulator@74.0.0/Editor/Utils.cs Line: 165)

[Synthetic Environments] got match start synth_env_server_extra_rooms.exe XRoom1_1
UnityEngine.StackTraceUtility:ExtractStackTrace ()
UnityEngine.DebugLogHandler:LogFormat (UnityEngine.LogType,UnityEngine.Object,string,object[])
UnityEngine.Logger:Log (UnityEngine.LogType,object)
UnityEngine.Debug:Log (object)
Meta.XR.Simulator.Utils:ReportInfo (string,string) (at ./Library/PackageCache/com.meta.xr.simulator@74.0.0/Editor/Utils.cs:165)
Meta.XR.Simulator.Editor.SyntheticEnvironments.Installer:ParseSynthEnvScript (string) (at ./Library/PackageCache/com.meta.xr.simulator@74.0.0/Editor/SyntheticEnvironments/Installer.cs:98)
Meta.XR.Simulator.Editor.SyntheticEnvironments.Installer:BuildSyntheticEnvironments () (at ./Library/PackageCache/com.meta.xr.simulator@74.0.0/Editor/SyntheticEnvironments/Installer.cs:76)
Meta.XR.Simulator.Editor.SyntheticEnvironments.Registry:RegisterSyntheticEnvironments () (at ./Library/PackageCache/com.meta.xr.simulator@74.0.0/Editor/SyntheticEnvironments/Registry.cs:97)
Meta.XR.Simulator.Editor.SyntheticEnvironments.Registry:.cctor () (at ./Library/PackageCache/com.meta.xr.simulator@74.0.0/Editor/SyntheticEnvironments/Registry.cs:87)
System.Runtime.CompilerServices.RuntimeHelpers:RunClassConstructor (System.RuntimeTypeHandle)
UnityEditor.EditorAssemblies:ProcessInitializeOnLoadAttributes (System.Type[])

(Filename: ./Library/PackageCache/com.meta.xr.simulator@74.0.0/Editor/Utils.cs Line: 165)

[Synthetic Environments] got match start synth_env_server_extra_rooms.exe XRoom1_4
UnityEngine.StackTraceUtility:ExtractStackTrace ()
UnityEngine.DebugLogHandler:LogFormat (UnityEngine.LogType,UnityEngine.Object,string,object[])
UnityEngine.Logger:Log (UnityEngine.LogType,object)
UnityEngine.Debug:Log (object)
Meta.XR.Simulator.Utils:ReportInfo (string,string) (at ./Library/PackageCache/com.meta.xr.simulator@74.0.0/Editor/Utils.cs:165)
Meta.XR.Simulator.Editor.SyntheticEnvironments.Installer:ParseSynthEnvScript (string) (at ./Library/PackageCache/com.meta.xr.simulator@74.0.0/Editor/SyntheticEnvironments/Installer.cs:98)
Meta.XR.Simulator.Editor.SyntheticEnvironments.Installer:BuildSyntheticEnvironments () (at ./Library/PackageCache/com.meta.xr.simulator@74.0.0/Editor/SyntheticEnvironments/Installer.cs:76)
Meta.XR.Simulator.Editor.SyntheticEnvironments.Registry:RegisterSyntheticEnvironments () (at ./Library/PackageCache/com.meta.xr.simulator@74.0.0/Editor/SyntheticEnvironments/Registry.cs:97)
Meta.XR.Simulator.Editor.SyntheticEnvironments.Registry:.cctor () (at ./Library/PackageCache/com.meta.xr.simulator@74.0.0/Editor/SyntheticEnvironments/Registry.cs:87)
System.Runtime.CompilerServices.RuntimeHelpers:RunClassConstructor (System.RuntimeTypeHandle)
UnityEditor.EditorAssemblies:ProcessInitializeOnLoadAttributes (System.Type[])

(Filename: ./Library/PackageCache/com.meta.xr.simulator@74.0.0/Editor/Utils.cs Line: 165)

[Package Manager] Server::EnsureServerProcessIsRunning -- launch failed, reason: Unity was launched with the -noUpm command-line argument
[Package Manager] UpmClient::Send -- Unable to send message (not connected to UPM process).
[Package Manager] Cannot connect to Unity Package Manager local server
System.Reflection.TargetInvocationException: Exception has been thrown by the target of an invocation. ---> System.NullReferenceException: Object reference not set to an instance of an object
  at Unity.XR.Oculus.OculusLoader.AssetPathToAbsolutePath (System.String assetPath) [0x0003d] in .\Library\PackageCache\com.unity.xr.oculus@4.2.0\Runtime\OculusLoader.cs:298 
  at Unity.XR.Oculus.OculusLoader.EditorLoadOVRPlugin () [0x0008c] in .\Library\PackageCache\com.unity.xr.oculus@4.2.0\Runtime\OculusLoader.cs:283 
  at (wrapper managed-to-native) System.Reflection.RuntimeMethodInfo.InternalInvoke(System.Reflection.RuntimeMethodInfo,object,object[],System.Exception&)
  at System.Reflection.RuntimeMethodInfo.Invoke (System.Object obj, System.Reflection.BindingFlags invokeAttr, System.Reflection.Binder binder, System.Object[] parameters, System.Globalization.CultureInfo culture) [0x0006a] in <51fded79cd284d4d911c5949aff4cb21>:0 
   --- End of inner exception stack trace ---
  at System.Reflection.RuntimeMethodInfo.Invoke (System.Object obj, System.Reflection.BindingFlags invokeAttr, System.Reflection.Binder binder, System.Object[] parameters, System.Globalization.CultureInfo culture) [0x00083] in <51fded79cd284d4d911c5949aff4cb21>:0 
  at System.Reflection.MethodBase.Invoke (System.Object obj, System.Object[] parameters) [0x00000] in <51fded79cd284d4d911c5949aff4cb21>:0 
  at UnityEditor.EditorAssemblies.ProcessInitializeOnLoadMethodAttributes () [0x000a5] in <2201ab87e660427c974282df3bb3cf36>:0 
UnityEngine.StackTraceUtility:ExtractStackTrace ()
UnityEngine.DebugLogHandler:LogFormat (UnityEngine.LogType,UnityEngine.Object,string,object[])
UnityEngine.Logger:Log (UnityEngine.LogType,object)
UnityEngine.Debug:LogError (object)
UnityEditor.EditorAssemblies:ProcessInitializeOnLoadMethodAttributes ()

Mono: successfully reloaded assembly
[Package Manager] Server::EnsureServerProcessIsRunning -- launch failed, reason: Unity was launched with the -noUpm command-line argument
[Package Manager] UpmClient::Send -- Unable to send message (not connected to UPM process).
[Package Manager] Cannot connect to Unity Package Manager local server
- Finished resetting the current domain, in  0.909 seconds
Domain Reload Profiling: 1382ms
	BeginReloadAssembly (170ms)
		ExecutionOrderSort (0ms)
		DisableScriptedObjects (4ms)
		BackupInstance (0ms)
		ReleaseScriptingObjects (0ms)
		CreateAndSetChildDomain (34ms)
	RebuildCommonClasses (32ms)
	RebuildNativeTypeToScriptingClass (10ms)
	initialDomainReloadingComplete (27ms)
	LoadAllAssembliesAndSetupDomain (234ms)
		LoadAssemblies (289ms)
		RebuildTransferFunctionScriptingTraits (0ms)
		AnalyzeDomain (42ms)
			TypeCache.Refresh (11ms)
				TypeCache.ScanAssembly (1ms)
			ScanForSourceGeneratedMonoScriptInfo (10ms)
			ResolveRequiredComponents (20ms)
	FinalizeReload (909ms)
		ReleaseScriptCaches (0ms)
		RebuildScriptCaches (0ms)
		SetupLoadedEditorAssemblies (552ms)
			LogAssemblyErrors (0ms)
			InitializePlatformSupportModulesInManaged (33ms)
			SetLoadedEditorAssemblies (7ms)
			RefreshPlugins (0ms)
			BeforeProcessingInitializeOnLoad (87ms)
			ProcessInitializeOnLoadAttributes (379ms)
			ProcessInitializeOnLoadMethodAttributes (35ms)
			AfterProcessingInitializeOnLoad (12ms)
			EditorAssembliesLoaded (0ms)
		ExecutionOrderSort2 (0ms)
		AwakeInstancesAfterBackupRestoration (7ms)
Shader 'Meta/MRUK/Scene/HighlightsAndShadows': fallback shader 'Off' not found
Shader 'Oculus/OVRMRCameraFrameLit': fallback shader 'Alpha-Diffuse' not found
Refreshing native plugins compatible for Editor in 14.93 ms, found 10 plugins.
Preloading 3 native plugins for Editor in 0.21 ms.
Unloading 3063 Unused Serialized files (Serialized files now loaded: 0)
Unloading 52 unused Assets / (495.9 KB). Loaded Objects now: 3631.
Memory consumption went from 144.4 MB to 143.9 MB.
Total: 5.726200 ms (FindLiveObjects: 0.248500 ms CreateObjectMapping: 0.209200 ms MarkObjects: 4.956600 ms  DeleteObjects: 0.311100 ms)

Prepare: number of updated asset objects reloaded= 0
AssetImportParameters requested are different than current active one (requested -> active):
  custom:video-decoder-webm-vp8: 9c59270c3fd7afecdb556c50c9e8de78 -> 
  custom:SearchIndexIgnoredProperties: e643bd26f0fe6173181afceb89e7c659 -> 
  custom:container-demuxer-ogg: 62fdf1f143b41e24485cea50d1cbac27 -> 
  custom:AudioImporter_EditorPlatform: d09bf68614088b80899f8185d706f6e7 -> 
  custom:video-codec-MediaFoundation-h265: 746d11721c4dcdbdad8f713fa42b33f4 -> 
  custom:video-decoder-ogg-theora: a1e56fd34408186e4bbccfd4996cb3dc -> 
  custom:framework-win-MediaFoundation: 216162199b28c13a410421893ffa2e32 -> 
  custom:video-encoder-webm-vp8: eb34c28f22e8b96e1ab97ce403110664 -> 
  custom:audio-decoder-ogg-vorbis: bf7c407c2cedff20999df2af8eb42d56 -> 
  custom:CustomObjectIndexerAttribute: 9a22284fe3817be447336de3de66b15e -> 
  custom:container-demuxer-webm: 4f35f7cbe854078d1ac9338744f61a02 -> 
  custom:audio-encoder-webm-vorbis: bf7c407c2cedff20999df2af8eb42d56 -> 
  custom:container-muxer-webm: aa71ff27fc2769a1b78a27578f13a17b -> 
========================================================================
Received Import Request.
  Time since last request: 33.739730 seconds.
  path: Assets/BowlingAlleyScripts/GutterDeadzone.cs
  artifactKey: Guid(d2524a02080b9ca41861dfd0d149caa6) Importer(815301076,1909f56bfc062723c751e8b465ee728b)
Start importing Assets/BowlingAlleyScripts/GutterDeadzone.cs using Guid(d2524a02080b9ca41861dfd0d149caa6) Importer(815301076,1909f56bfc062723c751e8b465ee728b) [PhysX] Initialized MultithreadedTaskDispatcher with 16 workers.
 -> (artifact id: 'c2a72b5b05776738e955a0bc3666103c') in 0.004993 seconds
Number of updated asset objects reloaded before import = 0
Number of asset objects unloaded after import = 0
========================================================================
Received Prepare
Begin MonoManager ReloadAssembly
Symbol file LoadedFromMemory is not a mono symbol file
- Loaded All Assemblies, in  0.453 seconds
Refreshing native plugins compatible for Editor in 16.97 ms, found 10 plugins.
Native extension for UWP target not found
Native extension for WindowsStandalone target not found
Native extension for Android target not found
Native extension for WebGL target not found
[Package Manager] Server::EnsureServerProcessIsRunning -- launch failed, reason: Unity was launched with the -noUpm command-line argument
[Package Manager] UpmClient::Send -- Unable to send message (not connected to UPM process).
[Package Manager] Cannot connect to Unity Package Manager local server
[Package Manager] Server::EnsureServerProcessIsRunning -- launch failed, reason: Unity was launched with the -noUpm command-line argument
[Package Manager] UpmClient::Send -- Unable to send message (not connected to UPM process).
[Package Manager] Cannot connect to Unity Package Manager local server
[Synthetic Environments] got match start synth_env_server.exe Bedroom
UnityEngine.StackTraceUtility:ExtractStackTrace ()
UnityEngine.DebugLogHandler:LogFormat (UnityEngine.LogType,UnityEngine.Object,string,object[])
UnityEngine.Logger:Log (UnityEngine.LogType,object)
UnityEngine.Debug:Log (object)
Meta.XR.Simulator.Utils:ReportInfo (string,string) (at ./Library/PackageCache/com.meta.xr.simulator@74.0.0/Editor/Utils.cs:165)
Meta.XR.Simulator.Editor.SyntheticEnvironments.Installer:ParseSynthEnvScript (string) (at ./Library/PackageCache/com.meta.xr.simulator@74.0.0/Editor/SyntheticEnvironments/Installer.cs:98)
Meta.XR.Simulator.Editor.SyntheticEnvironments.Installer:BuildSyntheticEnvironments () (at ./Library/PackageCache/com.meta.xr.simulator@74.0.0/Editor/SyntheticEnvironments/Installer.cs:76)
Meta.XR.Simulator.Editor.SyntheticEnvironments.Registry:RegisterSyntheticEnvironments () (at ./Library/PackageCache/com.meta.xr.simulator@74.0.0/Editor/SyntheticEnvironments/Registry.cs:97)
Meta.XR.Simulator.Editor.SyntheticEnvironments.Registry:.cctor () (at ./Library/PackageCache/com.meta.xr.simulator@74.0.0/Editor/SyntheticEnvironments/Registry.cs:87)
System.Runtime.CompilerServices.RuntimeHelpers:RunClassConstructor (System.RuntimeTypeHandle)
UnityEditor.EditorAssemblies:ProcessInitializeOnLoadAttributes (System.Type[])

(Filename: ./Library/PackageCache/com.meta.xr.simulator@74.0.0/Editor/Utils.cs Line: 165)

[Synthetic Environments] got match start synth_env_server.exe GameRoom
UnityEngine.StackTraceUtility:ExtractStackTrace ()
UnityEngine.DebugLogHandler:LogFormat (UnityEngine.LogType,UnityEngine.Object,string,object[])
UnityEngine.Logger:Log (UnityEngine.LogType,object)
UnityEngine.Debug:Log (object)
Meta.XR.Simulator.Utils:ReportInfo (string,string) (at ./Library/PackageCache/com.meta.xr.simulator@74.0.0/Editor/Utils.cs:165)
Meta.XR.Simulator.Editor.SyntheticEnvironments.Installer:ParseSynthEnvScript (string) (at ./Library/PackageCache/com.meta.xr.simulator@74.0.0/Editor/SyntheticEnvironments/Installer.cs:98)
Meta.XR.Simulator.Editor.SyntheticEnvironments.Installer:BuildSyntheticEnvironments () (at ./Library/PackageCache/com.meta.xr.simulator@74.0.0/Editor/SyntheticEnvironments/Installer.cs:76)
Meta.XR.Simulator.Editor.SyntheticEnvironments.Registry:RegisterSyntheticEnvironments () (at ./Library/PackageCache/com.meta.xr.simulator@74.0.0/Editor/SyntheticEnvironments/Registry.cs:97)
Meta.XR.Simulator.Editor.SyntheticEnvironments.Registry:.cctor () (at ./Library/PackageCache/com.meta.xr.simulator@74.0.0/Editor/SyntheticEnvironments/Registry.cs:87)
System.Runtime.CompilerServices.RuntimeHelpers:RunClassConstructor (System.RuntimeTypeHandle)
UnityEditor.EditorAssemblies:ProcessInitializeOnLoadAttributes (System.Type[])

(Filename: ./Library/PackageCache/com.meta.xr.simulator@74.0.0/Editor/Utils.cs Line: 165)

[Synthetic Environments] got match start synth_env_server.exe LivingRoom
UnityEngine.StackTraceUtility:ExtractStackTrace ()
UnityEngine.DebugLogHandler:LogFormat (UnityEngine.LogType,UnityEngine.Object,string,object[])
UnityEngine.Logger:Log (UnityEngine.LogType,object)
UnityEngine.Debug:Log (object)
Meta.XR.Simulator.Utils:ReportInfo (string,string) (at ./Library/PackageCache/com.meta.xr.simulator@74.0.0/Editor/Utils.cs:165)
Meta.XR.Simulator.Editor.SyntheticEnvironments.Installer:ParseSynthEnvScript (string) (at ./Library/PackageCache/com.meta.xr.simulator@74.0.0/Editor/SyntheticEnvironments/Installer.cs:98)
Meta.XR.Simulator.Editor.SyntheticEnvironments.Installer:BuildSyntheticEnvironments () (at ./Library/PackageCache/com.meta.xr.simulator@74.0.0/Editor/SyntheticEnvironments/Installer.cs:76)
Meta.XR.Simulator.Editor.SyntheticEnvironments.Registry:RegisterSyntheticEnvironments () (at ./Library/PackageCache/com.meta.xr.simulator@74.0.0/Editor/SyntheticEnvironments/Registry.cs:97)
Meta.XR.Simulator.Editor.SyntheticEnvironments.Registry:.cctor () (at ./Library/PackageCache/com.meta.xr.simulator@74.0.0/Editor/SyntheticEnvironments/Registry.cs:87)
System.Runtime.CompilerServices.RuntimeHelpers:RunClassConstructor (System.RuntimeTypeHandle)
UnityEditor.EditorAssemblies:ProcessInitializeOnLoadAttributes (System.Type[])

(Filename: ./Library/PackageCache/com.meta.xr.simulator@74.0.0/Editor/Utils.cs Line: 165)

[Synthetic Environments] got match start synth_env_server_extra_rooms.exe XRoom2_3
UnityEngine.StackTraceUtility:ExtractStackTrace ()
UnityEngine.DebugLogHandler:LogFormat (UnityEngine.LogType,UnityEngine.Object,string,object[])
UnityEngine.Logger:Log (UnityEngine.LogType,object)
UnityEngine.Debug:Log (object)
Meta.XR.Simulator.Utils:ReportInfo (string,string) (at ./Library/PackageCache/com.meta.xr.simulator@74.0.0/Editor/Utils.cs:165)
Meta.XR.Simulator.Editor.SyntheticEnvironments.Installer:ParseSynthEnvScript (string) (at ./Library/PackageCache/com.meta.xr.simulator@74.0.0/Editor/SyntheticEnvironments/Installer.cs:98)
Meta.XR.Simulator.Editor.SyntheticEnvironments.Installer:BuildSyntheticEnvironments () (at ./Library/PackageCache/com.meta.xr.simulator@74.0.0/Editor/SyntheticEnvironments/Installer.cs:76)
Meta.XR.Simulator.Editor.SyntheticEnvironments.Registry:RegisterSyntheticEnvironments () (at ./Library/PackageCache/com.meta.xr.simulator@74.0.0/Editor/SyntheticEnvironments/Registry.cs:97)
Meta.XR.Simulator.Editor.SyntheticEnvironments.Registry:.cctor () (at ./Library/PackageCache/com.meta.xr.simulator@74.0.0/Editor/SyntheticEnvironments/Registry.cs:87)
System.Runtime.CompilerServices.RuntimeHelpers:RunClassConstructor (System.RuntimeTypeHandle)
UnityEditor.EditorAssemblies:ProcessInitializeOnLoadAttributes (System.Type[])

(Filename: ./Library/PackageCache/com.meta.xr.simulator@74.0.0/Editor/Utils.cs Line: 165)

[Synthetic Environments] got match start synth_env_server_extra_rooms.exe XRoom2_4
UnityEngine.StackTraceUtility:ExtractStackTrace ()
UnityEngine.DebugLogHandler:LogFormat (UnityEngine.LogType,UnityEngine.Object,string,object[])
UnityEngine.Logger:Log (UnityEngine.LogType,object)
UnityEngine.Debug:Log (object)
Meta.XR.Simulator.Utils:ReportInfo (string,string) (at ./Library/PackageCache/com.meta.xr.simulator@74.0.0/Editor/Utils.cs:165)
Meta.XR.Simulator.Editor.SyntheticEnvironments.Installer:ParseSynthEnvScript (string) (at ./Library/PackageCache/com.meta.xr.simulator@74.0.0/Editor/SyntheticEnvironments/Installer.cs:98)
Meta.XR.Simulator.Editor.SyntheticEnvironments.Installer:BuildSyntheticEnvironments () (at ./Library/PackageCache/com.meta.xr.simulator@74.0.0/Editor/SyntheticEnvironments/Installer.cs:76)
Meta.XR.Simulator.Editor.SyntheticEnvironments.Registry:RegisterSyntheticEnvironments () (at ./Library/PackageCache/com.meta.xr.simulator@74.0.0/Editor/SyntheticEnvironments/Registry.cs:97)
Meta.XR.Simulator.Editor.SyntheticEnvironments.Registry:.cctor () (at ./Library/PackageCache/com.meta.xr.simulator@74.0.0/Editor/SyntheticEnvironments/Registry.cs:87)
System.Runtime.CompilerServices.RuntimeHelpers:RunClassConstructor (System.RuntimeTypeHandle)
UnityEditor.EditorAssemblies:ProcessInitializeOnLoadAttributes (System.Type[])

(Filename: ./Library/PackageCache/com.meta.xr.simulator@74.0.0/Editor/Utils.cs Line: 165)

[Synthetic Environments] got match start synth_env_server_extra_rooms.exe XRoom5_6
UnityEngine.StackTraceUtility:ExtractStackTrace ()
UnityEngine.DebugLogHandler:LogFormat (UnityEngine.LogType,UnityEngine.Object,string,object[])
UnityEngine.Logger:Log (UnityEngine.LogType,object)
UnityEngine.Debug:Log (object)
Meta.XR.Simulator.Utils:ReportInfo (string,string) (at ./Library/PackageCache/com.meta.xr.simulator@74.0.0/Editor/Utils.cs:165)
Meta.XR.Simulator.Editor.SyntheticEnvironments.Installer:ParseSynthEnvScript (string) (at ./Library/PackageCache/com.meta.xr.simulator@74.0.0/Editor/SyntheticEnvironments/Installer.cs:98)
Meta.XR.Simulator.Editor.SyntheticEnvironments.Installer:BuildSyntheticEnvironments () (at ./Library/PackageCache/com.meta.xr.simulator@74.0.0/Editor/SyntheticEnvironments/Installer.cs:76)
Meta.XR.Simulator.Editor.SyntheticEnvironments.Registry:RegisterSyntheticEnvironments () (at ./Library/PackageCache/com.meta.xr.simulator@74.0.0/Editor/SyntheticEnvironments/Registry.cs:97)
Meta.XR.Simulator.Editor.SyntheticEnvironments.Registry:.cctor () (at ./Library/PackageCache/com.meta.xr.simulator@74.0.0/Editor/SyntheticEnvironments/Registry.cs:87)
System.Runtime.CompilerServices.RuntimeHelpers:RunClassConstructor (System.RuntimeTypeHandle)
UnityEditor.EditorAssemblies:ProcessInitializeOnLoadAttributes (System.Type[])

(Filename: ./Library/PackageCache/com.meta.xr.simulator@74.0.0/Editor/Utils.cs Line: 165)

[Synthetic Environments] got match start synth_env_server_extra_rooms.exe XRoom5_1
UnityEngine.StackTraceUtility:ExtractStackTrace ()
UnityEngine.DebugLogHandler:LogFormat (UnityEngine.LogType,UnityEngine.Object,string,object[])
UnityEngine.Logger:Log (UnityEngine.LogType,object)
UnityEngine.Debug:Log (object)
Meta.XR.Simulator.Utils:ReportInfo (string,string) (at ./Library/PackageCache/com.meta.xr.simulator@74.0.0/Editor/Utils.cs:165)
Meta.XR.Simulator.Editor.SyntheticEnvironments.Installer:ParseSynthEnvScript (string) (at ./Library/PackageCache/com.meta.xr.simulator@74.0.0/Editor/SyntheticEnvironments/Installer.cs:98)
Meta.XR.Simulator.Editor.SyntheticEnvironments.Installer:BuildSyntheticEnvironments () (at ./Library/PackageCache/com.meta.xr.simulator@74.0.0/Editor/SyntheticEnvironments/Installer.cs:76)
Meta.XR.Simulator.Editor.SyntheticEnvironments.Registry:RegisterSyntheticEnvironments () (at ./Library/PackageCache/com.meta.xr.simulator@74.0.0/Editor/SyntheticEnvironments/Registry.cs:97)
Meta.XR.Simulator.Editor.SyntheticEnvironments.Registry:.cctor () (at ./Library/PackageCache/com.meta.xr.simulator@74.0.0/Editor/SyntheticEnvironments/Registry.cs:87)
System.Runtime.CompilerServices.RuntimeHelpers:RunClassConstructor (System.RuntimeTypeHandle)
UnityEditor.EditorAssemblies:ProcessInitializeOnLoadAttributes (System.Type[])

(Filename: ./Library/PackageCache/com.meta.xr.simulator@74.0.0/Editor/Utils.cs Line: 165)

[Synthetic Environments] got match start synth_env_server_extra_rooms.exe XRoom3_1
UnityEngine.StackTraceUtility:ExtractStackTrace ()
UnityEngine.DebugLogHandler:LogFormat (UnityEngine.LogType,UnityEngine.Object,string,object[])
UnityEngine.Logger:Log (UnityEngine.LogType,object)
UnityEngine.Debug:Log (object)
Meta.XR.Simulator.Utils:ReportInfo (string,string) (at ./Library/PackageCache/com.meta.xr.simulator@74.0.0/Editor/Utils.cs:165)
Meta.XR.Simulator.Editor.SyntheticEnvironments.Installer:ParseSynthEnvScript (string) (at ./Library/PackageCache/com.meta.xr.simulator@74.0.0/Editor/SyntheticEnvironments/Installer.cs:98)
Meta.XR.Simulator.Editor.SyntheticEnvironments.Installer:BuildSyntheticEnvironments () (at ./Library/PackageCache/com.meta.xr.simulator@74.0.0/Editor/SyntheticEnvironments/Installer.cs:76)
Meta.XR.Simulator.Editor.SyntheticEnvironments.Registry:RegisterSyntheticEnvironments () (at ./Library/PackageCache/com.meta.xr.simulator@74.0.0/Editor/SyntheticEnvironments/Registry.cs:97)
Meta.XR.Simulator.Editor.SyntheticEnvironments.Registry:.cctor () (at ./Library/PackageCache/com.meta.xr.simulator@74.0.0/Editor/SyntheticEnvironments/Registry.cs:87)
System.Runtime.CompilerServices.RuntimeHelpers:RunClassConstructor (System.RuntimeTypeHandle)
UnityEditor.EditorAssemblies:ProcessInitializeOnLoadAttributes (System.Type[])

(Filename: ./Library/PackageCache/com.meta.xr.simulator@74.0.0/Editor/Utils.cs Line: 165)

[Synthetic Environments] got match start synth_env_server_extra_rooms.exe XRoom1_2
UnityEngine.StackTraceUtility:ExtractStackTrace ()
UnityEngine.DebugLogHandler:LogFormat (UnityEngine.LogType,UnityEngine.Object,string,object[])
UnityEngine.Logger:Log (UnityEngine.LogType,object)
UnityEngine.Debug:Log (object)
Meta.XR.Simulator.Utils:ReportInfo (string,string) (at ./Library/PackageCache/com.meta.xr.simulator@74.0.0/Editor/Utils.cs:165)
Meta.XR.Simulator.Editor.SyntheticEnvironments.Installer:ParseSynthEnvScript (string) (at ./Library/PackageCache/com.meta.xr.simulator@74.0.0/Editor/SyntheticEnvironments/Installer.cs:98)
Meta.XR.Simulator.Editor.SyntheticEnvironments.Installer:BuildSyntheticEnvironments () (at ./Library/PackageCache/com.meta.xr.simulator@74.0.0/Editor/SyntheticEnvironments/Installer.cs:76)
Meta.XR.Simulator.Editor.SyntheticEnvironments.Registry:RegisterSyntheticEnvironments () (at ./Library/PackageCache/com.meta.xr.simulator@74.0.0/Editor/SyntheticEnvironments/Registry.cs:97)
Meta.XR.Simulator.Editor.SyntheticEnvironments.Registry:.cctor () (at ./Library/PackageCache/com.meta.xr.simulator@74.0.0/Editor/SyntheticEnvironments/Registry.cs:87)
System.Runtime.CompilerServices.RuntimeHelpers:RunClassConstructor (System.RuntimeTypeHandle)
UnityEditor.EditorAssemblies:ProcessInitializeOnLoadAttributes (System.Type[])

(Filename: ./Library/PackageCache/com.meta.xr.simulator@74.0.0/Editor/Utils.cs Line: 165)

[Synthetic Environments] got match start synth_env_server_extra_rooms.exe XRoom1_1
UnityEngine.StackTraceUtility:ExtractStackTrace ()
UnityEngine.DebugLogHandler:LogFormat (UnityEngine.LogType,UnityEngine.Object,string,object[])
UnityEngine.Logger:Log (UnityEngine.LogType,object)
UnityEngine.Debug:Log (object)
Meta.XR.Simulator.Utils:ReportInfo (string,string) (at ./Library/PackageCache/com.meta.xr.simulator@74.0.0/Editor/Utils.cs:165)
Meta.XR.Simulator.Editor.SyntheticEnvironments.Installer:ParseSynthEnvScript (string) (at ./Library/PackageCache/com.meta.xr.simulator@74.0.0/Editor/SyntheticEnvironments/Installer.cs:98)
Meta.XR.Simulator.Editor.SyntheticEnvironments.Installer:BuildSyntheticEnvironments () (at ./Library/PackageCache/com.meta.xr.simulator@74.0.0/Editor/SyntheticEnvironments/Installer.cs:76)
Meta.XR.Simulator.Editor.SyntheticEnvironments.Registry:RegisterSyntheticEnvironments () (at ./Library/PackageCache/com.meta.xr.simulator@74.0.0/Editor/SyntheticEnvironments/Registry.cs:97)
Meta.XR.Simulator.Editor.SyntheticEnvironments.Registry:.cctor () (at ./Library/PackageCache/com.meta.xr.simulator@74.0.0/Editor/SyntheticEnvironments/Registry.cs:87)
System.Runtime.CompilerServices.RuntimeHelpers:RunClassConstructor (System.RuntimeTypeHandle)
UnityEditor.EditorAssemblies:ProcessInitializeOnLoadAttributes (System.Type[])

(Filename: ./Library/PackageCache/com.meta.xr.simulator@74.0.0/Editor/Utils.cs Line: 165)

[Synthetic Environments] got match start synth_env_server_extra_rooms.exe XRoom1_4
UnityEngine.StackTraceUtility:ExtractStackTrace ()
UnityEngine.DebugLogHandler:LogFormat (UnityEngine.LogType,UnityEngine.Object,string,object[])
UnityEngine.Logger:Log (UnityEngine.LogType,object)
UnityEngine.Debug:Log (object)
Meta.XR.Simulator.Utils:ReportInfo (string,string) (at ./Library/PackageCache/com.meta.xr.simulator@74.0.0/Editor/Utils.cs:165)
Meta.XR.Simulator.Editor.SyntheticEnvironments.Installer:ParseSynthEnvScript (string) (at ./Library/PackageCache/com.meta.xr.simulator@74.0.0/Editor/SyntheticEnvironments/Installer.cs:98)
Meta.XR.Simulator.Editor.SyntheticEnvironments.Installer:BuildSyntheticEnvironments () (at ./Library/PackageCache/com.meta.xr.simulator@74.0.0/Editor/SyntheticEnvironments/Installer.cs:76)
Meta.XR.Simulator.Editor.SyntheticEnvironments.Registry:RegisterSyntheticEnvironments () (at ./Library/PackageCache/com.meta.xr.simulator@74.0.0/Editor/SyntheticEnvironments/Registry.cs:97)
Meta.XR.Simulator.Editor.SyntheticEnvironments.Registry:.cctor () (at ./Library/PackageCache/com.meta.xr.simulator@74.0.0/Editor/SyntheticEnvironments/Registry.cs:87)
System.Runtime.CompilerServices.RuntimeHelpers:RunClassConstructor (System.RuntimeTypeHandle)
UnityEditor.EditorAssemblies:ProcessInitializeOnLoadAttributes (System.Type[])

(Filename: ./Library/PackageCache/com.meta.xr.simulator@74.0.0/Editor/Utils.cs Line: 165)

[Package Manager] Server::EnsureServerProcessIsRunning -- launch failed, reason: Unity was launched with the -noUpm command-line argument
[Package Manager] UpmClient::Send -- Unable to send message (not connected to UPM process).
[Package Manager] Cannot connect to Unity Package Manager local server
System.Reflection.TargetInvocationException: Exception has been thrown by the target of an invocation. ---> System.NullReferenceException: Object reference not set to an instance of an object
  at Unity.XR.Oculus.OculusLoader.AssetPathToAbsolutePath (System.String assetPath) [0x0003d] in .\Library\PackageCache\com.unity.xr.oculus@4.2.0\Runtime\OculusLoader.cs:298 
  at Unity.XR.Oculus.OculusLoader.EditorLoadOVRPlugin () [0x0008c] in .\Library\PackageCache\com.unity.xr.oculus@4.2.0\Runtime\OculusLoader.cs:283 
  at (wrapper managed-to-native) System.Reflection.RuntimeMethodInfo.InternalInvoke(System.Reflection.RuntimeMethodInfo,object,object[],System.Exception&)
  at System.Reflection.RuntimeMethodInfo.Invoke (System.Object obj, System.Reflection.BindingFlags invokeAttr, System.Reflection.Binder binder, System.Object[] parameters, System.Globalization.CultureInfo culture) [0x0006a] in <51fded79cd284d4d911c5949aff4cb21>:0 
   --- End of inner exception stack trace ---
  at System.Reflection.RuntimeMethodInfo.Invoke (System.Object obj, System.Reflection.BindingFlags invokeAttr, System.Reflection.Binder binder, System.Object[] parameters, System.Globalization.CultureInfo culture) [0x00083] in <51fded79cd284d4d911c5949aff4cb21>:0 
  at System.Reflection.MethodBase.Invoke (System.Object obj, System.Object[] parameters) [0x00000] in <51fded79cd284d4d911c5949aff4cb21>:0 
  at UnityEditor.EditorAssemblies.ProcessInitializeOnLoadMethodAttributes () [0x000a5] in <2201ab87e660427c974282df3bb3cf36>:0 
UnityEngine.StackTraceUtility:ExtractStackTrace ()
UnityEngine.DebugLogHandler:LogFormat (UnityEngine.LogType,UnityEngine.Object,string,object[])
UnityEngine.Logger:Log (UnityEngine.LogType,object)
UnityEngine.Debug:LogError (object)
UnityEditor.EditorAssemblies:ProcessInitializeOnLoadMethodAttributes ()

Mono: successfully reloaded assembly
[Package Manager] Server::EnsureServerProcessIsRunning -- launch failed, reason: Unity was launched with the -noUpm command-line argument
[Package Manager] UpmClient::Send -- Unable to send message (not connected to UPM process).
[Package Manager] Cannot connect to Unity Package Manager local server
- Finished resetting the current domain, in  0.957 seconds
Domain Reload Profiling: 1402ms
	BeginReloadAssembly (153ms)
		ExecutionOrderSort (0ms)
		DisableScriptedObjects (4ms)
		BackupInstance (0ms)
		ReleaseScriptingObjects (0ms)
		CreateAndSetChildDomain (35ms)
	RebuildCommonClasses (29ms)
	RebuildNativeTypeToScriptingClass (10ms)
	initialDomainReloadingComplete (27ms)
	LoadAllAssembliesAndSetupDomain (225ms)
		LoadAssemblies (271ms)
		RebuildTransferFunctionScriptingTraits (0ms)
		AnalyzeDomain (35ms)
			TypeCache.Refresh (12ms)
				TypeCache.ScanAssembly (1ms)
			ScanForSourceGeneratedMonoScriptInfo (8ms)
			ResolveRequiredComponents (14ms)
	FinalizeReload (957ms)
		ReleaseScriptCaches (0ms)
		RebuildScriptCaches (0ms)
		SetupLoadedEditorAssemblies (559ms)
			LogAssemblyErrors (0ms)
			InitializePlatformSupportModulesInManaged (30ms)
			SetLoadedEditorAssemblies (5ms)
			RefreshPlugins (0ms)
			BeforeProcessingInitializeOnLoad (95ms)
			ProcessInitializeOnLoadAttributes (382ms)
			ProcessInitializeOnLoadMethodAttributes (34ms)
			AfterProcessingInitializeOnLoad (11ms)
			EditorAssembliesLoaded (0ms)
		ExecutionOrderSort2 (0ms)
		AwakeInstancesAfterBackupRestoration (8ms)
Shader 'Meta/MRUK/Scene/HighlightsAndShadows': fallback shader 'Off' not found
Shader 'Oculus/OVRMRCameraFrameLit': fallback shader 'Alpha-Diffuse' not found
Refreshing native plugins compatible for Editor in 16.05 ms, found 10 plugins.
Preloading 3 native plugins for Editor in 0.25 ms.
Unloading 3063 Unused Serialized files (Serialized files now loaded: 0)
Unloading 52 unused Assets / (471.9 KB). Loaded Objects now: 3632.
Memory consumption went from 144.4 MB to 144.0 MB.
Total: 6.049300 ms (FindLiveObjects: 0.260300 ms CreateObjectMapping: 0.225700 ms MarkObjects: 5.290800 ms  DeleteObjects: 0.271500 ms)

Prepare: number of updated asset objects reloaded= 0
AssetImportParameters requested are different than current active one (requested -> active):
  custom:video-decoder-webm-vp8: 9c59270c3fd7afecdb556c50c9e8de78 -> 
  custom:SearchIndexIgnoredProperties: e643bd26f0fe6173181afceb89e7c659 -> 
  custom:container-demuxer-ogg: 62fdf1f143b41e24485cea50d1cbac27 -> 
  custom:AudioImporter_EditorPlatform: d09bf68614088b80899f8185d706f6e7 -> 
  custom:video-codec-MediaFoundation-h265: 746d11721c4dcdbdad8f713fa42b33f4 -> 
  custom:video-decoder-ogg-theora: a1e56fd34408186e4bbccfd4996cb3dc -> 
  custom:framework-win-MediaFoundation: 216162199b28c13a410421893ffa2e32 -> 
  custom:video-encoder-webm-vp8: eb34c28f22e8b96e1ab97ce403110664 -> 
  custom:audio-decoder-ogg-vorbis: bf7c407c2cedff20999df2af8eb42d56 -> 
  custom:CustomObjectIndexerAttribute: 9a22284fe3817be447336de3de66b15e -> 
  custom:container-demuxer-webm: 4f35f7cbe854078d1ac9338744f61a02 -> 
  custom:audio-encoder-webm-vorbis: bf7c407c2cedff20999df2af8eb42d56 -> 
  custom:container-muxer-webm: aa71ff27fc2769a1b78a27578f13a17b -> 
========================================================================
Received Prepare
Begin MonoManager ReloadAssembly
Symbol file LoadedFromMemory is not a mono symbol file
- Loaded All Assemblies, in  0.476 seconds
Refreshing native plugins compatible for Editor in 15.62 ms, found 10 plugins.
Native extension for UWP target not found
Native extension for WindowsStandalone target not found
Native extension for Android target not found
Native extension for WebGL target not found
[Package Manager] Server::EnsureServerProcessIsRunning -- launch failed, reason: Unity was launched with the -noUpm command-line argument
[Package Manager] UpmClient::Send -- Unable to send message (not connected to UPM process).
[Package Manager] Cannot connect to Unity Package Manager local server
[Package Manager] Server::EnsureServerProcessIsRunning -- launch failed, reason: Unity was launched with the -noUpm command-line argument
[Package Manager] UpmClient::Send -- Unable to send message (not connected to UPM process).
[Package Manager] Cannot connect to Unity Package Manager local server
[Synthetic Environments] got match start synth_env_server.exe Bedroom
UnityEngine.StackTraceUtility:ExtractStackTrace ()
UnityEngine.DebugLogHandler:LogFormat (UnityEngine.LogType,UnityEngine.Object,string,object[])
UnityEngine.Logger:Log (UnityEngine.LogType,object)
UnityEngine.Debug:Log (object)
Meta.XR.Simulator.Utils:ReportInfo (string,string) (at ./Library/PackageCache/com.meta.xr.simulator@74.0.0/Editor/Utils.cs:165)
Meta.XR.Simulator.Editor.SyntheticEnvironments.Installer:ParseSynthEnvScript (string) (at ./Library/PackageCache/com.meta.xr.simulator@74.0.0/Editor/SyntheticEnvironments/Installer.cs:98)
Meta.XR.Simulator.Editor.SyntheticEnvironments.Installer:BuildSyntheticEnvironments () (at ./Library/PackageCache/com.meta.xr.simulator@74.0.0/Editor/SyntheticEnvironments/Installer.cs:76)
Meta.XR.Simulator.Editor.SyntheticEnvironments.Registry:RegisterSyntheticEnvironments () (at ./Library/PackageCache/com.meta.xr.simulator@74.0.0/Editor/SyntheticEnvironments/Registry.cs:97)
Meta.XR.Simulator.Editor.SyntheticEnvironments.Registry:.cctor () (at ./Library/PackageCache/com.meta.xr.simulator@74.0.0/Editor/SyntheticEnvironments/Registry.cs:87)
System.Runtime.CompilerServices.RuntimeHelpers:RunClassConstructor (System.RuntimeTypeHandle)
UnityEditor.EditorAssemblies:ProcessInitializeOnLoadAttributes (System.Type[])

(Filename: ./Library/PackageCache/com.meta.xr.simulator@74.0.0/Editor/Utils.cs Line: 165)

[Synthetic Environments] got match start synth_env_server.exe GameRoom
UnityEngine.StackTraceUtility:ExtractStackTrace ()
UnityEngine.DebugLogHandler:LogFormat (UnityEngine.LogType,UnityEngine.Object,string,object[])
UnityEngine.Logger:Log (UnityEngine.LogType,object)
UnityEngine.Debug:Log (object)
Meta.XR.Simulator.Utils:ReportInfo (string,string) (at ./Library/PackageCache/com.meta.xr.simulator@74.0.0/Editor/Utils.cs:165)
Meta.XR.Simulator.Editor.SyntheticEnvironments.Installer:ParseSynthEnvScript (string) (at ./Library/PackageCache/com.meta.xr.simulator@74.0.0/Editor/SyntheticEnvironments/Installer.cs:98)
Meta.XR.Simulator.Editor.SyntheticEnvironments.Installer:BuildSyntheticEnvironments () (at ./Library/PackageCache/com.meta.xr.simulator@74.0.0/Editor/SyntheticEnvironments/Installer.cs:76)
Meta.XR.Simulator.Editor.SyntheticEnvironments.Registry:RegisterSyntheticEnvironments () (at ./Library/PackageCache/com.meta.xr.simulator@74.0.0/Editor/SyntheticEnvironments/Registry.cs:97)
Meta.XR.Simulator.Editor.SyntheticEnvironments.Registry:.cctor () (at ./Library/PackageCache/com.meta.xr.simulator@74.0.0/Editor/SyntheticEnvironments/Registry.cs:87)
System.Runtime.CompilerServices.RuntimeHelpers:RunClassConstructor (System.RuntimeTypeHandle)
UnityEditor.EditorAssemblies:ProcessInitializeOnLoadAttributes (System.Type[])

(Filename: ./Library/PackageCache/com.meta.xr.simulator@74.0.0/Editor/Utils.cs Line: 165)

[Synthetic Environments] got match start synth_env_server.exe LivingRoom
UnityEngine.StackTraceUtility:ExtractStackTrace ()
UnityEngine.DebugLogHandler:LogFormat (UnityEngine.LogType,UnityEngine.Object,string,object[])
UnityEngine.Logger:Log (UnityEngine.LogType,object)
UnityEngine.Debug:Log (object)
Meta.XR.Simulator.Utils:ReportInfo (string,string) (at ./Library/PackageCache/com.meta.xr.simulator@74.0.0/Editor/Utils.cs:165)
Meta.XR.Simulator.Editor.SyntheticEnvironments.Installer:ParseSynthEnvScript (string) (at ./Library/PackageCache/com.meta.xr.simulator@74.0.0/Editor/SyntheticEnvironments/Installer.cs:98)
Meta.XR.Simulator.Editor.SyntheticEnvironments.Installer:BuildSyntheticEnvironments () (at ./Library/PackageCache/com.meta.xr.simulator@74.0.0/Editor/SyntheticEnvironments/Installer.cs:76)
Meta.XR.Simulator.Editor.SyntheticEnvironments.Registry:RegisterSyntheticEnvironments () (at ./Library/PackageCache/com.meta.xr.simulator@74.0.0/Editor/SyntheticEnvironments/Registry.cs:97)
Meta.XR.Simulator.Editor.SyntheticEnvironments.Registry:.cctor () (at ./Library/PackageCache/com.meta.xr.simulator@74.0.0/Editor/SyntheticEnvironments/Registry.cs:87)
System.Runtime.CompilerServices.RuntimeHelpers:RunClassConstructor (System.RuntimeTypeHandle)
UnityEditor.EditorAssemblies:ProcessInitializeOnLoadAttributes (System.Type[])

(Filename: ./Library/PackageCache/com.meta.xr.simulator@74.0.0/Editor/Utils.cs Line: 165)

[Synthetic Environments] got match start synth_env_server_extra_rooms.exe XRoom2_3
UnityEngine.StackTraceUtility:ExtractStackTrace ()
UnityEngine.DebugLogHandler:LogFormat (UnityEngine.LogType,UnityEngine.Object,string,object[])
UnityEngine.Logger:Log (UnityEngine.LogType,object)
UnityEngine.Debug:Log (object)
Meta.XR.Simulator.Utils:ReportInfo (string,string) (at ./Library/PackageCache/com.meta.xr.simulator@74.0.0/Editor/Utils.cs:165)
Meta.XR.Simulator.Editor.SyntheticEnvironments.Installer:ParseSynthEnvScript (string) (at ./Library/PackageCache/com.meta.xr.simulator@74.0.0/Editor/SyntheticEnvironments/Installer.cs:98)
Meta.XR.Simulator.Editor.SyntheticEnvironments.Installer:BuildSyntheticEnvironments () (at ./Library/PackageCache/com.meta.xr.simulator@74.0.0/Editor/SyntheticEnvironments/Installer.cs:76)
Meta.XR.Simulator.Editor.SyntheticEnvironments.Registry:RegisterSyntheticEnvironments () (at ./Library/PackageCache/com.meta.xr.simulator@74.0.0/Editor/SyntheticEnvironments/Registry.cs:97)
Meta.XR.Simulator.Editor.SyntheticEnvironments.Registry:.cctor () (at ./Library/PackageCache/com.meta.xr.simulator@74.0.0/Editor/SyntheticEnvironments/Registry.cs:87)
System.Runtime.CompilerServices.RuntimeHelpers:RunClassConstructor (System.RuntimeTypeHandle)
UnityEditor.EditorAssemblies:ProcessInitializeOnLoadAttributes (System.Type[])

(Filename: ./Library/PackageCache/com.meta.xr.simulator@74.0.0/Editor/Utils.cs Line: 165)

[Synthetic Environments] got match start synth_env_server_extra_rooms.exe XRoom2_4
UnityEngine.StackTraceUtility:ExtractStackTrace ()
UnityEngine.DebugLogHandler:LogFormat (UnityEngine.LogType,UnityEngine.Object,string,object[])
UnityEngine.Logger:Log (UnityEngine.LogType,object)
UnityEngine.Debug:Log (object)
Meta.XR.Simulator.Utils:ReportInfo (string,string) (at ./Library/PackageCache/com.meta.xr.simulator@74.0.0/Editor/Utils.cs:165)
Meta.XR.Simulator.Editor.SyntheticEnvironments.Installer:ParseSynthEnvScript (string) (at ./Library/PackageCache/com.meta.xr.simulator@74.0.0/Editor/SyntheticEnvironments/Installer.cs:98)
Meta.XR.Simulator.Editor.SyntheticEnvironments.Installer:BuildSyntheticEnvironments () (at ./Library/PackageCache/com.meta.xr.simulator@74.0.0/Editor/SyntheticEnvironments/Installer.cs:76)
Meta.XR.Simulator.Editor.SyntheticEnvironments.Registry:RegisterSyntheticEnvironments () (at ./Library/PackageCache/com.meta.xr.simulator@74.0.0/Editor/SyntheticEnvironments/Registry.cs:97)
Meta.XR.Simulator.Editor.SyntheticEnvironments.Registry:.cctor () (at ./Library/PackageCache/com.meta.xr.simulator@74.0.0/Editor/SyntheticEnvironments/Registry.cs:87)
System.Runtime.CompilerServices.RuntimeHelpers:RunClassConstructor (System.RuntimeTypeHandle)
UnityEditor.EditorAssemblies:ProcessInitializeOnLoadAttributes (System.Type[])

(Filename: ./Library/PackageCache/com.meta.xr.simulator@74.0.0/Editor/Utils.cs Line: 165)

[Synthetic Environments] got match start synth_env_server_extra_rooms.exe XRoom5_6
UnityEngine.StackTraceUtility:ExtractStackTrace ()
UnityEngine.DebugLogHandler:LogFormat (UnityEngine.LogType,UnityEngine.Object,string,object[])
UnityEngine.Logger:Log (UnityEngine.LogType,object)
UnityEngine.Debug:Log (object)
Meta.XR.Simulator.Utils:ReportInfo (string,string) (at ./Library/PackageCache/com.meta.xr.simulator@74.0.0/Editor/Utils.cs:165)
Meta.XR.Simulator.Editor.SyntheticEnvironments.Installer:ParseSynthEnvScript (string) (at ./Library/PackageCache/com.meta.xr.simulator@74.0.0/Editor/SyntheticEnvironments/Installer.cs:98)
Meta.XR.Simulator.Editor.SyntheticEnvironments.Installer:BuildSyntheticEnvironments () (at ./Library/PackageCache/com.meta.xr.simulator@74.0.0/Editor/SyntheticEnvironments/Installer.cs:76)
Meta.XR.Simulator.Editor.SyntheticEnvironments.Registry:RegisterSyntheticEnvironments () (at ./Library/PackageCache/com.meta.xr.simulator@74.0.0/Editor/SyntheticEnvironments/Registry.cs:97)
Meta.XR.Simulator.Editor.SyntheticEnvironments.Registry:.cctor () (at ./Library/PackageCache/com.meta.xr.simulator@74.0.0/Editor/SyntheticEnvironments/Registry.cs:87)
System.Runtime.CompilerServices.RuntimeHelpers:RunClassConstructor (System.RuntimeTypeHandle)
UnityEditor.EditorAssemblies:ProcessInitializeOnLoadAttributes (System.Type[])

(Filename: ./Library/PackageCache/com.meta.xr.simulator@74.0.0/Editor/Utils.cs Line: 165)

[Synthetic Environments] got match start synth_env_server_extra_rooms.exe XRoom5_1
UnityEngine.StackTraceUtility:ExtractStackTrace ()
UnityEngine.DebugLogHandler:LogFormat (UnityEngine.LogType,UnityEngine.Object,string,object[])
UnityEngine.Logger:Log (UnityEngine.LogType,object)
UnityEngine.Debug:Log (object)
Meta.XR.Simulator.Utils:ReportInfo (string,string) (at ./Library/PackageCache/com.meta.xr.simulator@74.0.0/Editor/Utils.cs:165)
Meta.XR.Simulator.Editor.SyntheticEnvironments.Installer:ParseSynthEnvScript (string) (at ./Library/PackageCache/com.meta.xr.simulator@74.0.0/Editor/SyntheticEnvironments/Installer.cs:98)
Meta.XR.Simulator.Editor.SyntheticEnvironments.Installer:BuildSyntheticEnvironments () (at ./Library/PackageCache/com.meta.xr.simulator@74.0.0/Editor/SyntheticEnvironments/Installer.cs:76)
Meta.XR.Simulator.Editor.SyntheticEnvironments.Registry:RegisterSyntheticEnvironments () (at ./Library/PackageCache/com.meta.xr.simulator@74.0.0/Editor/SyntheticEnvironments/Registry.cs:97)
Meta.XR.Simulator.Editor.SyntheticEnvironments.Registry:.cctor () (at ./Library/PackageCache/com.meta.xr.simulator@74.0.0/Editor/SyntheticEnvironments/Registry.cs:87)
System.Runtime.CompilerServices.RuntimeHelpers:RunClassConstructor (System.RuntimeTypeHandle)
UnityEditor.EditorAssemblies:ProcessInitializeOnLoadAttributes (System.Type[])

(Filename: ./Library/PackageCache/com.meta.xr.simulator@74.0.0/Editor/Utils.cs Line: 165)

[Synthetic Environments] got match start synth_env_server_extra_rooms.exe XRoom3_1
UnityEngine.StackTraceUtility:ExtractStackTrace ()
UnityEngine.DebugLogHandler:LogFormat (UnityEngine.LogType,UnityEngine.Object,string,object[])
UnityEngine.Logger:Log (UnityEngine.LogType,object)
UnityEngine.Debug:Log (object)
Meta.XR.Simulator.Utils:ReportInfo (string,string) (at ./Library/PackageCache/com.meta.xr.simulator@74.0.0/Editor/Utils.cs:165)
Meta.XR.Simulator.Editor.SyntheticEnvironments.Installer:ParseSynthEnvScript (string) (at ./Library/PackageCache/com.meta.xr.simulator@74.0.0/Editor/SyntheticEnvironments/Installer.cs:98)
Meta.XR.Simulator.Editor.SyntheticEnvironments.Installer:BuildSyntheticEnvironments () (at ./Library/PackageCache/com.meta.xr.simulator@74.0.0/Editor/SyntheticEnvironments/Installer.cs:76)
Meta.XR.Simulator.Editor.SyntheticEnvironments.Registry:RegisterSyntheticEnvironments () (at ./Library/PackageCache/com.meta.xr.simulator@74.0.0/Editor/SyntheticEnvironments/Registry.cs:97)
Meta.XR.Simulator.Editor.SyntheticEnvironments.Registry:.cctor () (at ./Library/PackageCache/com.meta.xr.simulator@74.0.0/Editor/SyntheticEnvironments/Registry.cs:87)
System.Runtime.CompilerServices.RuntimeHelpers:RunClassConstructor (System.RuntimeTypeHandle)
UnityEditor.EditorAssemblies:ProcessInitializeOnLoadAttributes (System.Type[])

(Filename: ./Library/PackageCache/com.meta.xr.simulator@74.0.0/Editor/Utils.cs Line: 165)

[Synthetic Environments] got match start synth_env_server_extra_rooms.exe XRoom1_2
UnityEngine.StackTraceUtility:ExtractStackTrace ()
UnityEngine.DebugLogHandler:LogFormat (UnityEngine.LogType,UnityEngine.Object,string,object[])
UnityEngine.Logger:Log (UnityEngine.LogType,object)
UnityEngine.Debug:Log (object)
Meta.XR.Simulator.Utils:ReportInfo (string,string) (at ./Library/PackageCache/com.meta.xr.simulator@74.0.0/Editor/Utils.cs:165)
Meta.XR.Simulator.Editor.SyntheticEnvironments.Installer:ParseSynthEnvScript (string) (at ./Library/PackageCache/com.meta.xr.simulator@74.0.0/Editor/SyntheticEnvironments/Installer.cs:98)
Meta.XR.Simulator.Editor.SyntheticEnvironments.Installer:BuildSyntheticEnvironments () (at ./Library/PackageCache/com.meta.xr.simulator@74.0.0/Editor/SyntheticEnvironments/Installer.cs:76)
Meta.XR.Simulator.Editor.SyntheticEnvironments.Registry:RegisterSyntheticEnvironments () (at ./Library/PackageCache/com.meta.xr.simulator@74.0.0/Editor/SyntheticEnvironments/Registry.cs:97)
Meta.XR.Simulator.Editor.SyntheticEnvironments.Registry:.cctor () (at ./Library/PackageCache/com.meta.xr.simulator@74.0.0/Editor/SyntheticEnvironments/Registry.cs:87)
System.Runtime.CompilerServices.RuntimeHelpers:RunClassConstructor (System.RuntimeTypeHandle)
UnityEditor.EditorAssemblies:ProcessInitializeOnLoadAttributes (System.Type[])

(Filename: ./Library/PackageCache/com.meta.xr.simulator@74.0.0/Editor/Utils.cs Line: 165)

[Synthetic Environments] got match start synth_env_server_extra_rooms.exe XRoom1_1
UnityEngine.StackTraceUtility:ExtractStackTrace ()
UnityEngine.DebugLogHandler:LogFormat (UnityEngine.LogType,UnityEngine.Object,string,object[])
UnityEngine.Logger:Log (UnityEngine.LogType,object)
UnityEngine.Debug:Log (object)
Meta.XR.Simulator.Utils:ReportInfo (string,string) (at ./Library/PackageCache/com.meta.xr.simulator@74.0.0/Editor/Utils.cs:165)
Meta.XR.Simulator.Editor.SyntheticEnvironments.Installer:ParseSynthEnvScript (string) (at ./Library/PackageCache/com.meta.xr.simulator@74.0.0/Editor/SyntheticEnvironments/Installer.cs:98)
Meta.XR.Simulator.Editor.SyntheticEnvironments.Installer:BuildSyntheticEnvironments () (at ./Library/PackageCache/com.meta.xr.simulator@74.0.0/Editor/SyntheticEnvironments/Installer.cs:76)
Meta.XR.Simulator.Editor.SyntheticEnvironments.Registry:RegisterSyntheticEnvironments () (at ./Library/PackageCache/com.meta.xr.simulator@74.0.0/Editor/SyntheticEnvironments/Registry.cs:97)
Meta.XR.Simulator.Editor.SyntheticEnvironments.Registry:.cctor () (at ./Library/PackageCache/com.meta.xr.simulator@74.0.0/Editor/SyntheticEnvironments/Registry.cs:87)
System.Runtime.CompilerServices.RuntimeHelpers:RunClassConstructor (System.RuntimeTypeHandle)
UnityEditor.EditorAssemblies:ProcessInitializeOnLoadAttributes (System.Type[])

(Filename: ./Library/PackageCache/com.meta.xr.simulator@74.0.0/Editor/Utils.cs Line: 165)

[Synthetic Environments] got match start synth_env_server_extra_rooms.exe XRoom1_4
UnityEngine.StackTraceUtility:ExtractStackTrace ()
UnityEngine.DebugLogHandler:LogFormat (UnityEngine.LogType,UnityEngine.Object,string,object[])
UnityEngine.Logger:Log (UnityEngine.LogType,object)
UnityEngine.Debug:Log (object)
Meta.XR.Simulator.Utils:ReportInfo (string,string) (at ./Library/PackageCache/com.meta.xr.simulator@74.0.0/Editor/Utils.cs:165)
Meta.XR.Simulator.Editor.SyntheticEnvironments.Installer:ParseSynthEnvScript (string) (at ./Library/PackageCache/com.meta.xr.simulator@74.0.0/Editor/SyntheticEnvironments/Installer.cs:98)
Meta.XR.Simulator.Editor.SyntheticEnvironments.Installer:BuildSyntheticEnvironments () (at ./Library/PackageCache/com.meta.xr.simulator@74.0.0/Editor/SyntheticEnvironments/Installer.cs:76)
Meta.XR.Simulator.Editor.SyntheticEnvironments.Registry:RegisterSyntheticEnvironments () (at ./Library/PackageCache/com.meta.xr.simulator@74.0.0/Editor/SyntheticEnvironments/Registry.cs:97)
Meta.XR.Simulator.Editor.SyntheticEnvironments.Registry:.cctor () (at ./Library/PackageCache/com.meta.xr.simulator@74.0.0/Editor/SyntheticEnvironments/Registry.cs:87)
System.Runtime.CompilerServices.RuntimeHelpers:RunClassConstructor (System.RuntimeTypeHandle)
UnityEditor.EditorAssemblies:ProcessInitializeOnLoadAttributes (System.Type[])

(Filename: ./Library/PackageCache/com.meta.xr.simulator@74.0.0/Editor/Utils.cs Line: 165)

[Package Manager] Server::EnsureServerProcessIsRunning -- launch failed, reason: Unity was launched with the -noUpm command-line argument
[Package Manager] UpmClient::Send -- Unable to send message (not connected to UPM process).
[Package Manager] Cannot connect to Unity Package Manager local server
System.Reflection.TargetInvocationException: Exception has been thrown by the target of an invocation. ---> System.NullReferenceException: Object reference not set to an instance of an object
  at Unity.XR.Oculus.OculusLoader.AssetPathToAbsolutePath (System.String assetPath) [0x0003d] in .\Library\PackageCache\com.unity.xr.oculus@4.2.0\Runtime\OculusLoader.cs:298 
  at Unity.XR.Oculus.OculusLoader.EditorLoadOVRPlugin () [0x0008c] in .\Library\PackageCache\com.unity.xr.oculus@4.2.0\Runtime\OculusLoader.cs:283 
  at (wrapper managed-to-native) System.Reflection.RuntimeMethodInfo.InternalInvoke(System.Reflection.RuntimeMethodInfo,object,object[],System.Exception&)
  at System.Reflection.RuntimeMethodInfo.Invoke (System.Object obj, System.Reflection.BindingFlags invokeAttr, System.Reflection.Binder binder, System.Object[] parameters, System.Globalization.CultureInfo culture) [0x0006a] in <51fded79cd284d4d911c5949aff4cb21>:0 
   --- End of inner exception stack trace ---
  at System.Reflection.RuntimeMethodInfo.Invoke (System.Object obj, System.Reflection.BindingFlags invokeAttr, System.Reflection.Binder binder, System.Object[] parameters, System.Globalization.CultureInfo culture) [0x00083] in <51fded79cd284d4d911c5949aff4cb21>:0 
  at System.Reflection.MethodBase.Invoke (System.Object obj, System.Object[] parameters) [0x00000] in <51fded79cd284d4d911c5949aff4cb21>:0 
  at UnityEditor.EditorAssemblies.ProcessInitializeOnLoadMethodAttributes () [0x000a5] in <2201ab87e660427c974282df3bb3cf36>:0 
UnityEngine.StackTraceUtility:ExtractStackTrace ()
UnityEngine.DebugLogHandler:LogFormat (UnityEngine.LogType,UnityEngine.Object,string,object[])
UnityEngine.Logger:Log (UnityEngine.LogType,object)
UnityEngine.Debug:LogError (object)
UnityEditor.EditorAssemblies:ProcessInitializeOnLoadMethodAttributes ()

Mono: successfully reloaded assembly
[Package Manager] Server::EnsureServerProcessIsRunning -- launch failed, reason: Unity was launched with the -noUpm command-line argument
[Package Manager] UpmClient::Send -- Unable to send message (not connected to UPM process).
[Package Manager] Cannot connect to Unity Package Manager local server
- Finished resetting the current domain, in  5.535 seconds
Domain Reload Profiling: 6003ms
	BeginReloadAssembly (153ms)
		ExecutionOrderSort (0ms)
		DisableScriptedObjects (4ms)
		BackupInstance (0ms)
		ReleaseScriptingObjects (0ms)
		CreateAndSetChildDomain (31ms)
	RebuildCommonClasses (31ms)
	RebuildNativeTypeToScriptingClass (13ms)
	initialDomainReloadingComplete (27ms)
	LoadAllAssembliesAndSetupDomain (243ms)
		LoadAssemblies (295ms)
		RebuildTransferFunctionScriptingTraits (0ms)
		AnalyzeDomain (33ms)
			TypeCache.Refresh (9ms)
				TypeCache.ScanAssembly (1ms)
			ScanForSourceGeneratedMonoScriptInfo (8ms)
			ResolveRequiredComponents (14ms)
	FinalizeReload (5536ms)
		ReleaseScriptCaches (0ms)
		RebuildScriptCaches (0ms)
		SetupLoadedEditorAssemblies (529ms)
			LogAssemblyErrors (0ms)
			InitializePlatformSupportModulesInManaged (27ms)
			SetLoadedEditorAssemblies (6ms)
			RefreshPlugins (0ms)
			BeforeProcessingInitializeOnLoad (88ms)
			ProcessInitializeOnLoadAttributes (365ms)
			ProcessInitializeOnLoadMethodAttributes (31ms)
			AfterProcessingInitializeOnLoad (11ms)
			EditorAssembliesLoaded (0ms)
		ExecutionOrderSort2 (0ms)
		AwakeInstancesAfterBackupRestoration (8ms)
Shader 'Meta/MRUK/Scene/HighlightsAndShadows': fallback shader 'Off' not found
Shader 'Oculus/OVRMRCameraFrameLit': fallback shader 'Alpha-Diffuse' not found
Refreshing native plugins compatible for Editor in 16.98 ms, found 10 plugins.
Preloading 3 native plugins for Editor in 0.26 ms.
Unloading 3064 Unused Serialized files (Serialized files now loaded: 0)
Unloading 52 unused Assets / (463.7 KB). Loaded Objects now: 3633.
Memory consumption went from 144.7 MB to 144.2 MB.
Total: 5.638100 ms (FindLiveObjects: 0.260300 ms CreateObjectMapping: 0.241100 ms MarkObjects: 4.864800 ms  DeleteObjects: 0.270400 ms)

Prepare: number of updated asset objects reloaded= 0
AssetImportParameters requested are different than current active one (requested -> active):
  custom:video-decoder-webm-vp8: 9c59270c3fd7afecdb556c50c9e8de78 -> 
  custom:SearchIndexIgnoredProperties: e643bd26f0fe6173181afceb89e7c659 -> 
  custom:container-demuxer-ogg: 62fdf1f143b41e24485cea50d1cbac27 -> 
  custom:AudioImporter_EditorPlatform: d09bf68614088b80899f8185d706f6e7 -> 
  custom:video-codec-MediaFoundation-h265: 746d11721c4dcdbdad8f713fa42b33f4 -> 
  custom:video-decoder-ogg-theora: a1e56fd34408186e4bbccfd4996cb3dc -> 
  custom:framework-win-MediaFoundation: 216162199b28c13a410421893ffa2e32 -> 
  custom:video-encoder-webm-vp8: eb34c28f22e8b96e1ab97ce403110664 -> 
  custom:audio-decoder-ogg-vorbis: bf7c407c2cedff20999df2af8eb42d56 -> 
  custom:CustomObjectIndexerAttribute: 9a22284fe3817be447336de3de66b15e -> 
  custom:container-demuxer-webm: 4f35f7cbe854078d1ac9338744f61a02 -> 
  custom:audio-encoder-webm-vorbis: bf7c407c2cedff20999df2af8eb42d56 -> 
  custom:container-muxer-webm: aa71ff27fc2769a1b78a27578f13a17b -> 
========================================================================
Received Import Request.
  Time since last request: 170.674485 seconds.
  path: Assets/BowlingAlleyScripts/GutterDeadzone.cs
  artifactKey: Guid(d2524a02080b9ca41861dfd0d149caa6) Importer(815301076,1909f56bfc062723c751e8b465ee728b)
Start importing Assets/BowlingAlleyScripts/GutterDeadzone.cs using Guid(d2524a02080b9ca41861dfd0d149caa6) Importer(815301076,1909f56bfc062723c751e8b465ee728b) [PhysX] Initialized MultithreadedTaskDispatcher with 16 workers.
 -> (artifact id: 'a4f828a1ec59a632f151fc0b56f6bfcf') in 0.010453 seconds
Number of updated asset objects reloaded before import = 0
Number of asset objects unloaded after import = 0
========================================================================
Received Import Request.
  Time since last request: 44.294190 seconds.
  path: Assets/PBS Materials Variety Pack/zzz/coming_soon.mat
  artifactKey: Guid(9f810ed2bf8164286a3c20372abf2a65) Importer(815301076,1909f56bfc062723c751e8b465ee728b)
Start importing Assets/PBS Materials Variety Pack/zzz/coming_soon.mat using Guid(9f810ed2bf8164286a3c20372abf2a65) Importer(815301076,1909f56bfc062723c751e8b465ee728b) [PhysX] Initialized MultithreadedTaskDispatcher with 16 workers.
[PhysX] Initialized MultithreadedTaskDispatcher with 16 workers.
 -> (artifact id: '23a65e9c8004be12f7b066b8a86375b8') in 0.099428 seconds
Number of updated asset objects reloaded before import = 0
Number of asset objects unloaded after import = 2
========================================================================
Received Prepare
Begin MonoManager ReloadAssembly
Symbol file LoadedFromMemory is not a mono symbol file
- Loaded All Assemblies, in  0.448 seconds
Refreshing native plugins compatible for Editor in 17.27 ms, found 10 plugins.
Native extension for UWP target not found
Native extension for WindowsStandalone target not found
Native extension for Android target not found
Native extension for WebGL target not found
[Package Manager] Server::EnsureServerProcessIsRunning -- launch failed, reason: Unity was launched with the -noUpm command-line argument
[Package Manager] UpmClient::Send -- Unable to send message (not connected to UPM process).
[Package Manager] Cannot connect to Unity Package Manager local server
[Package Manager] Server::EnsureServerProcessIsRunning -- launch failed, reason: Unity was launched with the -noUpm command-line argument
[Package Manager] UpmClient::Send -- Unable to send message (not connected to UPM process).
[Package Manager] Cannot connect to Unity Package Manager local server
[Synthetic Environments] got match start synth_env_server.exe Bedroom
UnityEngine.StackTraceUtility:ExtractStackTrace ()
UnityEngine.DebugLogHandler:LogFormat (UnityEngine.LogType,UnityEngine.Object,string,object[])
UnityEngine.Logger:Log (UnityEngine.LogType,object)
UnityEngine.Debug:Log (object)
Meta.XR.Simulator.Utils:ReportInfo (string,string) (at ./Library/PackageCache/com.meta.xr.simulator@74.0.0/Editor/Utils.cs:165)
Meta.XR.Simulator.Editor.SyntheticEnvironments.Installer:ParseSynthEnvScript (string) (at ./Library/PackageCache/com.meta.xr.simulator@74.0.0/Editor/SyntheticEnvironments/Installer.cs:98)
Meta.XR.Simulator.Editor.SyntheticEnvironments.Installer:BuildSyntheticEnvironments () (at ./Library/PackageCache/com.meta.xr.simulator@74.0.0/Editor/SyntheticEnvironments/Installer.cs:76)
Meta.XR.Simulator.Editor.SyntheticEnvironments.Registry:RegisterSyntheticEnvironments () (at ./Library/PackageCache/com.meta.xr.simulator@74.0.0/Editor/SyntheticEnvironments/Registry.cs:97)
Meta.XR.Simulator.Editor.SyntheticEnvironments.Registry:.cctor () (at ./Library/PackageCache/com.meta.xr.simulator@74.0.0/Editor/SyntheticEnvironments/Registry.cs:87)
System.Runtime.CompilerServices.RuntimeHelpers:RunClassConstructor (System.RuntimeTypeHandle)
UnityEditor.EditorAssemblies:ProcessInitializeOnLoadAttributes (System.Type[])

(Filename: ./Library/PackageCache/com.meta.xr.simulator@74.0.0/Editor/Utils.cs Line: 165)

[Synthetic Environments] got match start synth_env_server.exe GameRoom
UnityEngine.StackTraceUtility:ExtractStackTrace ()
UnityEngine.DebugLogHandler:LogFormat (UnityEngine.LogType,UnityEngine.Object,string,object[])
UnityEngine.Logger:Log (UnityEngine.LogType,object)
UnityEngine.Debug:Log (object)
Meta.XR.Simulator.Utils:ReportInfo (string,string) (at ./Library/PackageCache/com.meta.xr.simulator@74.0.0/Editor/Utils.cs:165)
Meta.XR.Simulator.Editor.SyntheticEnvironments.Installer:ParseSynthEnvScript (string) (at ./Library/PackageCache/com.meta.xr.simulator@74.0.0/Editor/SyntheticEnvironments/Installer.cs:98)
Meta.XR.Simulator.Editor.SyntheticEnvironments.Installer:BuildSyntheticEnvironments () (at ./Library/PackageCache/com.meta.xr.simulator@74.0.0/Editor/SyntheticEnvironments/Installer.cs:76)
Meta.XR.Simulator.Editor.SyntheticEnvironments.Registry:RegisterSyntheticEnvironments () (at ./Library/PackageCache/com.meta.xr.simulator@74.0.0/Editor/SyntheticEnvironments/Registry.cs:97)
Meta.XR.Simulator.Editor.SyntheticEnvironments.Registry:.cctor () (at ./Library/PackageCache/com.meta.xr.simulator@74.0.0/Editor/SyntheticEnvironments/Registry.cs:87)
System.Runtime.CompilerServices.RuntimeHelpers:RunClassConstructor (System.RuntimeTypeHandle)
UnityEditor.EditorAssemblies:ProcessInitializeOnLoadAttributes (System.Type[])

(Filename: ./Library/PackageCache/com.meta.xr.simulator@74.0.0/Editor/Utils.cs Line: 165)

[Synthetic Environments] got match start synth_env_server.exe LivingRoom
UnityEngine.StackTraceUtility:ExtractStackTrace ()
UnityEngine.DebugLogHandler:LogFormat (UnityEngine.LogType,UnityEngine.Object,string,object[])
UnityEngine.Logger:Log (UnityEngine.LogType,object)
UnityEngine.Debug:Log (object)
Meta.XR.Simulator.Utils:ReportInfo (string,string) (at ./Library/PackageCache/com.meta.xr.simulator@74.0.0/Editor/Utils.cs:165)
Meta.XR.Simulator.Editor.SyntheticEnvironments.Installer:ParseSynthEnvScript (string) (at ./Library/PackageCache/com.meta.xr.simulator@74.0.0/Editor/SyntheticEnvironments/Installer.cs:98)
Meta.XR.Simulator.Editor.SyntheticEnvironments.Installer:BuildSyntheticEnvironments () (at ./Library/PackageCache/com.meta.xr.simulator@74.0.0/Editor/SyntheticEnvironments/Installer.cs:76)
Meta.XR.Simulator.Editor.SyntheticEnvironments.Registry:RegisterSyntheticEnvironments () (at ./Library/PackageCache/com.meta.xr.simulator@74.0.0/Editor/SyntheticEnvironments/Registry.cs:97)
Meta.XR.Simulator.Editor.SyntheticEnvironments.Registry:.cctor () (at ./Library/PackageCache/com.meta.xr.simulator@74.0.0/Editor/SyntheticEnvironments/Registry.cs:87)
System.Runtime.CompilerServices.RuntimeHelpers:RunClassConstructor (System.RuntimeTypeHandle)
UnityEditor.EditorAssemblies:ProcessInitializeOnLoadAttributes (System.Type[])

(Filename: ./Library/PackageCache/com.meta.xr.simulator@74.0.0/Editor/Utils.cs Line: 165)

[Synthetic Environments] got match start synth_env_server_extra_rooms.exe XRoom2_3
UnityEngine.StackTraceUtility:ExtractStackTrace ()
UnityEngine.DebugLogHandler:LogFormat (UnityEngine.LogType,UnityEngine.Object,string,object[])
UnityEngine.Logger:Log (UnityEngine.LogType,object)
UnityEngine.Debug:Log (object)
Meta.XR.Simulator.Utils:ReportInfo (string,string) (at ./Library/PackageCache/com.meta.xr.simulator@74.0.0/Editor/Utils.cs:165)
Meta.XR.Simulator.Editor.SyntheticEnvironments.Installer:ParseSynthEnvScript (string) (at ./Library/PackageCache/com.meta.xr.simulator@74.0.0/Editor/SyntheticEnvironments/Installer.cs:98)
Meta.XR.Simulator.Editor.SyntheticEnvironments.Installer:BuildSyntheticEnvironments () (at ./Library/PackageCache/com.meta.xr.simulator@74.0.0/Editor/SyntheticEnvironments/Installer.cs:76)
Meta.XR.Simulator.Editor.SyntheticEnvironments.Registry:RegisterSyntheticEnvironments () (at ./Library/PackageCache/com.meta.xr.simulator@74.0.0/Editor/SyntheticEnvironments/Registry.cs:97)
Meta.XR.Simulator.Editor.SyntheticEnvironments.Registry:.cctor () (at ./Library/PackageCache/com.meta.xr.simulator@74.0.0/Editor/SyntheticEnvironments/Registry.cs:87)
System.Runtime.CompilerServices.RuntimeHelpers:RunClassConstructor (System.RuntimeTypeHandle)
UnityEditor.EditorAssemblies:ProcessInitializeOnLoadAttributes (System.Type[])

(Filename: ./Library/PackageCache/com.meta.xr.simulator@74.0.0/Editor/Utils.cs Line: 165)

[Synthetic Environments] got match start synth_env_server_extra_rooms.exe XRoom2_4
UnityEngine.StackTraceUtility:ExtractStackTrace ()
UnityEngine.DebugLogHandler:LogFormat (UnityEngine.LogType,UnityEngine.Object,string,object[])
UnityEngine.Logger:Log (UnityEngine.LogType,object)
UnityEngine.Debug:Log (object)
Meta.XR.Simulator.Utils:ReportInfo (string,string) (at ./Library/PackageCache/com.meta.xr.simulator@74.0.0/Editor/Utils.cs:165)
Meta.XR.Simulator.Editor.SyntheticEnvironments.Installer:ParseSynthEnvScript (string) (at ./Library/PackageCache/com.meta.xr.simulator@74.0.0/Editor/SyntheticEnvironments/Installer.cs:98)
Meta.XR.Simulator.Editor.SyntheticEnvironments.Installer:BuildSyntheticEnvironments () (at ./Library/PackageCache/com.meta.xr.simulator@74.0.0/Editor/SyntheticEnvironments/Installer.cs:76)
Meta.XR.Simulator.Editor.SyntheticEnvironments.Registry:RegisterSyntheticEnvironments () (at ./Library/PackageCache/com.meta.xr.simulator@74.0.0/Editor/SyntheticEnvironments/Registry.cs:97)
Meta.XR.Simulator.Editor.SyntheticEnvironments.Registry:.cctor () (at ./Library/PackageCache/com.meta.xr.simulator@74.0.0/Editor/SyntheticEnvironments/Registry.cs:87)
System.Runtime.CompilerServices.RuntimeHelpers:RunClassConstructor (System.RuntimeTypeHandle)
UnityEditor.EditorAssemblies:ProcessInitializeOnLoadAttributes (System.Type[])

(Filename: ./Library/PackageCache/com.meta.xr.simulator@74.0.0/Editor/Utils.cs Line: 165)

[Synthetic Environments] got match start synth_env_server_extra_rooms.exe XRoom5_6
UnityEngine.StackTraceUtility:ExtractStackTrace ()
UnityEngine.DebugLogHandler:LogFormat (UnityEngine.LogType,UnityEngine.Object,string,object[])
UnityEngine.Logger:Log (UnityEngine.LogType,object)
UnityEngine.Debug:Log (object)
Meta.XR.Simulator.Utils:ReportInfo (string,string) (at ./Library/PackageCache/com.meta.xr.simulator@74.0.0/Editor/Utils.cs:165)
Meta.XR.Simulator.Editor.SyntheticEnvironments.Installer:ParseSynthEnvScript (string) (at ./Library/PackageCache/com.meta.xr.simulator@74.0.0/Editor/SyntheticEnvironments/Installer.cs:98)
Meta.XR.Simulator.Editor.SyntheticEnvironments.Installer:BuildSyntheticEnvironments () (at ./Library/PackageCache/com.meta.xr.simulator@74.0.0/Editor/SyntheticEnvironments/Installer.cs:76)
Meta.XR.Simulator.Editor.SyntheticEnvironments.Registry:RegisterSyntheticEnvironments () (at ./Library/PackageCache/com.meta.xr.simulator@74.0.0/Editor/SyntheticEnvironments/Registry.cs:97)
Meta.XR.Simulator.Editor.SyntheticEnvironments.Registry:.cctor () (at ./Library/PackageCache/com.meta.xr.simulator@74.0.0/Editor/SyntheticEnvironments/Registry.cs:87)
System.Runtime.CompilerServices.RuntimeHelpers:RunClassConstructor (System.RuntimeTypeHandle)
UnityEditor.EditorAssemblies:ProcessInitializeOnLoadAttributes (System.Type[])

(Filename: ./Library/PackageCache/com.meta.xr.simulator@74.0.0/Editor/Utils.cs Line: 165)

[Synthetic Environments] got match start synth_env_server_extra_rooms.exe XRoom5_1
UnityEngine.StackTraceUtility:ExtractStackTrace ()
UnityEngine.DebugLogHandler:LogFormat (UnityEngine.LogType,UnityEngine.Object,string,object[])
UnityEngine.Logger:Log (UnityEngine.LogType,object)
UnityEngine.Debug:Log (object)
Meta.XR.Simulator.Utils:ReportInfo (string,string) (at ./Library/PackageCache/com.meta.xr.simulator@74.0.0/Editor/Utils.cs:165)
Meta.XR.Simulator.Editor.SyntheticEnvironments.Installer:ParseSynthEnvScript (string) (at ./Library/PackageCache/com.meta.xr.simulator@74.0.0/Editor/SyntheticEnvironments/Installer.cs:98)
Meta.XR.Simulator.Editor.SyntheticEnvironments.Installer:BuildSyntheticEnvironments () (at ./Library/PackageCache/com.meta.xr.simulator@74.0.0/Editor/SyntheticEnvironments/Installer.cs:76)
Meta.XR.Simulator.Editor.SyntheticEnvironments.Registry:RegisterSyntheticEnvironments () (at ./Library/PackageCache/com.meta.xr.simulator@74.0.0/Editor/SyntheticEnvironments/Registry.cs:97)
Meta.XR.Simulator.Editor.SyntheticEnvironments.Registry:.cctor () (at ./Library/PackageCache/com.meta.xr.simulator@74.0.0/Editor/SyntheticEnvironments/Registry.cs:87)
System.Runtime.CompilerServices.RuntimeHelpers:RunClassConstructor (System.RuntimeTypeHandle)
UnityEditor.EditorAssemblies:ProcessInitializeOnLoadAttributes (System.Type[])

(Filename: ./Library/PackageCache/com.meta.xr.simulator@74.0.0/Editor/Utils.cs Line: 165)

[Synthetic Environments] got match start synth_env_server_extra_rooms.exe XRoom3_1
UnityEngine.StackTraceUtility:ExtractStackTrace ()
UnityEngine.DebugLogHandler:LogFormat (UnityEngine.LogType,UnityEngine.Object,string,object[])
UnityEngine.Logger:Log (UnityEngine.LogType,object)
UnityEngine.Debug:Log (object)
Meta.XR.Simulator.Utils:ReportInfo (string,string) (at ./Library/PackageCache/com.meta.xr.simulator@74.0.0/Editor/Utils.cs:165)
Meta.XR.Simulator.Editor.SyntheticEnvironments.Installer:ParseSynthEnvScript (string) (at ./Library/PackageCache/com.meta.xr.simulator@74.0.0/Editor/SyntheticEnvironments/Installer.cs:98)
Meta.XR.Simulator.Editor.SyntheticEnvironments.Installer:BuildSyntheticEnvironments () (at ./Library/PackageCache/com.meta.xr.simulator@74.0.0/Editor/SyntheticEnvironments/Installer.cs:76)
Meta.XR.Simulator.Editor.SyntheticEnvironments.Registry:RegisterSyntheticEnvironments () (at ./Library/PackageCache/com.meta.xr.simulator@74.0.0/Editor/SyntheticEnvironments/Registry.cs:97)
Meta.XR.Simulator.Editor.SyntheticEnvironments.Registry:.cctor () (at ./Library/PackageCache/com.meta.xr.simulator@74.0.0/Editor/SyntheticEnvironments/Registry.cs:87)
System.Runtime.CompilerServices.RuntimeHelpers:RunClassConstructor (System.RuntimeTypeHandle)
UnityEditor.EditorAssemblies:ProcessInitializeOnLoadAttributes (System.Type[])

(Filename: ./Library/PackageCache/com.meta.xr.simulator@74.0.0/Editor/Utils.cs Line: 165)

[Synthetic Environments] got match start synth_env_server_extra_rooms.exe XRoom1_2
UnityEngine.StackTraceUtility:ExtractStackTrace ()
UnityEngine.DebugLogHandler:LogFormat (UnityEngine.LogType,UnityEngine.Object,string,object[])
UnityEngine.Logger:Log (UnityEngine.LogType,object)
UnityEngine.Debug:Log (object)
Meta.XR.Simulator.Utils:ReportInfo (string,string) (at ./Library/PackageCache/com.meta.xr.simulator@74.0.0/Editor/Utils.cs:165)
Meta.XR.Simulator.Editor.SyntheticEnvironments.Installer:ParseSynthEnvScript (string) (at ./Library/PackageCache/com.meta.xr.simulator@74.0.0/Editor/SyntheticEnvironments/Installer.cs:98)
Meta.XR.Simulator.Editor.SyntheticEnvironments.Installer:BuildSyntheticEnvironments () (at ./Library/PackageCache/com.meta.xr.simulator@74.0.0/Editor/SyntheticEnvironments/Installer.cs:76)
Meta.XR.Simulator.Editor.SyntheticEnvironments.Registry:RegisterSyntheticEnvironments () (at ./Library/PackageCache/com.meta.xr.simulator@74.0.0/Editor/SyntheticEnvironments/Registry.cs:97)
Meta.XR.Simulator.Editor.SyntheticEnvironments.Registry:.cctor () (at ./Library/PackageCache/com.meta.xr.simulator@74.0.0/Editor/SyntheticEnvironments/Registry.cs:87)
System.Runtime.CompilerServices.RuntimeHelpers:RunClassConstructor (System.RuntimeTypeHandle)
UnityEditor.EditorAssemblies:ProcessInitializeOnLoadAttributes (System.Type[])

(Filename: ./Library/PackageCache/com.meta.xr.simulator@74.0.0/Editor/Utils.cs Line: 165)

[Synthetic Environments] got match start synth_env_server_extra_rooms.exe XRoom1_1
UnityEngine.StackTraceUtility:ExtractStackTrace ()
UnityEngine.DebugLogHandler:LogFormat (UnityEngine.LogType,UnityEngine.Object,string,object[])
UnityEngine.Logger:Log (UnityEngine.LogType,object)
UnityEngine.Debug:Log (object)
Meta.XR.Simulator.Utils:ReportInfo (string,string) (at ./Library/PackageCache/com.meta.xr.simulator@74.0.0/Editor/Utils.cs:165)
Meta.XR.Simulator.Editor.SyntheticEnvironments.Installer:ParseSynthEnvScript (string) (at ./Library/PackageCache/com.meta.xr.simulator@74.0.0/Editor/SyntheticEnvironments/Installer.cs:98)
Meta.XR.Simulator.Editor.SyntheticEnvironments.Installer:BuildSyntheticEnvironments () (at ./Library/PackageCache/com.meta.xr.simulator@74.0.0/Editor/SyntheticEnvironments/Installer.cs:76)
Meta.XR.Simulator.Editor.SyntheticEnvironments.Registry:RegisterSyntheticEnvironments () (at ./Library/PackageCache/com.meta.xr.simulator@74.0.0/Editor/SyntheticEnvironments/Registry.cs:97)
Meta.XR.Simulator.Editor.SyntheticEnvironments.Registry:.cctor () (at ./Library/PackageCache/com.meta.xr.simulator@74.0.0/Editor/SyntheticEnvironments/Registry.cs:87)
System.Runtime.CompilerServices.RuntimeHelpers:RunClassConstructor (System.RuntimeTypeHandle)
UnityEditor.EditorAssemblies:ProcessInitializeOnLoadAttributes (System.Type[])

(Filename: ./Library/PackageCache/com.meta.xr.simulator@74.0.0/Editor/Utils.cs Line: 165)

[Synthetic Environments] got match start synth_env_server_extra_rooms.exe XRoom1_4
UnityEngine.StackTraceUtility:ExtractStackTrace ()
UnityEngine.DebugLogHandler:LogFormat (UnityEngine.LogType,UnityEngine.Object,string,object[])
UnityEngine.Logger:Log (UnityEngine.LogType,object)
UnityEngine.Debug:Log (object)
Meta.XR.Simulator.Utils:ReportInfo (string,string) (at ./Library/PackageCache/com.meta.xr.simulator@74.0.0/Editor/Utils.cs:165)
Meta.XR.Simulator.Editor.SyntheticEnvironments.Installer:ParseSynthEnvScript (string) (at ./Library/PackageCache/com.meta.xr.simulator@74.0.0/Editor/SyntheticEnvironments/Installer.cs:98)
Meta.XR.Simulator.Editor.SyntheticEnvironments.Installer:BuildSyntheticEnvironments () (at ./Library/PackageCache/com.meta.xr.simulator@74.0.0/Editor/SyntheticEnvironments/Installer.cs:76)
Meta.XR.Simulator.Editor.SyntheticEnvironments.Registry:RegisterSyntheticEnvironments () (at ./Library/PackageCache/com.meta.xr.simulator@74.0.0/Editor/SyntheticEnvironments/Registry.cs:97)
Meta.XR.Simulator.Editor.SyntheticEnvironments.Registry:.cctor () (at ./Library/PackageCache/com.meta.xr.simulator@74.0.0/Editor/SyntheticEnvironments/Registry.cs:87)
System.Runtime.CompilerServices.RuntimeHelpers:RunClassConstructor (System.RuntimeTypeHandle)
UnityEditor.EditorAssemblies:ProcessInitializeOnLoadAttributes (System.Type[])

(Filename: ./Library/PackageCache/com.meta.xr.simulator@74.0.0/Editor/Utils.cs Line: 165)

[Package Manager] Server::EnsureServerProcessIsRunning -- launch failed, reason: Unity was launched with the -noUpm command-line argument
[Package Manager] UpmClient::Send -- Unable to send message (not connected to UPM process).
[Package Manager] Cannot connect to Unity Package Manager local server
System.Reflection.TargetInvocationException: Exception has been thrown by the target of an invocation. ---> System.NullReferenceException: Object reference not set to an instance of an object
  at Unity.XR.Oculus.OculusLoader.AssetPathToAbsolutePath (System.String assetPath) [0x0003d] in .\Library\PackageCache\com.unity.xr.oculus@4.2.0\Runtime\OculusLoader.cs:298 
  at Unity.XR.Oculus.OculusLoader.EditorLoadOVRPlugin () [0x0008c] in .\Library\PackageCache\com.unity.xr.oculus@4.2.0\Runtime\OculusLoader.cs:283 
  at (wrapper managed-to-native) System.Reflection.RuntimeMethodInfo.InternalInvoke(System.Reflection.RuntimeMethodInfo,object,object[],System.Exception&)
  at System.Reflection.RuntimeMethodInfo.Invoke (System.Object obj, System.Reflection.BindingFlags invokeAttr, System.Reflection.Binder binder, System.Object[] parameters, System.Globalization.CultureInfo culture) [0x0006a] in <51fded79cd284d4d911c5949aff4cb21>:0 
   --- End of inner exception stack trace ---
  at System.Reflection.RuntimeMethodInfo.Invoke (System.Object obj, System.Reflection.BindingFlags invokeAttr, System.Reflection.Binder binder, System.Object[] parameters, System.Globalization.CultureInfo culture) [0x00083] in <51fded79cd284d4d911c5949aff4cb21>:0 
  at System.Reflection.MethodBase.Invoke (System.Object obj, System.Object[] parameters) [0x00000] in <51fded79cd284d4d911c5949aff4cb21>:0 
  at UnityEditor.EditorAssemblies.ProcessInitializeOnLoadMethodAttributes () [0x000a5] in <2201ab87e660427c974282df3bb3cf36>:0 
UnityEngine.StackTraceUtility:ExtractStackTrace ()
UnityEngine.DebugLogHandler:LogFormat (UnityEngine.LogType,UnityEngine.Object,string,object[])
UnityEngine.Logger:Log (UnityEngine.LogType,object)
UnityEngine.Debug:LogError (object)
UnityEditor.EditorAssemblies:ProcessInitializeOnLoadMethodAttributes ()

Mono: successfully reloaded assembly
[Package Manager] Server::EnsureServerProcessIsRunning -- launch failed, reason: Unity was launched with the -noUpm command-line argument
[Package Manager] UpmClient::Send -- Unable to send message (not connected to UPM process).
[Package Manager] Cannot connect to Unity Package Manager local server
- Finished resetting the current domain, in  0.906 seconds
Domain Reload Profiling: 1346ms
	BeginReloadAssembly (153ms)
		ExecutionOrderSort (0ms)
		DisableScriptedObjects (4ms)
		BackupInstance (0ms)
		ReleaseScriptingObjects (0ms)
		CreateAndSetChildDomain (32ms)
	RebuildCommonClasses (32ms)
	RebuildNativeTypeToScriptingClass (12ms)
	initialDomainReloadingComplete (27ms)
	LoadAllAssembliesAndSetupDomain (216ms)
		LoadAssemblies (280ms)
		RebuildTransferFunctionScriptingTraits (0ms)
		AnalyzeDomain (20ms)
			TypeCache.Refresh (5ms)
				TypeCache.ScanAssembly (0ms)
			ScanForSourceGeneratedMonoScriptInfo (0ms)
			ResolveRequiredComponents (14ms)
	FinalizeReload (906ms)
		ReleaseScriptCaches (0ms)
		RebuildScriptCaches (0ms)
		SetupLoadedEditorAssemblies (538ms)
			LogAssemblyErrors (0ms)
			InitializePlatformSupportModulesInManaged (29ms)
			SetLoadedEditorAssemblies (6ms)
			RefreshPlugins (0ms)
			BeforeProcessingInitializeOnLoad (90ms)
			ProcessInitializeOnLoadAttributes (371ms)
			ProcessInitializeOnLoadMethodAttributes (31ms)
			AfterProcessingInitializeOnLoad (11ms)
			EditorAssembliesLoaded (0ms)
		ExecutionOrderSort2 (0ms)
		AwakeInstancesAfterBackupRestoration (8ms)
Shader 'Meta/MRUK/Scene/HighlightsAndShadows': fallback shader 'Off' not found
Shader 'Oculus/OVRMRCameraFrameLit': fallback shader 'Alpha-Diffuse' not found
Refreshing native plugins compatible for Editor in 15.18 ms, found 10 plugins.
Preloading 3 native plugins for Editor in 0.22 ms.
Unloading 3063 Unused Serialized files (Serialized files now loaded: 0)
Unloading 52 unused Assets / (455.9 KB). Loaded Objects now: 3674.
Memory consumption went from 144.9 MB to 144.4 MB.
Total: 5.806500 ms (FindLiveObjects: 0.242800 ms CreateObjectMapping: 0.203700 ms MarkObjects: 5.103500 ms  DeleteObjects: 0.255600 ms)

Prepare: number of updated asset objects reloaded= 0
AssetImportParameters requested are different than current active one (requested -> active):
  custom:video-decoder-webm-vp8: 9c59270c3fd7afecdb556c50c9e8de78 -> 
  custom:SearchIndexIgnoredProperties: e643bd26f0fe6173181afceb89e7c659 -> 
  custom:container-demuxer-ogg: 62fdf1f143b41e24485cea50d1cbac27 -> 
  custom:AudioImporter_EditorPlatform: d09bf68614088b80899f8185d706f6e7 -> 
  custom:video-codec-MediaFoundation-h265: 746d11721c4dcdbdad8f713fa42b33f4 -> 
  custom:video-decoder-ogg-theora: a1e56fd34408186e4bbccfd4996cb3dc -> 
  custom:framework-win-MediaFoundation: 216162199b28c13a410421893ffa2e32 -> 
  custom:video-encoder-webm-vp8: eb34c28f22e8b96e1ab97ce403110664 -> 
  custom:audio-decoder-ogg-vorbis: bf7c407c2cedff20999df2af8eb42d56 -> 
  custom:CustomObjectIndexerAttribute: 9a22284fe3817be447336de3de66b15e -> 
  custom:container-demuxer-webm: 4f35f7cbe854078d1ac9338744f61a02 -> 
  custom:audio-encoder-webm-vorbis: bf7c407c2cedff20999df2af8eb42d56 -> 
  custom:container-muxer-webm: aa71ff27fc2769a1b78a27578f13a17b -> 
========================================================================
Received Prepare
Begin MonoManager ReloadAssembly
Symbol file LoadedFromMemory is not a mono symbol file
- Loaded All Assemblies, in  0.450 seconds
Refreshing native plugins compatible for Editor in 16.62 ms, found 10 plugins.
Native extension for UWP target not found
Native extension for WindowsStandalone target not found
Native extension for Android target not found
Native extension for WebGL target not found
[Package Manager] Server::EnsureServerProcessIsRunning -- launch failed, reason: Unity was launched with the -noUpm command-line argument
[Package Manager] UpmClient::Send -- Unable to send message (not connected to UPM process).
[Package Manager] Cannot connect to Unity Package Manager local server
[Package Manager] Server::EnsureServerProcessIsRunning -- launch failed, reason: Unity was launched with the -noUpm command-line argument
[Package Manager] UpmClient::Send -- Unable to send message (not connected to UPM process).
[Package Manager] Cannot connect to Unity Package Manager local server
[Synthetic Environments] got match start synth_env_server.exe Bedroom
UnityEngine.StackTraceUtility:ExtractStackTrace ()
UnityEngine.DebugLogHandler:LogFormat (UnityEngine.LogType,UnityEngine.Object,string,object[])
UnityEngine.Logger:Log (UnityEngine.LogType,object)
UnityEngine.Debug:Log (object)
Meta.XR.Simulator.Utils:ReportInfo (string,string) (at ./Library/PackageCache/com.meta.xr.simulator@74.0.0/Editor/Utils.cs:165)
Meta.XR.Simulator.Editor.SyntheticEnvironments.Installer:ParseSynthEnvScript (string) (at ./Library/PackageCache/com.meta.xr.simulator@74.0.0/Editor/SyntheticEnvironments/Installer.cs:98)
Meta.XR.Simulator.Editor.SyntheticEnvironments.Installer:BuildSyntheticEnvironments () (at ./Library/PackageCache/com.meta.xr.simulator@74.0.0/Editor/SyntheticEnvironments/Installer.cs:76)
Meta.XR.Simulator.Editor.SyntheticEnvironments.Registry:RegisterSyntheticEnvironments () (at ./Library/PackageCache/com.meta.xr.simulator@74.0.0/Editor/SyntheticEnvironments/Registry.cs:97)
Meta.XR.Simulator.Editor.SyntheticEnvironments.Registry:.cctor () (at ./Library/PackageCache/com.meta.xr.simulator@74.0.0/Editor/SyntheticEnvironments/Registry.cs:87)
System.Runtime.CompilerServices.RuntimeHelpers:RunClassConstructor (System.RuntimeTypeHandle)
UnityEditor.EditorAssemblies:ProcessInitializeOnLoadAttributes (System.Type[])

(Filename: ./Library/PackageCache/com.meta.xr.simulator@74.0.0/Editor/Utils.cs Line: 165)

[Synthetic Environments] got match start synth_env_server.exe GameRoom
UnityEngine.StackTraceUtility:ExtractStackTrace ()
UnityEngine.DebugLogHandler:LogFormat (UnityEngine.LogType,UnityEngine.Object,string,object[])
UnityEngine.Logger:Log (UnityEngine.LogType,object)
UnityEngine.Debug:Log (object)
Meta.XR.Simulator.Utils:ReportInfo (string,string) (at ./Library/PackageCache/com.meta.xr.simulator@74.0.0/Editor/Utils.cs:165)
Meta.XR.Simulator.Editor.SyntheticEnvironments.Installer:ParseSynthEnvScript (string) (at ./Library/PackageCache/com.meta.xr.simulator@74.0.0/Editor/SyntheticEnvironments/Installer.cs:98)
Meta.XR.Simulator.Editor.SyntheticEnvironments.Installer:BuildSyntheticEnvironments () (at ./Library/PackageCache/com.meta.xr.simulator@74.0.0/Editor/SyntheticEnvironments/Installer.cs:76)
Meta.XR.Simulator.Editor.SyntheticEnvironments.Registry:RegisterSyntheticEnvironments () (at ./Library/PackageCache/com.meta.xr.simulator@74.0.0/Editor/SyntheticEnvironments/Registry.cs:97)
Meta.XR.Simulator.Editor.SyntheticEnvironments.Registry:.cctor () (at ./Library/PackageCache/com.meta.xr.simulator@74.0.0/Editor/SyntheticEnvironments/Registry.cs:87)
System.Runtime.CompilerServices.RuntimeHelpers:RunClassConstructor (System.RuntimeTypeHandle)
UnityEditor.EditorAssemblies:ProcessInitializeOnLoadAttributes (System.Type[])

(Filename: ./Library/PackageCache/com.meta.xr.simulator@74.0.0/Editor/Utils.cs Line: 165)

[Synthetic Environments] got match start synth_env_server.exe LivingRoom
UnityEngine.StackTraceUtility:ExtractStackTrace ()
UnityEngine.DebugLogHandler:LogFormat (UnityEngine.LogType,UnityEngine.Object,string,object[])
UnityEngine.Logger:Log (UnityEngine.LogType,object)
UnityEngine.Debug:Log (object)
Meta.XR.Simulator.Utils:ReportInfo (string,string) (at ./Library/PackageCache/com.meta.xr.simulator@74.0.0/Editor/Utils.cs:165)
Meta.XR.Simulator.Editor.SyntheticEnvironments.Installer:ParseSynthEnvScript (string) (at ./Library/PackageCache/com.meta.xr.simulator@74.0.0/Editor/SyntheticEnvironments/Installer.cs:98)
Meta.XR.Simulator.Editor.SyntheticEnvironments.Installer:BuildSyntheticEnvironments () (at ./Library/PackageCache/com.meta.xr.simulator@74.0.0/Editor/SyntheticEnvironments/Installer.cs:76)
Meta.XR.Simulator.Editor.SyntheticEnvironments.Registry:RegisterSyntheticEnvironments () (at ./Library/PackageCache/com.meta.xr.simulator@74.0.0/Editor/SyntheticEnvironments/Registry.cs:97)
Meta.XR.Simulator.Editor.SyntheticEnvironments.Registry:.cctor () (at ./Library/PackageCache/com.meta.xr.simulator@74.0.0/Editor/SyntheticEnvironments/Registry.cs:87)
System.Runtime.CompilerServices.RuntimeHelpers:RunClassConstructor (System.RuntimeTypeHandle)
UnityEditor.EditorAssemblies:ProcessInitializeOnLoadAttributes (System.Type[])

(Filename: ./Library/PackageCache/com.meta.xr.simulator@74.0.0/Editor/Utils.cs Line: 165)

[Synthetic Environments] got match start synth_env_server_extra_rooms.exe XRoom2_3
UnityEngine.StackTraceUtility:ExtractStackTrace ()
UnityEngine.DebugLogHandler:LogFormat (UnityEngine.LogType,UnityEngine.Object,string,object[])
UnityEngine.Logger:Log (UnityEngine.LogType,object)
UnityEngine.Debug:Log (object)
Meta.XR.Simulator.Utils:ReportInfo (string,string) (at ./Library/PackageCache/com.meta.xr.simulator@74.0.0/Editor/Utils.cs:165)
Meta.XR.Simulator.Editor.SyntheticEnvironments.Installer:ParseSynthEnvScript (string) (at ./Library/PackageCache/com.meta.xr.simulator@74.0.0/Editor/SyntheticEnvironments/Installer.cs:98)
Meta.XR.Simulator.Editor.SyntheticEnvironments.Installer:BuildSyntheticEnvironments () (at ./Library/PackageCache/com.meta.xr.simulator@74.0.0/Editor/SyntheticEnvironments/Installer.cs:76)
Meta.XR.Simulator.Editor.SyntheticEnvironments.Registry:RegisterSyntheticEnvironments () (at ./Library/PackageCache/com.meta.xr.simulator@74.0.0/Editor/SyntheticEnvironments/Registry.cs:97)
Meta.XR.Simulator.Editor.SyntheticEnvironments.Registry:.cctor () (at ./Library/PackageCache/com.meta.xr.simulator@74.0.0/Editor/SyntheticEnvironments/Registry.cs:87)
System.Runtime.CompilerServices.RuntimeHelpers:RunClassConstructor (System.RuntimeTypeHandle)
UnityEditor.EditorAssemblies:ProcessInitializeOnLoadAttributes (System.Type[])

(Filename: ./Library/PackageCache/com.meta.xr.simulator@74.0.0/Editor/Utils.cs Line: 165)

[Synthetic Environments] got match start synth_env_server_extra_rooms.exe XRoom2_4
UnityEngine.StackTraceUtility:ExtractStackTrace ()
UnityEngine.DebugLogHandler:LogFormat (UnityEngine.LogType,UnityEngine.Object,string,object[])
UnityEngine.Logger:Log (UnityEngine.LogType,object)
UnityEngine.Debug:Log (object)
Meta.XR.Simulator.Utils:ReportInfo (string,string) (at ./Library/PackageCache/com.meta.xr.simulator@74.0.0/Editor/Utils.cs:165)
Meta.XR.Simulator.Editor.SyntheticEnvironments.Installer:ParseSynthEnvScript (string) (at ./Library/PackageCache/com.meta.xr.simulator@74.0.0/Editor/SyntheticEnvironments/Installer.cs:98)
Meta.XR.Simulator.Editor.SyntheticEnvironments.Installer:BuildSyntheticEnvironments () (at ./Library/PackageCache/com.meta.xr.simulator@74.0.0/Editor/SyntheticEnvironments/Installer.cs:76)
Meta.XR.Simulator.Editor.SyntheticEnvironments.Registry:RegisterSyntheticEnvironments () (at ./Library/PackageCache/com.meta.xr.simulator@74.0.0/Editor/SyntheticEnvironments/Registry.cs:97)
Meta.XR.Simulator.Editor.SyntheticEnvironments.Registry:.cctor () (at ./Library/PackageCache/com.meta.xr.simulator@74.0.0/Editor/SyntheticEnvironments/Registry.cs:87)
System.Runtime.CompilerServices.RuntimeHelpers:RunClassConstructor (System.RuntimeTypeHandle)
UnityEditor.EditorAssemblies:ProcessInitializeOnLoadAttributes (System.Type[])

(Filename: ./Library/PackageCache/com.meta.xr.simulator@74.0.0/Editor/Utils.cs Line: 165)

[Synthetic Environments] got match start synth_env_server_extra_rooms.exe XRoom5_6
UnityEngine.StackTraceUtility:ExtractStackTrace ()
UnityEngine.DebugLogHandler:LogFormat (UnityEngine.LogType,UnityEngine.Object,string,object[])
UnityEngine.Logger:Log (UnityEngine.LogType,object)
UnityEngine.Debug:Log (object)
Meta.XR.Simulator.Utils:ReportInfo (string,string) (at ./Library/PackageCache/com.meta.xr.simulator@74.0.0/Editor/Utils.cs:165)
Meta.XR.Simulator.Editor.SyntheticEnvironments.Installer:ParseSynthEnvScript (string) (at ./Library/PackageCache/com.meta.xr.simulator@74.0.0/Editor/SyntheticEnvironments/Installer.cs:98)
Meta.XR.Simulator.Editor.SyntheticEnvironments.Installer:BuildSyntheticEnvironments () (at ./Library/PackageCache/com.meta.xr.simulator@74.0.0/Editor/SyntheticEnvironments/Installer.cs:76)
Meta.XR.Simulator.Editor.SyntheticEnvironments.Registry:RegisterSyntheticEnvironments () (at ./Library/PackageCache/com.meta.xr.simulator@74.0.0/Editor/SyntheticEnvironments/Registry.cs:97)
Meta.XR.Simulator.Editor.SyntheticEnvironments.Registry:.cctor () (at ./Library/PackageCache/com.meta.xr.simulator@74.0.0/Editor/SyntheticEnvironments/Registry.cs:87)
System.Runtime.CompilerServices.RuntimeHelpers:RunClassConstructor (System.RuntimeTypeHandle)
UnityEditor.EditorAssemblies:ProcessInitializeOnLoadAttributes (System.Type[])

(Filename: ./Library/PackageCache/com.meta.xr.simulator@74.0.0/Editor/Utils.cs Line: 165)

[Synthetic Environments] got match start synth_env_server_extra_rooms.exe XRoom5_1
UnityEngine.StackTraceUtility:ExtractStackTrace ()
UnityEngine.DebugLogHandler:LogFormat (UnityEngine.LogType,UnityEngine.Object,string,object[])
UnityEngine.Logger:Log (UnityEngine.LogType,object)
UnityEngine.Debug:Log (object)
Meta.XR.Simulator.Utils:ReportInfo (string,string) (at ./Library/PackageCache/com.meta.xr.simulator@74.0.0/Editor/Utils.cs:165)
Meta.XR.Simulator.Editor.SyntheticEnvironments.Installer:ParseSynthEnvScript (string) (at ./Library/PackageCache/com.meta.xr.simulator@74.0.0/Editor/SyntheticEnvironments/Installer.cs:98)
Meta.XR.Simulator.Editor.SyntheticEnvironments.Installer:BuildSyntheticEnvironments () (at ./Library/PackageCache/com.meta.xr.simulator@74.0.0/Editor/SyntheticEnvironments/Installer.cs:76)
Meta.XR.Simulator.Editor.SyntheticEnvironments.Registry:RegisterSyntheticEnvironments () (at ./Library/PackageCache/com.meta.xr.simulator@74.0.0/Editor/SyntheticEnvironments/Registry.cs:97)
Meta.XR.Simulator.Editor.SyntheticEnvironments.Registry:.cctor () (at ./Library/PackageCache/com.meta.xr.simulator@74.0.0/Editor/SyntheticEnvironments/Registry.cs:87)
System.Runtime.CompilerServices.RuntimeHelpers:RunClassConstructor (System.RuntimeTypeHandle)
UnityEditor.EditorAssemblies:ProcessInitializeOnLoadAttributes (System.Type[])

(Filename: ./Library/PackageCache/com.meta.xr.simulator@74.0.0/Editor/Utils.cs Line: 165)

[Synthetic Environments] got match start synth_env_server_extra_rooms.exe XRoom3_1
UnityEngine.StackTraceUtility:ExtractStackTrace ()
UnityEngine.DebugLogHandler:LogFormat (UnityEngine.LogType,UnityEngine.Object,string,object[])
UnityEngine.Logger:Log (UnityEngine.LogType,object)
UnityEngine.Debug:Log (object)
Meta.XR.Simulator.Utils:ReportInfo (string,string) (at ./Library/PackageCache/com.meta.xr.simulator@74.0.0/Editor/Utils.cs:165)
Meta.XR.Simulator.Editor.SyntheticEnvironments.Installer:ParseSynthEnvScript (string) (at ./Library/PackageCache/com.meta.xr.simulator@74.0.0/Editor/SyntheticEnvironments/Installer.cs:98)
Meta.XR.Simulator.Editor.SyntheticEnvironments.Installer:BuildSyntheticEnvironments () (at ./Library/PackageCache/com.meta.xr.simulator@74.0.0/Editor/SyntheticEnvironments/Installer.cs:76)
Meta.XR.Simulator.Editor.SyntheticEnvironments.Registry:RegisterSyntheticEnvironments () (at ./Library/PackageCache/com.meta.xr.simulator@74.0.0/Editor/SyntheticEnvironments/Registry.cs:97)
Meta.XR.Simulator.Editor.SyntheticEnvironments.Registry:.cctor () (at ./Library/PackageCache/com.meta.xr.simulator@74.0.0/Editor/SyntheticEnvironments/Registry.cs:87)
System.Runtime.CompilerServices.RuntimeHelpers:RunClassConstructor (System.RuntimeTypeHandle)
UnityEditor.EditorAssemblies:ProcessInitializeOnLoadAttributes (System.Type[])

(Filename: ./Library/PackageCache/com.meta.xr.simulator@74.0.0/Editor/Utils.cs Line: 165)

[Synthetic Environments] got match start synth_env_server_extra_rooms.exe XRoom1_2
UnityEngine.StackTraceUtility:ExtractStackTrace ()
UnityEngine.DebugLogHandler:LogFormat (UnityEngine.LogType,UnityEngine.Object,string,object[])
UnityEngine.Logger:Log (UnityEngine.LogType,object)
UnityEngine.Debug:Log (object)
Meta.XR.Simulator.Utils:ReportInfo (string,string) (at ./Library/PackageCache/com.meta.xr.simulator@74.0.0/Editor/Utils.cs:165)
Meta.XR.Simulator.Editor.SyntheticEnvironments.Installer:ParseSynthEnvScript (string) (at ./Library/PackageCache/com.meta.xr.simulator@74.0.0/Editor/SyntheticEnvironments/Installer.cs:98)
Meta.XR.Simulator.Editor.SyntheticEnvironments.Installer:BuildSyntheticEnvironments () (at ./Library/PackageCache/com.meta.xr.simulator@74.0.0/Editor/SyntheticEnvironments/Installer.cs:76)
Meta.XR.Simulator.Editor.SyntheticEnvironments.Registry:RegisterSyntheticEnvironments () (at ./Library/PackageCache/com.meta.xr.simulator@74.0.0/Editor/SyntheticEnvironments/Registry.cs:97)
Meta.XR.Simulator.Editor.SyntheticEnvironments.Registry:.cctor () (at ./Library/PackageCache/com.meta.xr.simulator@74.0.0/Editor/SyntheticEnvironments/Registry.cs:87)
System.Runtime.CompilerServices.RuntimeHelpers:RunClassConstructor (System.RuntimeTypeHandle)
UnityEditor.EditorAssemblies:ProcessInitializeOnLoadAttributes (System.Type[])

(Filename: ./Library/PackageCache/com.meta.xr.simulator@74.0.0/Editor/Utils.cs Line: 165)

[Synthetic Environments] got match start synth_env_server_extra_rooms.exe XRoom1_1
UnityEngine.StackTraceUtility:ExtractStackTrace ()
UnityEngine.DebugLogHandler:LogFormat (UnityEngine.LogType,UnityEngine.Object,string,object[])
UnityEngine.Logger:Log (UnityEngine.LogType,object)
UnityEngine.Debug:Log (object)
Meta.XR.Simulator.Utils:ReportInfo (string,string) (at ./Library/PackageCache/com.meta.xr.simulator@74.0.0/Editor/Utils.cs:165)
Meta.XR.Simulator.Editor.SyntheticEnvironments.Installer:ParseSynthEnvScript (string) (at ./Library/PackageCache/com.meta.xr.simulator@74.0.0/Editor/SyntheticEnvironments/Installer.cs:98)
Meta.XR.Simulator.Editor.SyntheticEnvironments.Installer:BuildSyntheticEnvironments () (at ./Library/PackageCache/com.meta.xr.simulator@74.0.0/Editor/SyntheticEnvironments/Installer.cs:76)
Meta.XR.Simulator.Editor.SyntheticEnvironments.Registry:RegisterSyntheticEnvironments () (at ./Library/PackageCache/com.meta.xr.simulator@74.0.0/Editor/SyntheticEnvironments/Registry.cs:97)
Meta.XR.Simulator.Editor.SyntheticEnvironments.Registry:.cctor () (at ./Library/PackageCache/com.meta.xr.simulator@74.0.0/Editor/SyntheticEnvironments/Registry.cs:87)
System.Runtime.CompilerServices.RuntimeHelpers:RunClassConstructor (System.RuntimeTypeHandle)
UnityEditor.EditorAssemblies:ProcessInitializeOnLoadAttributes (System.Type[])

(Filename: ./Library/PackageCache/com.meta.xr.simulator@74.0.0/Editor/Utils.cs Line: 165)

[Synthetic Environments] got match start synth_env_server_extra_rooms.exe XRoom1_4
UnityEngine.StackTraceUtility:ExtractStackTrace ()
UnityEngine.DebugLogHandler:LogFormat (UnityEngine.LogType,UnityEngine.Object,string,object[])
UnityEngine.Logger:Log (UnityEngine.LogType,object)
UnityEngine.Debug:Log (object)
Meta.XR.Simulator.Utils:ReportInfo (string,string) (at ./Library/PackageCache/com.meta.xr.simulator@74.0.0/Editor/Utils.cs:165)
Meta.XR.Simulator.Editor.SyntheticEnvironments.Installer:ParseSynthEnvScript (string) (at ./Library/PackageCache/com.meta.xr.simulator@74.0.0/Editor/SyntheticEnvironments/Installer.cs:98)
Meta.XR.Simulator.Editor.SyntheticEnvironments.Installer:BuildSyntheticEnvironments () (at ./Library/PackageCache/com.meta.xr.simulator@74.0.0/Editor/SyntheticEnvironments/Installer.cs:76)
Meta.XR.Simulator.Editor.SyntheticEnvironments.Registry:RegisterSyntheticEnvironments () (at ./Library/PackageCache/com.meta.xr.simulator@74.0.0/Editor/SyntheticEnvironments/Registry.cs:97)
Meta.XR.Simulator.Editor.SyntheticEnvironments.Registry:.cctor () (at ./Library/PackageCache/com.meta.xr.simulator@74.0.0/Editor/SyntheticEnvironments/Registry.cs:87)
System.Runtime.CompilerServices.RuntimeHelpers:RunClassConstructor (System.RuntimeTypeHandle)
UnityEditor.EditorAssemblies:ProcessInitializeOnLoadAttributes (System.Type[])

(Filename: ./Library/PackageCache/com.meta.xr.simulator@74.0.0/Editor/Utils.cs Line: 165)

[Package Manager] Server::EnsureServerProcessIsRunning -- launch failed, reason: Unity was launched with the -noUpm command-line argument
[Package Manager] UpmClient::Send -- Unable to send message (not connected to UPM process).
[Package Manager] Cannot connect to Unity Package Manager local server
System.Reflection.TargetInvocationException: Exception has been thrown by the target of an invocation. ---> System.NullReferenceException: Object reference not set to an instance of an object
  at Unity.XR.Oculus.OculusLoader.AssetPathToAbsolutePath (System.String assetPath) [0x0003d] in .\Library\PackageCache\com.unity.xr.oculus@4.2.0\Runtime\OculusLoader.cs:298 
  at Unity.XR.Oculus.OculusLoader.EditorLoadOVRPlugin () [0x0008c] in .\Library\PackageCache\com.unity.xr.oculus@4.2.0\Runtime\OculusLoader.cs:283 
  at (wrapper managed-to-native) System.Reflection.RuntimeMethodInfo.InternalInvoke(System.Reflection.RuntimeMethodInfo,object,object[],System.Exception&)
  at System.Reflection.RuntimeMethodInfo.Invoke (System.Object obj, System.Reflection.BindingFlags invokeAttr, System.Reflection.Binder binder, System.Object[] parameters, System.Globalization.CultureInfo culture) [0x0006a] in <51fded79cd284d4d911c5949aff4cb21>:0 
   --- End of inner exception stack trace ---
  at System.Reflection.RuntimeMethodInfo.Invoke (System.Object obj, System.Reflection.BindingFlags invokeAttr, System.Reflection.Binder binder, System.Object[] parameters, System.Globalization.CultureInfo culture) [0x00083] in <51fded79cd284d4d911c5949aff4cb21>:0 
  at System.Reflection.MethodBase.Invoke (System.Object obj, System.Object[] parameters) [0x00000] in <51fded79cd284d4d911c5949aff4cb21>:0 
  at UnityEditor.EditorAssemblies.ProcessInitializeOnLoadMethodAttributes () [0x000a5] in <2201ab87e660427c974282df3bb3cf36>:0 
UnityEngine.StackTraceUtility:ExtractStackTrace ()
UnityEngine.DebugLogHandler:LogFormat (UnityEngine.LogType,UnityEngine.Object,string,object[])
UnityEngine.Logger:Log (UnityEngine.LogType,object)
UnityEngine.Debug:LogError (object)
UnityEditor.EditorAssemblies:ProcessInitializeOnLoadMethodAttributes ()

Mono: successfully reloaded assembly
[Package Manager] Server::EnsureServerProcessIsRunning -- launch failed, reason: Unity was launched with the -noUpm command-line argument
[Package Manager] UpmClient::Send -- Unable to send message (not connected to UPM process).
[Package Manager] Cannot connect to Unity Package Manager local server
- Finished resetting the current domain, in  0.935 seconds
Domain Reload Profiling: 1377ms
	BeginReloadAssembly (161ms)
		ExecutionOrderSort (0ms)
		DisableScriptedObjects (5ms)
		BackupInstance (0ms)
		ReleaseScriptingObjects (0ms)
		CreateAndSetChildDomain (32ms)
	RebuildCommonClasses (30ms)
	RebuildNativeTypeToScriptingClass (12ms)
	initialDomainReloadingComplete (31ms)
	LoadAllAssembliesAndSetupDomain (207ms)
		LoadAssemblies (279ms)
		RebuildTransferFunctionScriptingTraits (0ms)
		AnalyzeDomain (19ms)
			TypeCache.Refresh (5ms)
				TypeCache.ScanAssembly (0ms)
			ScanForSourceGeneratedMonoScriptInfo (0ms)
			ResolveRequiredComponents (14ms)
	FinalizeReload (936ms)
		ReleaseScriptCaches (0ms)
		RebuildScriptCaches (0ms)
		SetupLoadedEditorAssemblies (570ms)
			LogAssemblyErrors (0ms)
			InitializePlatformSupportModulesInManaged (31ms)
			SetLoadedEditorAssemblies (6ms)
			RefreshPlugins (0ms)
			BeforeProcessingInitializeOnLoad (96ms)
			ProcessInitializeOnLoadAttributes (390ms)
			ProcessInitializeOnLoadMethodAttributes (36ms)
			AfterProcessingInitializeOnLoad (10ms)
			EditorAssembliesLoaded (0ms)
		ExecutionOrderSort2 (0ms)
		AwakeInstancesAfterBackupRestoration (8ms)
Shader 'Meta/MRUK/Scene/HighlightsAndShadows': fallback shader 'Off' not found
Shader 'Oculus/OVRMRCameraFrameLit': fallback shader 'Alpha-Diffuse' not found
Refreshing native plugins compatible for Editor in 15.27 ms, found 10 plugins.
Preloading 3 native plugins for Editor in 0.22 ms.
Unloading 3064 Unused Serialized files (Serialized files now loaded: 0)
Unloading 52 unused Assets / (455.7 KB). Loaded Objects now: 3675.
Memory consumption went from 145.2 MB to 144.7 MB.
Total: 5.446500 ms (FindLiveObjects: 0.247500 ms CreateObjectMapping: 0.234000 ms MarkObjects: 4.709000 ms  DeleteObjects: 0.255000 ms)

Prepare: number of updated asset objects reloaded= 0
AssetImportParameters requested are different than current active one (requested -> active):
  custom:video-decoder-webm-vp8: 9c59270c3fd7afecdb556c50c9e8de78 -> 
  custom:SearchIndexIgnoredProperties: e643bd26f0fe6173181afceb89e7c659 -> 
  custom:container-demuxer-ogg: 62fdf1f143b41e24485cea50d1cbac27 -> 
  custom:AudioImporter_EditorPlatform: d09bf68614088b80899f8185d706f6e7 -> 
  custom:video-codec-MediaFoundation-h265: 746d11721c4dcdbdad8f713fa42b33f4 -> 
  custom:video-decoder-ogg-theora: a1e56fd34408186e4bbccfd4996cb3dc -> 
  custom:framework-win-MediaFoundation: 216162199b28c13a410421893ffa2e32 -> 
  custom:video-encoder-webm-vp8: eb34c28f22e8b96e1ab97ce403110664 -> 
  custom:audio-decoder-ogg-vorbis: bf7c407c2cedff20999df2af8eb42d56 -> 
  custom:CustomObjectIndexerAttribute: 9a22284fe3817be447336de3de66b15e -> 
  custom:container-demuxer-webm: 4f35f7cbe854078d1ac9338744f61a02 -> 
  custom:audio-encoder-webm-vorbis: bf7c407c2cedff20999df2af8eb42d56 -> 
  custom:container-muxer-webm: aa71ff27fc2769a1b78a27578f13a17b -> 
========================================================================
Received Prepare
Begin MonoManager ReloadAssembly
Symbol file LoadedFromMemory is not a mono symbol file
- Loaded All Assemblies, in  0.448 seconds
Refreshing native plugins compatible for Editor in 16.22 ms, found 10 plugins.
Native extension for UWP target not found
Native extension for WindowsStandalone target not found
Native extension for Android target not found
Native extension for WebGL target not found
[Package Manager] Server::EnsureServerProcessIsRunning -- launch failed, reason: Unity was launched with the -noUpm command-line argument
[Package Manager] UpmClient::Send -- Unable to send message (not connected to UPM process).
[Package Manager] Cannot connect to Unity Package Manager local server
[Package Manager] Server::EnsureServerProcessIsRunning -- launch failed, reason: Unity was launched with the -noUpm command-line argument
[Package Manager] UpmClient::Send -- Unable to send message (not connected to UPM process).
[Package Manager] Cannot connect to Unity Package Manager local server
[Synthetic Environments] got match start synth_env_server.exe Bedroom
UnityEngine.StackTraceUtility:ExtractStackTrace ()
UnityEngine.DebugLogHandler:LogFormat (UnityEngine.LogType,UnityEngine.Object,string,object[])
UnityEngine.Logger:Log (UnityEngine.LogType,object)
UnityEngine.Debug:Log (object)
Meta.XR.Simulator.Utils:ReportInfo (string,string) (at ./Library/PackageCache/com.meta.xr.simulator@74.0.0/Editor/Utils.cs:165)
Meta.XR.Simulator.Editor.SyntheticEnvironments.Installer:ParseSynthEnvScript (string) (at ./Library/PackageCache/com.meta.xr.simulator@74.0.0/Editor/SyntheticEnvironments/Installer.cs:98)
Meta.XR.Simulator.Editor.SyntheticEnvironments.Installer:BuildSyntheticEnvironments () (at ./Library/PackageCache/com.meta.xr.simulator@74.0.0/Editor/SyntheticEnvironments/Installer.cs:76)
Meta.XR.Simulator.Editor.SyntheticEnvironments.Registry:RegisterSyntheticEnvironments () (at ./Library/PackageCache/com.meta.xr.simulator@74.0.0/Editor/SyntheticEnvironments/Registry.cs:97)
Meta.XR.Simulator.Editor.SyntheticEnvironments.Registry:.cctor () (at ./Library/PackageCache/com.meta.xr.simulator@74.0.0/Editor/SyntheticEnvironments/Registry.cs:87)
System.Runtime.CompilerServices.RuntimeHelpers:RunClassConstructor (System.RuntimeTypeHandle)
UnityEditor.EditorAssemblies:ProcessInitializeOnLoadAttributes (System.Type[])

(Filename: ./Library/PackageCache/com.meta.xr.simulator@74.0.0/Editor/Utils.cs Line: 165)

[Synthetic Environments] got match start synth_env_server.exe GameRoom
UnityEngine.StackTraceUtility:ExtractStackTrace ()
UnityEngine.DebugLogHandler:LogFormat (UnityEngine.LogType,UnityEngine.Object,string,object[])
UnityEngine.Logger:Log (UnityEngine.LogType,object)
UnityEngine.Debug:Log (object)
Meta.XR.Simulator.Utils:ReportInfo (string,string) (at ./Library/PackageCache/com.meta.xr.simulator@74.0.0/Editor/Utils.cs:165)
Meta.XR.Simulator.Editor.SyntheticEnvironments.Installer:ParseSynthEnvScript (string) (at ./Library/PackageCache/com.meta.xr.simulator@74.0.0/Editor/SyntheticEnvironments/Installer.cs:98)
Meta.XR.Simulator.Editor.SyntheticEnvironments.Installer:BuildSyntheticEnvironments () (at ./Library/PackageCache/com.meta.xr.simulator@74.0.0/Editor/SyntheticEnvironments/Installer.cs:76)
Meta.XR.Simulator.Editor.SyntheticEnvironments.Registry:RegisterSyntheticEnvironments () (at ./Library/PackageCache/com.meta.xr.simulator@74.0.0/Editor/SyntheticEnvironments/Registry.cs:97)
Meta.XR.Simulator.Editor.SyntheticEnvironments.Registry:.cctor () (at ./Library/PackageCache/com.meta.xr.simulator@74.0.0/Editor/SyntheticEnvironments/Registry.cs:87)
System.Runtime.CompilerServices.RuntimeHelpers:RunClassConstructor (System.RuntimeTypeHandle)
UnityEditor.EditorAssemblies:ProcessInitializeOnLoadAttributes (System.Type[])

(Filename: ./Library/PackageCache/com.meta.xr.simulator@74.0.0/Editor/Utils.cs Line: 165)

[Synthetic Environments] got match start synth_env_server.exe LivingRoom
UnityEngine.StackTraceUtility:ExtractStackTrace ()
UnityEngine.DebugLogHandler:LogFormat (UnityEngine.LogType,UnityEngine.Object,string,object[])
UnityEngine.Logger:Log (UnityEngine.LogType,object)
UnityEngine.Debug:Log (object)
Meta.XR.Simulator.Utils:ReportInfo (string,string) (at ./Library/PackageCache/com.meta.xr.simulator@74.0.0/Editor/Utils.cs:165)
Meta.XR.Simulator.Editor.SyntheticEnvironments.Installer:ParseSynthEnvScript (string) (at ./Library/PackageCache/com.meta.xr.simulator@74.0.0/Editor/SyntheticEnvironments/Installer.cs:98)
Meta.XR.Simulator.Editor.SyntheticEnvironments.Installer:BuildSyntheticEnvironments () (at ./Library/PackageCache/com.meta.xr.simulator@74.0.0/Editor/SyntheticEnvironments/Installer.cs:76)
Meta.XR.Simulator.Editor.SyntheticEnvironments.Registry:RegisterSyntheticEnvironments () (at ./Library/PackageCache/com.meta.xr.simulator@74.0.0/Editor/SyntheticEnvironments/Registry.cs:97)
Meta.XR.Simulator.Editor.SyntheticEnvironments.Registry:.cctor () (at ./Library/PackageCache/com.meta.xr.simulator@74.0.0/Editor/SyntheticEnvironments/Registry.cs:87)
System.Runtime.CompilerServices.RuntimeHelpers:RunClassConstructor (System.RuntimeTypeHandle)
UnityEditor.EditorAssemblies:ProcessInitializeOnLoadAttributes (System.Type[])

(Filename: ./Library/PackageCache/com.meta.xr.simulator@74.0.0/Editor/Utils.cs Line: 165)

[Synthetic Environments] got match start synth_env_server_extra_rooms.exe XRoom2_3
UnityEngine.StackTraceUtility:ExtractStackTrace ()
UnityEngine.DebugLogHandler:LogFormat (UnityEngine.LogType,UnityEngine.Object,string,object[])
UnityEngine.Logger:Log (UnityEngine.LogType,object)
UnityEngine.Debug:Log (object)
Meta.XR.Simulator.Utils:ReportInfo (string,string) (at ./Library/PackageCache/com.meta.xr.simulator@74.0.0/Editor/Utils.cs:165)
Meta.XR.Simulator.Editor.SyntheticEnvironments.Installer:ParseSynthEnvScript (string) (at ./Library/PackageCache/com.meta.xr.simulator@74.0.0/Editor/SyntheticEnvironments/Installer.cs:98)
Meta.XR.Simulator.Editor.SyntheticEnvironments.Installer:BuildSyntheticEnvironments () (at ./Library/PackageCache/com.meta.xr.simulator@74.0.0/Editor/SyntheticEnvironments/Installer.cs:76)
Meta.XR.Simulator.Editor.SyntheticEnvironments.Registry:RegisterSyntheticEnvironments () (at ./Library/PackageCache/com.meta.xr.simulator@74.0.0/Editor/SyntheticEnvironments/Registry.cs:97)
Meta.XR.Simulator.Editor.SyntheticEnvironments.Registry:.cctor () (at ./Library/PackageCache/com.meta.xr.simulator@74.0.0/Editor/SyntheticEnvironments/Registry.cs:87)
System.Runtime.CompilerServices.RuntimeHelpers:RunClassConstructor (System.RuntimeTypeHandle)
UnityEditor.EditorAssemblies:ProcessInitializeOnLoadAttributes (System.Type[])

(Filename: ./Library/PackageCache/com.meta.xr.simulator@74.0.0/Editor/Utils.cs Line: 165)

[Synthetic Environments] got match start synth_env_server_extra_rooms.exe XRoom2_4
UnityEngine.StackTraceUtility:ExtractStackTrace ()
UnityEngine.DebugLogHandler:LogFormat (UnityEngine.LogType,UnityEngine.Object,string,object[])
UnityEngine.Logger:Log (UnityEngine.LogType,object)
UnityEngine.Debug:Log (object)
Meta.XR.Simulator.Utils:ReportInfo (string,string) (at ./Library/PackageCache/com.meta.xr.simulator@74.0.0/Editor/Utils.cs:165)
Meta.XR.Simulator.Editor.SyntheticEnvironments.Installer:ParseSynthEnvScript (string) (at ./Library/PackageCache/com.meta.xr.simulator@74.0.0/Editor/SyntheticEnvironments/Installer.cs:98)
Meta.XR.Simulator.Editor.SyntheticEnvironments.Installer:BuildSyntheticEnvironments () (at ./Library/PackageCache/com.meta.xr.simulator@74.0.0/Editor/SyntheticEnvironments/Installer.cs:76)
Meta.XR.Simulator.Editor.SyntheticEnvironments.Registry:RegisterSyntheticEnvironments () (at ./Library/PackageCache/com.meta.xr.simulator@74.0.0/Editor/SyntheticEnvironments/Registry.cs:97)
Meta.XR.Simulator.Editor.SyntheticEnvironments.Registry:.cctor () (at ./Library/PackageCache/com.meta.xr.simulator@74.0.0/Editor/SyntheticEnvironments/Registry.cs:87)
System.Runtime.CompilerServices.RuntimeHelpers:RunClassConstructor (System.RuntimeTypeHandle)
UnityEditor.EditorAssemblies:ProcessInitializeOnLoadAttributes (System.Type[])

(Filename: ./Library/PackageCache/com.meta.xr.simulator@74.0.0/Editor/Utils.cs Line: 165)

[Synthetic Environments] got match start synth_env_server_extra_rooms.exe XRoom5_6
UnityEngine.StackTraceUtility:ExtractStackTrace ()
UnityEngine.DebugLogHandler:LogFormat (UnityEngine.LogType,UnityEngine.Object,string,object[])
UnityEngine.Logger:Log (UnityEngine.LogType,object)
UnityEngine.Debug:Log (object)
Meta.XR.Simulator.Utils:ReportInfo (string,string) (at ./Library/PackageCache/com.meta.xr.simulator@74.0.0/Editor/Utils.cs:165)
Meta.XR.Simulator.Editor.SyntheticEnvironments.Installer:ParseSynthEnvScript (string) (at ./Library/PackageCache/com.meta.xr.simulator@74.0.0/Editor/SyntheticEnvironments/Installer.cs:98)
Meta.XR.Simulator.Editor.SyntheticEnvironments.Installer:BuildSyntheticEnvironments () (at ./Library/PackageCache/com.meta.xr.simulator@74.0.0/Editor/SyntheticEnvironments/Installer.cs:76)
Meta.XR.Simulator.Editor.SyntheticEnvironments.Registry:RegisterSyntheticEnvironments () (at ./Library/PackageCache/com.meta.xr.simulator@74.0.0/Editor/SyntheticEnvironments/Registry.cs:97)
Meta.XR.Simulator.Editor.SyntheticEnvironments.Registry:.cctor () (at ./Library/PackageCache/com.meta.xr.simulator@74.0.0/Editor/SyntheticEnvironments/Registry.cs:87)
System.Runtime.CompilerServices.RuntimeHelpers:RunClassConstructor (System.RuntimeTypeHandle)
UnityEditor.EditorAssemblies:ProcessInitializeOnLoadAttributes (System.Type[])

(Filename: ./Library/PackageCache/com.meta.xr.simulator@74.0.0/Editor/Utils.cs Line: 165)

[Synthetic Environments] got match start synth_env_server_extra_rooms.exe XRoom5_1
UnityEngine.StackTraceUtility:ExtractStackTrace ()
UnityEngine.DebugLogHandler:LogFormat (UnityEngine.LogType,UnityEngine.Object,string,object[])
UnityEngine.Logger:Log (UnityEngine.LogType,object)
UnityEngine.Debug:Log (object)
Meta.XR.Simulator.Utils:ReportInfo (string,string) (at ./Library/PackageCache/com.meta.xr.simulator@74.0.0/Editor/Utils.cs:165)
Meta.XR.Simulator.Editor.SyntheticEnvironments.Installer:ParseSynthEnvScript (string) (at ./Library/PackageCache/com.meta.xr.simulator@74.0.0/Editor/SyntheticEnvironments/Installer.cs:98)
Meta.XR.Simulator.Editor.SyntheticEnvironments.Installer:BuildSyntheticEnvironments () (at ./Library/PackageCache/com.meta.xr.simulator@74.0.0/Editor/SyntheticEnvironments/Installer.cs:76)
Meta.XR.Simulator.Editor.SyntheticEnvironments.Registry:RegisterSyntheticEnvironments () (at ./Library/PackageCache/com.meta.xr.simulator@74.0.0/Editor/SyntheticEnvironments/Registry.cs:97)
Meta.XR.Simulator.Editor.SyntheticEnvironments.Registry:.cctor () (at ./Library/PackageCache/com.meta.xr.simulator@74.0.0/Editor/SyntheticEnvironments/Registry.cs:87)
System.Runtime.CompilerServices.RuntimeHelpers:RunClassConstructor (System.RuntimeTypeHandle)
UnityEditor.EditorAssemblies:ProcessInitializeOnLoadAttributes (System.Type[])

(Filename: ./Library/PackageCache/com.meta.xr.simulator@74.0.0/Editor/Utils.cs Line: 165)

[Synthetic Environments] got match start synth_env_server_extra_rooms.exe XRoom3_1
UnityEngine.StackTraceUtility:ExtractStackTrace ()
UnityEngine.DebugLogHandler:LogFormat (UnityEngine.LogType,UnityEngine.Object,string,object[])
UnityEngine.Logger:Log (UnityEngine.LogType,object)
UnityEngine.Debug:Log (object)
Meta.XR.Simulator.Utils:ReportInfo (string,string) (at ./Library/PackageCache/com.meta.xr.simulator@74.0.0/Editor/Utils.cs:165)
Meta.XR.Simulator.Editor.SyntheticEnvironments.Installer:ParseSynthEnvScript (string) (at ./Library/PackageCache/com.meta.xr.simulator@74.0.0/Editor/SyntheticEnvironments/Installer.cs:98)
Meta.XR.Simulator.Editor.SyntheticEnvironments.Installer:BuildSyntheticEnvironments () (at ./Library/PackageCache/com.meta.xr.simulator@74.0.0/Editor/SyntheticEnvironments/Installer.cs:76)
Meta.XR.Simulator.Editor.SyntheticEnvironments.Registry:RegisterSyntheticEnvironments () (at ./Library/PackageCache/com.meta.xr.simulator@74.0.0/Editor/SyntheticEnvironments/Registry.cs:97)
Meta.XR.Simulator.Editor.SyntheticEnvironments.Registry:.cctor () (at ./Library/PackageCache/com.meta.xr.simulator@74.0.0/Editor/SyntheticEnvironments/Registry.cs:87)
System.Runtime.CompilerServices.RuntimeHelpers:RunClassConstructor (System.RuntimeTypeHandle)
UnityEditor.EditorAssemblies:ProcessInitializeOnLoadAttributes (System.Type[])

(Filename: ./Library/PackageCache/com.meta.xr.simulator@74.0.0/Editor/Utils.cs Line: 165)

[Synthetic Environments] got match start synth_env_server_extra_rooms.exe XRoom1_2
UnityEngine.StackTraceUtility:ExtractStackTrace ()
UnityEngine.DebugLogHandler:LogFormat (UnityEngine.LogType,UnityEngine.Object,string,object[])
UnityEngine.Logger:Log (UnityEngine.LogType,object)
UnityEngine.Debug:Log (object)
Meta.XR.Simulator.Utils:ReportInfo (string,string) (at ./Library/PackageCache/com.meta.xr.simulator@74.0.0/Editor/Utils.cs:165)
Meta.XR.Simulator.Editor.SyntheticEnvironments.Installer:ParseSynthEnvScript (string) (at ./Library/PackageCache/com.meta.xr.simulator@74.0.0/Editor/SyntheticEnvironments/Installer.cs:98)
Meta.XR.Simulator.Editor.SyntheticEnvironments.Installer:BuildSyntheticEnvironments () (at ./Library/PackageCache/com.meta.xr.simulator@74.0.0/Editor/SyntheticEnvironments/Installer.cs:76)
Meta.XR.Simulator.Editor.SyntheticEnvironments.Registry:RegisterSyntheticEnvironments () (at ./Library/PackageCache/com.meta.xr.simulator@74.0.0/Editor/SyntheticEnvironments/Registry.cs:97)
Meta.XR.Simulator.Editor.SyntheticEnvironments.Registry:.cctor () (at ./Library/PackageCache/com.meta.xr.simulator@74.0.0/Editor/SyntheticEnvironments/Registry.cs:87)
System.Runtime.CompilerServices.RuntimeHelpers:RunClassConstructor (System.RuntimeTypeHandle)
UnityEditor.EditorAssemblies:ProcessInitializeOnLoadAttributes (System.Type[])

(Filename: ./Library/PackageCache/com.meta.xr.simulator@74.0.0/Editor/Utils.cs Line: 165)

[Synthetic Environments] got match start synth_env_server_extra_rooms.exe XRoom1_1
UnityEngine.StackTraceUtility:ExtractStackTrace ()
UnityEngine.DebugLogHandler:LogFormat (UnityEngine.LogType,UnityEngine.Object,string,object[])
UnityEngine.Logger:Log (UnityEngine.LogType,object)
UnityEngine.Debug:Log (object)
Meta.XR.Simulator.Utils:ReportInfo (string,string) (at ./Library/PackageCache/com.meta.xr.simulator@74.0.0/Editor/Utils.cs:165)
Meta.XR.Simulator.Editor.SyntheticEnvironments.Installer:ParseSynthEnvScript (string) (at ./Library/PackageCache/com.meta.xr.simulator@74.0.0/Editor/SyntheticEnvironments/Installer.cs:98)
Meta.XR.Simulator.Editor.SyntheticEnvironments.Installer:BuildSyntheticEnvironments () (at ./Library/PackageCache/com.meta.xr.simulator@74.0.0/Editor/SyntheticEnvironments/Installer.cs:76)
Meta.XR.Simulator.Editor.SyntheticEnvironments.Registry:RegisterSyntheticEnvironments () (at ./Library/PackageCache/com.meta.xr.simulator@74.0.0/Editor/SyntheticEnvironments/Registry.cs:97)
Meta.XR.Simulator.Editor.SyntheticEnvironments.Registry:.cctor () (at ./Library/PackageCache/com.meta.xr.simulator@74.0.0/Editor/SyntheticEnvironments/Registry.cs:87)
System.Runtime.CompilerServices.RuntimeHelpers:RunClassConstructor (System.RuntimeTypeHandle)
UnityEditor.EditorAssemblies:ProcessInitializeOnLoadAttributes (System.Type[])

(Filename: ./Library/PackageCache/com.meta.xr.simulator@74.0.0/Editor/Utils.cs Line: 165)

[Synthetic Environments] got match start synth_env_server_extra_rooms.exe XRoom1_4
UnityEngine.StackTraceUtility:ExtractStackTrace ()
UnityEngine.DebugLogHandler:LogFormat (UnityEngine.LogType,UnityEngine.Object,string,object[])
UnityEngine.Logger:Log (UnityEngine.LogType,object)
UnityEngine.Debug:Log (object)
Meta.XR.Simulator.Utils:ReportInfo (string,string) (at ./Library/PackageCache/com.meta.xr.simulator@74.0.0/Editor/Utils.cs:165)
Meta.XR.Simulator.Editor.SyntheticEnvironments.Installer:ParseSynthEnvScript (string) (at ./Library/PackageCache/com.meta.xr.simulator@74.0.0/Editor/SyntheticEnvironments/Installer.cs:98)
Meta.XR.Simulator.Editor.SyntheticEnvironments.Installer:BuildSyntheticEnvironments () (at ./Library/PackageCache/com.meta.xr.simulator@74.0.0/Editor/SyntheticEnvironments/Installer.cs:76)
Meta.XR.Simulator.Editor.SyntheticEnvironments.Registry:RegisterSyntheticEnvironments () (at ./Library/PackageCache/com.meta.xr.simulator@74.0.0/Editor/SyntheticEnvironments/Registry.cs:97)
Meta.XR.Simulator.Editor.SyntheticEnvironments.Registry:.cctor () (at ./Library/PackageCache/com.meta.xr.simulator@74.0.0/Editor/SyntheticEnvironments/Registry.cs:87)
System.Runtime.CompilerServices.RuntimeHelpers:RunClassConstructor (System.RuntimeTypeHandle)
UnityEditor.EditorAssemblies:ProcessInitializeOnLoadAttributes (System.Type[])

(Filename: ./Library/PackageCache/com.meta.xr.simulator@74.0.0/Editor/Utils.cs Line: 165)

[Package Manager] Server::EnsureServerProcessIsRunning -- launch failed, reason: Unity was launched with the -noUpm command-line argument
[Package Manager] UpmClient::Send -- Unable to send message (not connected to UPM process).
[Package Manager] Cannot connect to Unity Package Manager local server
System.Reflection.TargetInvocationException: Exception has been thrown by the target of an invocation. ---> System.NullReferenceException: Object reference not set to an instance of an object
  at Unity.XR.Oculus.OculusLoader.AssetPathToAbsolutePath (System.String assetPath) [0x0003d] in .\Library\PackageCache\com.unity.xr.oculus@4.2.0\Runtime\OculusLoader.cs:298 
  at Unity.XR.Oculus.OculusLoader.EditorLoadOVRPlugin () [0x0008c] in .\Library\PackageCache\com.unity.xr.oculus@4.2.0\Runtime\OculusLoader.cs:283 
  at (wrapper managed-to-native) System.Reflection.RuntimeMethodInfo.InternalInvoke(System.Reflection.RuntimeMethodInfo,object,object[],System.Exception&)
  at System.Reflection.RuntimeMethodInfo.Invoke (System.Object obj, System.Reflection.BindingFlags invokeAttr, System.Reflection.Binder binder, System.Object[] parameters, System.Globalization.CultureInfo culture) [0x0006a] in <51fded79cd284d4d911c5949aff4cb21>:0 
   --- End of inner exception stack trace ---
  at System.Reflection.RuntimeMethodInfo.Invoke (System.Object obj, System.Reflection.BindingFlags invokeAttr, System.Reflection.Binder binder, System.Object[] parameters, System.Globalization.CultureInfo culture) [0x00083] in <51fded79cd284d4d911c5949aff4cb21>:0 
  at System.Reflection.MethodBase.Invoke (System.Object obj, System.Object[] parameters) [0x00000] in <51fded79cd284d4d911c5949aff4cb21>:0 
  at UnityEditor.EditorAssemblies.ProcessInitializeOnLoadMethodAttributes () [0x000a5] in <2201ab87e660427c974282df3bb3cf36>:0 
UnityEngine.StackTraceUtility:ExtractStackTrace ()
UnityEngine.DebugLogHandler:LogFormat (UnityEngine.LogType,UnityEngine.Object,string,object[])
UnityEngine.Logger:Log (UnityEngine.LogType,object)
UnityEngine.Debug:LogError (object)
UnityEditor.EditorAssemblies:ProcessInitializeOnLoadMethodAttributes ()

Mono: successfully reloaded assembly
[Package Manager] Server::EnsureServerProcessIsRunning -- launch failed, reason: Unity was launched with the -noUpm command-line argument
[Package Manager] UpmClient::Send -- Unable to send message (not connected to UPM process).
[Package Manager] Cannot connect to Unity Package Manager local server
- Finished resetting the current domain, in  0.980 seconds
Domain Reload Profiling: 1420ms
	BeginReloadAssembly (160ms)
		ExecutionOrderSort (0ms)
		DisableScriptedObjects (4ms)
		BackupInstance (0ms)
		ReleaseScriptingObjects (0ms)
		CreateAndSetChildDomain (35ms)
	RebuildCommonClasses (30ms)
	RebuildNativeTypeToScriptingClass (10ms)
	initialDomainReloadingComplete (26ms)
	LoadAllAssembliesAndSetupDomain (213ms)
		LoadAssemblies (281ms)
		RebuildTransferFunctionScriptingTraits (0ms)
		AnalyzeDomain (20ms)
			TypeCache.Refresh (5ms)
				TypeCache.ScanAssembly (0ms)
			ScanForSourceGeneratedMonoScriptInfo (0ms)
			ResolveRequiredComponents (15ms)
	FinalizeReload (981ms)
		ReleaseScriptCaches (0ms)
		RebuildScriptCaches (0ms)
		SetupLoadedEditorAssemblies (597ms)
			LogAssemblyErrors (0ms)
			InitializePlatformSupportModulesInManaged (32ms)
			SetLoadedEditorAssemblies (6ms)
			RefreshPlugins (0ms)
			BeforeProcessingInitializeOnLoad (99ms)
			ProcessInitializeOnLoadAttributes (412ms)
			ProcessInitializeOnLoadMethodAttributes (38ms)
			AfterProcessingInitializeOnLoad (11ms)
			EditorAssembliesLoaded (0ms)
		ExecutionOrderSort2 (0ms)
		AwakeInstancesAfterBackupRestoration (7ms)
Shader 'Meta/MRUK/Scene/HighlightsAndShadows': fallback shader 'Off' not found
Shader 'Oculus/OVRMRCameraFrameLit': fallback shader 'Alpha-Diffuse' not found
Refreshing native plugins compatible for Editor in 18.35 ms, found 10 plugins.
Preloading 3 native plugins for Editor in 0.23 ms.
Unloading 3064 Unused Serialized files (Serialized files now loaded: 0)
Unloading 52 unused Assets / (463.6 KB). Loaded Objects now: 3676.
Memory consumption went from 145.2 MB to 144.7 MB.
Total: 5.747300 ms (FindLiveObjects: 0.337200 ms CreateObjectMapping: 0.315500 ms MarkObjects: 4.812400 ms  DeleteObjects: 0.281100 ms)

Prepare: number of updated asset objects reloaded= 0
AssetImportParameters requested are different than current active one (requested -> active):
  custom:video-decoder-webm-vp8: 9c59270c3fd7afecdb556c50c9e8de78 -> 
  custom:SearchIndexIgnoredProperties: e643bd26f0fe6173181afceb89e7c659 -> 
  custom:container-demuxer-ogg: 62fdf1f143b41e24485cea50d1cbac27 -> 
  custom:AudioImporter_EditorPlatform: d09bf68614088b80899f8185d706f6e7 -> 
  custom:video-codec-MediaFoundation-h265: 746d11721c4dcdbdad8f713fa42b33f4 -> 
  custom:video-decoder-ogg-theora: a1e56fd34408186e4bbccfd4996cb3dc -> 
  custom:framework-win-MediaFoundation: 216162199b28c13a410421893ffa2e32 -> 
  custom:video-encoder-webm-vp8: eb34c28f22e8b96e1ab97ce403110664 -> 
  custom:audio-decoder-ogg-vorbis: bf7c407c2cedff20999df2af8eb42d56 -> 
  custom:CustomObjectIndexerAttribute: 9a22284fe3817be447336de3de66b15e -> 
  custom:container-demuxer-webm: 4f35f7cbe854078d1ac9338744f61a02 -> 
  custom:audio-encoder-webm-vorbis: bf7c407c2cedff20999df2af8eb42d56 -> 
  custom:container-muxer-webm: aa71ff27fc2769a1b78a27578f13a17b -> 
========================================================================
Received Prepare
Begin MonoManager ReloadAssembly
Symbol file LoadedFromMemory is not a mono symbol file
- Loaded All Assemblies, in  0.447 seconds
Refreshing native plugins compatible for Editor in 15.27 ms, found 10 plugins.
Native extension for UWP target not found
Native extension for WindowsStandalone target not found
Native extension for Android target not found
Native extension for WebGL target not found
[Package Manager] Server::EnsureServerProcessIsRunning -- launch failed, reason: Unity was launched with the -noUpm command-line argument
[Package Manager] UpmClient::Send -- Unable to send message (not connected to UPM process).
[Package Manager] Cannot connect to Unity Package Manager local server
[Package Manager] Server::EnsureServerProcessIsRunning -- launch failed, reason: Unity was launched with the -noUpm command-line argument
[Package Manager] UpmClient::Send -- Unable to send message (not connected to UPM process).
[Package Manager] Cannot connect to Unity Package Manager local server
[Synthetic Environments] got match start synth_env_server.exe Bedroom
UnityEngine.StackTraceUtility:ExtractStackTrace ()
UnityEngine.DebugLogHandler:LogFormat (UnityEngine.LogType,UnityEngine.Object,string,object[])
UnityEngine.Logger:Log (UnityEngine.LogType,object)
UnityEngine.Debug:Log (object)
Meta.XR.Simulator.Utils:ReportInfo (string,string) (at ./Library/PackageCache/com.meta.xr.simulator@74.0.0/Editor/Utils.cs:165)
Meta.XR.Simulator.Editor.SyntheticEnvironments.Installer:ParseSynthEnvScript (string) (at ./Library/PackageCache/com.meta.xr.simulator@74.0.0/Editor/SyntheticEnvironments/Installer.cs:98)
Meta.XR.Simulator.Editor.SyntheticEnvironments.Installer:BuildSyntheticEnvironments () (at ./Library/PackageCache/com.meta.xr.simulator@74.0.0/Editor/SyntheticEnvironments/Installer.cs:76)
Meta.XR.Simulator.Editor.SyntheticEnvironments.Registry:RegisterSyntheticEnvironments () (at ./Library/PackageCache/com.meta.xr.simulator@74.0.0/Editor/SyntheticEnvironments/Registry.cs:97)
Meta.XR.Simulator.Editor.SyntheticEnvironments.Registry:.cctor () (at ./Library/PackageCache/com.meta.xr.simulator@74.0.0/Editor/SyntheticEnvironments/Registry.cs:87)
System.Runtime.CompilerServices.RuntimeHelpers:RunClassConstructor (System.RuntimeTypeHandle)
UnityEditor.EditorAssemblies:ProcessInitializeOnLoadAttributes (System.Type[])

(Filename: ./Library/PackageCache/com.meta.xr.simulator@74.0.0/Editor/Utils.cs Line: 165)

[Synthetic Environments] got match start synth_env_server.exe GameRoom
UnityEngine.StackTraceUtility:ExtractStackTrace ()
UnityEngine.DebugLogHandler:LogFormat (UnityEngine.LogType,UnityEngine.Object,string,object[])
UnityEngine.Logger:Log (UnityEngine.LogType,object)
UnityEngine.Debug:Log (object)
Meta.XR.Simulator.Utils:ReportInfo (string,string) (at ./Library/PackageCache/com.meta.xr.simulator@74.0.0/Editor/Utils.cs:165)
Meta.XR.Simulator.Editor.SyntheticEnvironments.Installer:ParseSynthEnvScript (string) (at ./Library/PackageCache/com.meta.xr.simulator@74.0.0/Editor/SyntheticEnvironments/Installer.cs:98)
Meta.XR.Simulator.Editor.SyntheticEnvironments.Installer:BuildSyntheticEnvironments () (at ./Library/PackageCache/com.meta.xr.simulator@74.0.0/Editor/SyntheticEnvironments/Installer.cs:76)
Meta.XR.Simulator.Editor.SyntheticEnvironments.Registry:RegisterSyntheticEnvironments () (at ./Library/PackageCache/com.meta.xr.simulator@74.0.0/Editor/SyntheticEnvironments/Registry.cs:97)
Meta.XR.Simulator.Editor.SyntheticEnvironments.Registry:.cctor () (at ./Library/PackageCache/com.meta.xr.simulator@74.0.0/Editor/SyntheticEnvironments/Registry.cs:87)
System.Runtime.CompilerServices.RuntimeHelpers:RunClassConstructor (System.RuntimeTypeHandle)
UnityEditor.EditorAssemblies:ProcessInitializeOnLoadAttributes (System.Type[])

(Filename: ./Library/PackageCache/com.meta.xr.simulator@74.0.0/Editor/Utils.cs Line: 165)

[Synthetic Environments] got match start synth_env_server.exe LivingRoom
UnityEngine.StackTraceUtility:ExtractStackTrace ()
UnityEngine.DebugLogHandler:LogFormat (UnityEngine.LogType,UnityEngine.Object,string,object[])
UnityEngine.Logger:Log (UnityEngine.LogType,object)
UnityEngine.Debug:Log (object)
Meta.XR.Simulator.Utils:ReportInfo (string,string) (at ./Library/PackageCache/com.meta.xr.simulator@74.0.0/Editor/Utils.cs:165)
Meta.XR.Simulator.Editor.SyntheticEnvironments.Installer:ParseSynthEnvScript (string) (at ./Library/PackageCache/com.meta.xr.simulator@74.0.0/Editor/SyntheticEnvironments/Installer.cs:98)
Meta.XR.Simulator.Editor.SyntheticEnvironments.Installer:BuildSyntheticEnvironments () (at ./Library/PackageCache/com.meta.xr.simulator@74.0.0/Editor/SyntheticEnvironments/Installer.cs:76)
Meta.XR.Simulator.Editor.SyntheticEnvironments.Registry:RegisterSyntheticEnvironments () (at ./Library/PackageCache/com.meta.xr.simulator@74.0.0/Editor/SyntheticEnvironments/Registry.cs:97)
Meta.XR.Simulator.Editor.SyntheticEnvironments.Registry:.cctor () (at ./Library/PackageCache/com.meta.xr.simulator@74.0.0/Editor/SyntheticEnvironments/Registry.cs:87)
System.Runtime.CompilerServices.RuntimeHelpers:RunClassConstructor (System.RuntimeTypeHandle)
UnityEditor.EditorAssemblies:ProcessInitializeOnLoadAttributes (System.Type[])

(Filename: ./Library/PackageCache/com.meta.xr.simulator@74.0.0/Editor/Utils.cs Line: 165)

[Synthetic Environments] got match start synth_env_server_extra_rooms.exe XRoom2_3
UnityEngine.StackTraceUtility:ExtractStackTrace ()
UnityEngine.DebugLogHandler:LogFormat (UnityEngine.LogType,UnityEngine.Object,string,object[])
UnityEngine.Logger:Log (UnityEngine.LogType,object)
UnityEngine.Debug:Log (object)
Meta.XR.Simulator.Utils:ReportInfo (string,string) (at ./Library/PackageCache/com.meta.xr.simulator@74.0.0/Editor/Utils.cs:165)
Meta.XR.Simulator.Editor.SyntheticEnvironments.Installer:ParseSynthEnvScript (string) (at ./Library/PackageCache/com.meta.xr.simulator@74.0.0/Editor/SyntheticEnvironments/Installer.cs:98)
Meta.XR.Simulator.Editor.SyntheticEnvironments.Installer:BuildSyntheticEnvironments () (at ./Library/PackageCache/com.meta.xr.simulator@74.0.0/Editor/SyntheticEnvironments/Installer.cs:76)
Meta.XR.Simulator.Editor.SyntheticEnvironments.Registry:RegisterSyntheticEnvironments () (at ./Library/PackageCache/com.meta.xr.simulator@74.0.0/Editor/SyntheticEnvironments/Registry.cs:97)
Meta.XR.Simulator.Editor.SyntheticEnvironments.Registry:.cctor () (at ./Library/PackageCache/com.meta.xr.simulator@74.0.0/Editor/SyntheticEnvironments/Registry.cs:87)
System.Runtime.CompilerServices.RuntimeHelpers:RunClassConstructor (System.RuntimeTypeHandle)
UnityEditor.EditorAssemblies:ProcessInitializeOnLoadAttributes (System.Type[])

(Filename: ./Library/PackageCache/com.meta.xr.simulator@74.0.0/Editor/Utils.cs Line: 165)

[Synthetic Environments] got match start synth_env_server_extra_rooms.exe XRoom2_4
UnityEngine.StackTraceUtility:ExtractStackTrace ()
UnityEngine.DebugLogHandler:LogFormat (UnityEngine.LogType,UnityEngine.Object,string,object[])
UnityEngine.Logger:Log (UnityEngine.LogType,object)
UnityEngine.Debug:Log (object)
Meta.XR.Simulator.Utils:ReportInfo (string,string) (at ./Library/PackageCache/com.meta.xr.simulator@74.0.0/Editor/Utils.cs:165)
Meta.XR.Simulator.Editor.SyntheticEnvironments.Installer:ParseSynthEnvScript (string) (at ./Library/PackageCache/com.meta.xr.simulator@74.0.0/Editor/SyntheticEnvironments/Installer.cs:98)
Meta.XR.Simulator.Editor.SyntheticEnvironments.Installer:BuildSyntheticEnvironments () (at ./Library/PackageCache/com.meta.xr.simulator@74.0.0/Editor/SyntheticEnvironments/Installer.cs:76)
Meta.XR.Simulator.Editor.SyntheticEnvironments.Registry:RegisterSyntheticEnvironments () (at ./Library/PackageCache/com.meta.xr.simulator@74.0.0/Editor/SyntheticEnvironments/Registry.cs:97)
Meta.XR.Simulator.Editor.SyntheticEnvironments.Registry:.cctor () (at ./Library/PackageCache/com.meta.xr.simulator@74.0.0/Editor/SyntheticEnvironments/Registry.cs:87)
System.Runtime.CompilerServices.RuntimeHelpers:RunClassConstructor (System.RuntimeTypeHandle)
UnityEditor.EditorAssemblies:ProcessInitializeOnLoadAttributes (System.Type[])

(Filename: ./Library/PackageCache/com.meta.xr.simulator@74.0.0/Editor/Utils.cs Line: 165)

[Synthetic Environments] got match start synth_env_server_extra_rooms.exe XRoom5_6
UnityEngine.StackTraceUtility:ExtractStackTrace ()
UnityEngine.DebugLogHandler:LogFormat (UnityEngine.LogType,UnityEngine.Object,string,object[])
UnityEngine.Logger:Log (UnityEngine.LogType,object)
UnityEngine.Debug:Log (object)
Meta.XR.Simulator.Utils:ReportInfo (string,string) (at ./Library/PackageCache/com.meta.xr.simulator@74.0.0/Editor/Utils.cs:165)
Meta.XR.Simulator.Editor.SyntheticEnvironments.Installer:ParseSynthEnvScript (string) (at ./Library/PackageCache/com.meta.xr.simulator@74.0.0/Editor/SyntheticEnvironments/Installer.cs:98)
Meta.XR.Simulator.Editor.SyntheticEnvironments.Installer:BuildSyntheticEnvironments () (at ./Library/PackageCache/com.meta.xr.simulator@74.0.0/Editor/SyntheticEnvironments/Installer.cs:76)
Meta.XR.Simulator.Editor.SyntheticEnvironments.Registry:RegisterSyntheticEnvironments () (at ./Library/PackageCache/com.meta.xr.simulator@74.0.0/Editor/SyntheticEnvironments/Registry.cs:97)
Meta.XR.Simulator.Editor.SyntheticEnvironments.Registry:.cctor () (at ./Library/PackageCache/com.meta.xr.simulator@74.0.0/Editor/SyntheticEnvironments/Registry.cs:87)
System.Runtime.CompilerServices.RuntimeHelpers:RunClassConstructor (System.RuntimeTypeHandle)
UnityEditor.EditorAssemblies:ProcessInitializeOnLoadAttributes (System.Type[])

(Filename: ./Library/PackageCache/com.meta.xr.simulator@74.0.0/Editor/Utils.cs Line: 165)

[Synthetic Environments] got match start synth_env_server_extra_rooms.exe XRoom5_1
UnityEngine.StackTraceUtility:ExtractStackTrace ()
UnityEngine.DebugLogHandler:LogFormat (UnityEngine.LogType,UnityEngine.Object,string,object[])
UnityEngine.Logger:Log (UnityEngine.LogType,object)
UnityEngine.Debug:Log (object)
Meta.XR.Simulator.Utils:ReportInfo (string,string) (at ./Library/PackageCache/com.meta.xr.simulator@74.0.0/Editor/Utils.cs:165)
Meta.XR.Simulator.Editor.SyntheticEnvironments.Installer:ParseSynthEnvScript (string) (at ./Library/PackageCache/com.meta.xr.simulator@74.0.0/Editor/SyntheticEnvironments/Installer.cs:98)
Meta.XR.Simulator.Editor.SyntheticEnvironments.Installer:BuildSyntheticEnvironments () (at ./Library/PackageCache/com.meta.xr.simulator@74.0.0/Editor/SyntheticEnvironments/Installer.cs:76)
Meta.XR.Simulator.Editor.SyntheticEnvironments.Registry:RegisterSyntheticEnvironments () (at ./Library/PackageCache/com.meta.xr.simulator@74.0.0/Editor/SyntheticEnvironments/Registry.cs:97)
Meta.XR.Simulator.Editor.SyntheticEnvironments.Registry:.cctor () (at ./Library/PackageCache/com.meta.xr.simulator@74.0.0/Editor/SyntheticEnvironments/Registry.cs:87)
System.Runtime.CompilerServices.RuntimeHelpers:RunClassConstructor (System.RuntimeTypeHandle)
UnityEditor.EditorAssemblies:ProcessInitializeOnLoadAttributes (System.Type[])

(Filename: ./Library/PackageCache/com.meta.xr.simulator@74.0.0/Editor/Utils.cs Line: 165)

[Synthetic Environments] got match start synth_env_server_extra_rooms.exe XRoom3_1
UnityEngine.StackTraceUtility:ExtractStackTrace ()
UnityEngine.DebugLogHandler:LogFormat (UnityEngine.LogType,UnityEngine.Object,string,object[])
UnityEngine.Logger:Log (UnityEngine.LogType,object)
UnityEngine.Debug:Log (object)
Meta.XR.Simulator.Utils:ReportInfo (string,string) (at ./Library/PackageCache/com.meta.xr.simulator@74.0.0/Editor/Utils.cs:165)
Meta.XR.Simulator.Editor.SyntheticEnvironments.Installer:ParseSynthEnvScript (string) (at ./Library/PackageCache/com.meta.xr.simulator@74.0.0/Editor/SyntheticEnvironments/Installer.cs:98)
Meta.XR.Simulator.Editor.SyntheticEnvironments.Installer:BuildSyntheticEnvironments () (at ./Library/PackageCache/com.meta.xr.simulator@74.0.0/Editor/SyntheticEnvironments/Installer.cs:76)
Meta.XR.Simulator.Editor.SyntheticEnvironments.Registry:RegisterSyntheticEnvironments () (at ./Library/PackageCache/com.meta.xr.simulator@74.0.0/Editor/SyntheticEnvironments/Registry.cs:97)
Meta.XR.Simulator.Editor.SyntheticEnvironments.Registry:.cctor () (at ./Library/PackageCache/com.meta.xr.simulator@74.0.0/Editor/SyntheticEnvironments/Registry.cs:87)
System.Runtime.CompilerServices.RuntimeHelpers:RunClassConstructor (System.RuntimeTypeHandle)
UnityEditor.EditorAssemblies:ProcessInitializeOnLoadAttributes (System.Type[])

(Filename: ./Library/PackageCache/com.meta.xr.simulator@74.0.0/Editor/Utils.cs Line: 165)

[Synthetic Environments] got match start synth_env_server_extra_rooms.exe XRoom1_2
UnityEngine.StackTraceUtility:ExtractStackTrace ()
UnityEngine.DebugLogHandler:LogFormat (UnityEngine.LogType,UnityEngine.Object,string,object[])
UnityEngine.Logger:Log (UnityEngine.LogType,object)
UnityEngine.Debug:Log (object)
Meta.XR.Simulator.Utils:ReportInfo (string,string) (at ./Library/PackageCache/com.meta.xr.simulator@74.0.0/Editor/Utils.cs:165)
Meta.XR.Simulator.Editor.SyntheticEnvironments.Installer:ParseSynthEnvScript (string) (at ./Library/PackageCache/com.meta.xr.simulator@74.0.0/Editor/SyntheticEnvironments/Installer.cs:98)
Meta.XR.Simulator.Editor.SyntheticEnvironments.Installer:BuildSyntheticEnvironments () (at ./Library/PackageCache/com.meta.xr.simulator@74.0.0/Editor/SyntheticEnvironments/Installer.cs:76)
Meta.XR.Simulator.Editor.SyntheticEnvironments.Registry:RegisterSyntheticEnvironments () (at ./Library/PackageCache/com.meta.xr.simulator@74.0.0/Editor/SyntheticEnvironments/Registry.cs:97)
Meta.XR.Simulator.Editor.SyntheticEnvironments.Registry:.cctor () (at ./Library/PackageCache/com.meta.xr.simulator@74.0.0/Editor/SyntheticEnvironments/Registry.cs:87)
System.Runtime.CompilerServices.RuntimeHelpers:RunClassConstructor (System.RuntimeTypeHandle)
UnityEditor.EditorAssemblies:ProcessInitializeOnLoadAttributes (System.Type[])

(Filename: ./Library/PackageCache/com.meta.xr.simulator@74.0.0/Editor/Utils.cs Line: 165)

[Synthetic Environments] got match start synth_env_server_extra_rooms.exe XRoom1_1
UnityEngine.StackTraceUtility:ExtractStackTrace ()
UnityEngine.DebugLogHandler:LogFormat (UnityEngine.LogType,UnityEngine.Object,string,object[])
UnityEngine.Logger:Log (UnityEngine.LogType,object)
UnityEngine.Debug:Log (object)
Meta.XR.Simulator.Utils:ReportInfo (string,string) (at ./Library/PackageCache/com.meta.xr.simulator@74.0.0/Editor/Utils.cs:165)
Meta.XR.Simulator.Editor.SyntheticEnvironments.Installer:ParseSynthEnvScript (string) (at ./Library/PackageCache/com.meta.xr.simulator@74.0.0/Editor/SyntheticEnvironments/Installer.cs:98)
Meta.XR.Simulator.Editor.SyntheticEnvironments.Installer:BuildSyntheticEnvironments () (at ./Library/PackageCache/com.meta.xr.simulator@74.0.0/Editor/SyntheticEnvironments/Installer.cs:76)
Meta.XR.Simulator.Editor.SyntheticEnvironments.Registry:RegisterSyntheticEnvironments () (at ./Library/PackageCache/com.meta.xr.simulator@74.0.0/Editor/SyntheticEnvironments/Registry.cs:97)
Meta.XR.Simulator.Editor.SyntheticEnvironments.Registry:.cctor () (at ./Library/PackageCache/com.meta.xr.simulator@74.0.0/Editor/SyntheticEnvironments/Registry.cs:87)
System.Runtime.CompilerServices.RuntimeHelpers:RunClassConstructor (System.RuntimeTypeHandle)
UnityEditor.EditorAssemblies:ProcessInitializeOnLoadAttributes (System.Type[])

(Filename: ./Library/PackageCache/com.meta.xr.simulator@74.0.0/Editor/Utils.cs Line: 165)

[Synthetic Environments] got match start synth_env_server_extra_rooms.exe XRoom1_4
UnityEngine.StackTraceUtility:ExtractStackTrace ()
UnityEngine.DebugLogHandler:LogFormat (UnityEngine.LogType,UnityEngine.Object,string,object[])
UnityEngine.Logger:Log (UnityEngine.LogType,object)
UnityEngine.Debug:Log (object)
Meta.XR.Simulator.Utils:ReportInfo (string,string) (at ./Library/PackageCache/com.meta.xr.simulator@74.0.0/Editor/Utils.cs:165)
Meta.XR.Simulator.Editor.SyntheticEnvironments.Installer:ParseSynthEnvScript (string) (at ./Library/PackageCache/com.meta.xr.simulator@74.0.0/Editor/SyntheticEnvironments/Installer.cs:98)
Meta.XR.Simulator.Editor.SyntheticEnvironments.Installer:BuildSyntheticEnvironments () (at ./Library/PackageCache/com.meta.xr.simulator@74.0.0/Editor/SyntheticEnvironments/Installer.cs:76)
Meta.XR.Simulator.Editor.SyntheticEnvironments.Registry:RegisterSyntheticEnvironments () (at ./Library/PackageCache/com.meta.xr.simulator@74.0.0/Editor/SyntheticEnvironments/Registry.cs:97)
Meta.XR.Simulator.Editor.SyntheticEnvironments.Registry:.cctor () (at ./Library/PackageCache/com.meta.xr.simulator@74.0.0/Editor/SyntheticEnvironments/Registry.cs:87)
System.Runtime.CompilerServices.RuntimeHelpers:RunClassConstructor (System.RuntimeTypeHandle)
UnityEditor.EditorAssemblies:ProcessInitializeOnLoadAttributes (System.Type[])

(Filename: ./Library/PackageCache/com.meta.xr.simulator@74.0.0/Editor/Utils.cs Line: 165)

[Package Manager] Server::EnsureServerProcessIsRunning -- launch failed, reason: Unity was launched with the -noUpm command-line argument
[Package Manager] UpmClient::Send -- Unable to send message (not connected to UPM process).
[Package Manager] Cannot connect to Unity Package Manager local server
System.Reflection.TargetInvocationException: Exception has been thrown by the target of an invocation. ---> System.NullReferenceException: Object reference not set to an instance of an object
  at Unity.XR.Oculus.OculusLoader.AssetPathToAbsolutePath (System.String assetPath) [0x0003d] in .\Library\PackageCache\com.unity.xr.oculus@4.2.0\Runtime\OculusLoader.cs:298 
  at Unity.XR.Oculus.OculusLoader.EditorLoadOVRPlugin () [0x0008c] in .\Library\PackageCache\com.unity.xr.oculus@4.2.0\Runtime\OculusLoader.cs:283 
  at (wrapper managed-to-native) System.Reflection.RuntimeMethodInfo.InternalInvoke(System.Reflection.RuntimeMethodInfo,object,object[],System.Exception&)
  at System.Reflection.RuntimeMethodInfo.Invoke (System.Object obj, System.Reflection.BindingFlags invokeAttr, System.Reflection.Binder binder, System.Object[] parameters, System.Globalization.CultureInfo culture) [0x0006a] in <51fded79cd284d4d911c5949aff4cb21>:0 
   --- End of inner exception stack trace ---
  at System.Reflection.RuntimeMethodInfo.Invoke (System.Object obj, System.Reflection.BindingFlags invokeAttr, System.Reflection.Binder binder, System.Object[] parameters, System.Globalization.CultureInfo culture) [0x00083] in <51fded79cd284d4d911c5949aff4cb21>:0 
  at System.Reflection.MethodBase.Invoke (System.Object obj, System.Object[] parameters) [0x00000] in <51fded79cd284d4d911c5949aff4cb21>:0 
  at UnityEditor.EditorAssemblies.ProcessInitializeOnLoadMethodAttributes () [0x000a5] in <2201ab87e660427c974282df3bb3cf36>:0 
UnityEngine.StackTraceUtility:ExtractStackTrace ()
UnityEngine.DebugLogHandler:LogFormat (UnityEngine.LogType,UnityEngine.Object,string,object[])
UnityEngine.Logger:Log (UnityEngine.LogType,object)
UnityEngine.Debug:LogError (object)
UnityEditor.EditorAssemblies:ProcessInitializeOnLoadMethodAttributes ()

Mono: successfully reloaded assembly
[Package Manager] Server::EnsureServerProcessIsRunning -- launch failed, reason: Unity was launched with the -noUpm command-line argument
[Package Manager] UpmClient::Send -- Unable to send message (not connected to UPM process).
[Package Manager] Cannot connect to Unity Package Manager local server
- Finished resetting the current domain, in  0.929 seconds
Domain Reload Profiling: 1369ms
	BeginReloadAssembly (157ms)
		ExecutionOrderSort (0ms)
		DisableScriptedObjects (4ms)
		BackupInstance (0ms)
		ReleaseScriptingObjects (0ms)
		CreateAndSetChildDomain (30ms)
	RebuildCommonClasses (33ms)
	RebuildNativeTypeToScriptingClass (10ms)
	initialDomainReloadingComplete (26ms)
	LoadAllAssembliesAndSetupDomain (213ms)
		LoadAssemblies (285ms)
		RebuildTransferFunctionScriptingTraits (0ms)
		AnalyzeDomain (20ms)
			TypeCache.Refresh (5ms)
				TypeCache.ScanAssembly (0ms)
			ScanForSourceGeneratedMonoScriptInfo (0ms)
			ResolveRequiredComponents (14ms)
	FinalizeReload (930ms)
		ReleaseScriptCaches (0ms)
		RebuildScriptCaches (0ms)
		SetupLoadedEditorAssemblies (568ms)
			LogAssemblyErrors (0ms)
			InitializePlatformSupportModulesInManaged (28ms)
			SetLoadedEditorAssemblies (5ms)
			RefreshPlugins (0ms)
			BeforeProcessingInitializeOnLoad (93ms)
			ProcessInitializeOnLoadAttributes (390ms)
			ProcessInitializeOnLoadMethodAttributes (39ms)
			AfterProcessingInitializeOnLoad (12ms)
			EditorAssembliesLoaded (0ms)
		ExecutionOrderSort2 (0ms)
		AwakeInstancesAfterBackupRestoration (9ms)
Shader 'Meta/MRUK/Scene/HighlightsAndShadows': fallback shader 'Off' not found
Shader 'Oculus/OVRMRCameraFrameLit': fallback shader 'Alpha-Diffuse' not found
Refreshing native plugins compatible for Editor in 15.25 ms, found 10 plugins.
Preloading 3 native plugins for Editor in 0.23 ms.
Unloading 3064 Unused Serialized files (Serialized files now loaded: 0)
Unloading 52 unused Assets / (463.1 KB). Loaded Objects now: 3677.
Memory consumption went from 145.2 MB to 144.8 MB.
Total: 5.249800 ms (FindLiveObjects: 0.250400 ms CreateObjectMapping: 0.210800 ms MarkObjects: 4.512900 ms  DeleteObjects: 0.274800 ms)

Prepare: number of updated asset objects reloaded= 0
AssetImportParameters requested are different than current active one (requested -> active):
  custom:video-decoder-webm-vp8: 9c59270c3fd7afecdb556c50c9e8de78 -> 
  custom:SearchIndexIgnoredProperties: e643bd26f0fe6173181afceb89e7c659 -> 
  custom:container-demuxer-ogg: 62fdf1f143b41e24485cea50d1cbac27 -> 
  custom:AudioImporter_EditorPlatform: d09bf68614088b80899f8185d706f6e7 -> 
  custom:video-codec-MediaFoundation-h265: 746d11721c4dcdbdad8f713fa42b33f4 -> 
  custom:video-decoder-ogg-theora: a1e56fd34408186e4bbccfd4996cb3dc -> 
  custom:framework-win-MediaFoundation: 216162199b28c13a410421893ffa2e32 -> 
  custom:video-encoder-webm-vp8: eb34c28f22e8b96e1ab97ce403110664 -> 
  custom:audio-decoder-ogg-vorbis: bf7c407c2cedff20999df2af8eb42d56 -> 
  custom:CustomObjectIndexerAttribute: 9a22284fe3817be447336de3de66b15e -> 
  custom:container-demuxer-webm: 4f35f7cbe854078d1ac9338744f61a02 -> 
  custom:audio-encoder-webm-vorbis: bf7c407c2cedff20999df2af8eb42d56 -> 
  custom:container-muxer-webm: aa71ff27fc2769a1b78a27578f13a17b -> 
========================================================================
Received Prepare
Begin MonoManager ReloadAssembly
Symbol file LoadedFromMemory is not a mono symbol file
- Loaded All Assemblies, in  0.437 seconds
Refreshing native plugins compatible for Editor in 16.59 ms, found 10 plugins.
Native extension for UWP target not found
Native extension for WindowsStandalone target not found
Native extension for Android target not found
Native extension for WebGL target not found
[Package Manager] Server::EnsureServerProcessIsRunning -- launch failed, reason: Unity was launched with the -noUpm command-line argument
[Package Manager] UpmClient::Send -- Unable to send message (not connected to UPM process).
[Package Manager] Cannot connect to Unity Package Manager local server
[Package Manager] Server::EnsureServerProcessIsRunning -- launch failed, reason: Unity was launched with the -noUpm command-line argument
[Package Manager] UpmClient::Send -- Unable to send message (not connected to UPM process).
[Package Manager] Cannot connect to Unity Package Manager local server
[Synthetic Environments] got match start synth_env_server.exe Bedroom
UnityEngine.StackTraceUtility:ExtractStackTrace ()
UnityEngine.DebugLogHandler:LogFormat (UnityEngine.LogType,UnityEngine.Object,string,object[])
UnityEngine.Logger:Log (UnityEngine.LogType,object)
UnityEngine.Debug:Log (object)
Meta.XR.Simulator.Utils:ReportInfo (string,string) (at ./Library/PackageCache/com.meta.xr.simulator@74.0.0/Editor/Utils.cs:165)
Meta.XR.Simulator.Editor.SyntheticEnvironments.Installer:ParseSynthEnvScript (string) (at ./Library/PackageCache/com.meta.xr.simulator@74.0.0/Editor/SyntheticEnvironments/Installer.cs:98)
Meta.XR.Simulator.Editor.SyntheticEnvironments.Installer:BuildSyntheticEnvironments () (at ./Library/PackageCache/com.meta.xr.simulator@74.0.0/Editor/SyntheticEnvironments/Installer.cs:76)
Meta.XR.Simulator.Editor.SyntheticEnvironments.Registry:RegisterSyntheticEnvironments () (at ./Library/PackageCache/com.meta.xr.simulator@74.0.0/Editor/SyntheticEnvironments/Registry.cs:97)
Meta.XR.Simulator.Editor.SyntheticEnvironments.Registry:.cctor () (at ./Library/PackageCache/com.meta.xr.simulator@74.0.0/Editor/SyntheticEnvironments/Registry.cs:87)
System.Runtime.CompilerServices.RuntimeHelpers:RunClassConstructor (System.RuntimeTypeHandle)
UnityEditor.EditorAssemblies:ProcessInitializeOnLoadAttributes (System.Type[])

(Filename: ./Library/PackageCache/com.meta.xr.simulator@74.0.0/Editor/Utils.cs Line: 165)

[Synthetic Environments] got match start synth_env_server.exe GameRoom
UnityEngine.StackTraceUtility:ExtractStackTrace ()
UnityEngine.DebugLogHandler:LogFormat (UnityEngine.LogType,UnityEngine.Object,string,object[])
UnityEngine.Logger:Log (UnityEngine.LogType,object)
UnityEngine.Debug:Log (object)
Meta.XR.Simulator.Utils:ReportInfo (string,string) (at ./Library/PackageCache/com.meta.xr.simulator@74.0.0/Editor/Utils.cs:165)
Meta.XR.Simulator.Editor.SyntheticEnvironments.Installer:ParseSynthEnvScript (string) (at ./Library/PackageCache/com.meta.xr.simulator@74.0.0/Editor/SyntheticEnvironments/Installer.cs:98)
Meta.XR.Simulator.Editor.SyntheticEnvironments.Installer:BuildSyntheticEnvironments () (at ./Library/PackageCache/com.meta.xr.simulator@74.0.0/Editor/SyntheticEnvironments/Installer.cs:76)
Meta.XR.Simulator.Editor.SyntheticEnvironments.Registry:RegisterSyntheticEnvironments () (at ./Library/PackageCache/com.meta.xr.simulator@74.0.0/Editor/SyntheticEnvironments/Registry.cs:97)
Meta.XR.Simulator.Editor.SyntheticEnvironments.Registry:.cctor () (at ./Library/PackageCache/com.meta.xr.simulator@74.0.0/Editor/SyntheticEnvironments/Registry.cs:87)
System.Runtime.CompilerServices.RuntimeHelpers:RunClassConstructor (System.RuntimeTypeHandle)
UnityEditor.EditorAssemblies:ProcessInitializeOnLoadAttributes (System.Type[])

(Filename: ./Library/PackageCache/com.meta.xr.simulator@74.0.0/Editor/Utils.cs Line: 165)

[Synthetic Environments] got match start synth_env_server.exe LivingRoom
UnityEngine.StackTraceUtility:ExtractStackTrace ()
UnityEngine.DebugLogHandler:LogFormat (UnityEngine.LogType,UnityEngine.Object,string,object[])
UnityEngine.Logger:Log (UnityEngine.LogType,object)
UnityEngine.Debug:Log (object)
Meta.XR.Simulator.Utils:ReportInfo (string,string) (at ./Library/PackageCache/com.meta.xr.simulator@74.0.0/Editor/Utils.cs:165)
Meta.XR.Simulator.Editor.SyntheticEnvironments.Installer:ParseSynthEnvScript (string) (at ./Library/PackageCache/com.meta.xr.simulator@74.0.0/Editor/SyntheticEnvironments/Installer.cs:98)
Meta.XR.Simulator.Editor.SyntheticEnvironments.Installer:BuildSyntheticEnvironments () (at ./Library/PackageCache/com.meta.xr.simulator@74.0.0/Editor/SyntheticEnvironments/Installer.cs:76)
Meta.XR.Simulator.Editor.SyntheticEnvironments.Registry:RegisterSyntheticEnvironments () (at ./Library/PackageCache/com.meta.xr.simulator@74.0.0/Editor/SyntheticEnvironments/Registry.cs:97)
Meta.XR.Simulator.Editor.SyntheticEnvironments.Registry:.cctor () (at ./Library/PackageCache/com.meta.xr.simulator@74.0.0/Editor/SyntheticEnvironments/Registry.cs:87)
System.Runtime.CompilerServices.RuntimeHelpers:RunClassConstructor (System.RuntimeTypeHandle)
UnityEditor.EditorAssemblies:ProcessInitializeOnLoadAttributes (System.Type[])

(Filename: ./Library/PackageCache/com.meta.xr.simulator@74.0.0/Editor/Utils.cs Line: 165)

[Synthetic Environments] got match start synth_env_server_extra_rooms.exe XRoom2_3
UnityEngine.StackTraceUtility:ExtractStackTrace ()
UnityEngine.DebugLogHandler:LogFormat (UnityEngine.LogType,UnityEngine.Object,string,object[])
UnityEngine.Logger:Log (UnityEngine.LogType,object)
UnityEngine.Debug:Log (object)
Meta.XR.Simulator.Utils:ReportInfo (string,string) (at ./Library/PackageCache/com.meta.xr.simulator@74.0.0/Editor/Utils.cs:165)
Meta.XR.Simulator.Editor.SyntheticEnvironments.Installer:ParseSynthEnvScript (string) (at ./Library/PackageCache/com.meta.xr.simulator@74.0.0/Editor/SyntheticEnvironments/Installer.cs:98)
Meta.XR.Simulator.Editor.SyntheticEnvironments.Installer:BuildSyntheticEnvironments () (at ./Library/PackageCache/com.meta.xr.simulator@74.0.0/Editor/SyntheticEnvironments/Installer.cs:76)
Meta.XR.Simulator.Editor.SyntheticEnvironments.Registry:RegisterSyntheticEnvironments () (at ./Library/PackageCache/com.meta.xr.simulator@74.0.0/Editor/SyntheticEnvironments/Registry.cs:97)
Meta.XR.Simulator.Editor.SyntheticEnvironments.Registry:.cctor () (at ./Library/PackageCache/com.meta.xr.simulator@74.0.0/Editor/SyntheticEnvironments/Registry.cs:87)
System.Runtime.CompilerServices.RuntimeHelpers:RunClassConstructor (System.RuntimeTypeHandle)
UnityEditor.EditorAssemblies:ProcessInitializeOnLoadAttributes (System.Type[])

(Filename: ./Library/PackageCache/com.meta.xr.simulator@74.0.0/Editor/Utils.cs Line: 165)

[Synthetic Environments] got match start synth_env_server_extra_rooms.exe XRoom2_4
UnityEngine.StackTraceUtility:ExtractStackTrace ()
UnityEngine.DebugLogHandler:LogFormat (UnityEngine.LogType,UnityEngine.Object,string,object[])
UnityEngine.Logger:Log (UnityEngine.LogType,object)
UnityEngine.Debug:Log (object)
Meta.XR.Simulator.Utils:ReportInfo (string,string) (at ./Library/PackageCache/com.meta.xr.simulator@74.0.0/Editor/Utils.cs:165)
Meta.XR.Simulator.Editor.SyntheticEnvironments.Installer:ParseSynthEnvScript (string) (at ./Library/PackageCache/com.meta.xr.simulator@74.0.0/Editor/SyntheticEnvironments/Installer.cs:98)
Meta.XR.Simulator.Editor.SyntheticEnvironments.Installer:BuildSyntheticEnvironments () (at ./Library/PackageCache/com.meta.xr.simulator@74.0.0/Editor/SyntheticEnvironments/Installer.cs:76)
Meta.XR.Simulator.Editor.SyntheticEnvironments.Registry:RegisterSyntheticEnvironments () (at ./Library/PackageCache/com.meta.xr.simulator@74.0.0/Editor/SyntheticEnvironments/Registry.cs:97)
Meta.XR.Simulator.Editor.SyntheticEnvironments.Registry:.cctor () (at ./Library/PackageCache/com.meta.xr.simulator@74.0.0/Editor/SyntheticEnvironments/Registry.cs:87)
System.Runtime.CompilerServices.RuntimeHelpers:RunClassConstructor (System.RuntimeTypeHandle)
UnityEditor.EditorAssemblies:ProcessInitializeOnLoadAttributes (System.Type[])

(Filename: ./Library/PackageCache/com.meta.xr.simulator@74.0.0/Editor/Utils.cs Line: 165)

[Synthetic Environments] got match start synth_env_server_extra_rooms.exe XRoom5_6
UnityEngine.StackTraceUtility:ExtractStackTrace ()
UnityEngine.DebugLogHandler:LogFormat (UnityEngine.LogType,UnityEngine.Object,string,object[])
UnityEngine.Logger:Log (UnityEngine.LogType,object)
UnityEngine.Debug:Log (object)
Meta.XR.Simulator.Utils:ReportInfo (string,string) (at ./Library/PackageCache/com.meta.xr.simulator@74.0.0/Editor/Utils.cs:165)
Meta.XR.Simulator.Editor.SyntheticEnvironments.Installer:ParseSynthEnvScript (string) (at ./Library/PackageCache/com.meta.xr.simulator@74.0.0/Editor/SyntheticEnvironments/Installer.cs:98)
Meta.XR.Simulator.Editor.SyntheticEnvironments.Installer:BuildSyntheticEnvironments () (at ./Library/PackageCache/com.meta.xr.simulator@74.0.0/Editor/SyntheticEnvironments/Installer.cs:76)
Meta.XR.Simulator.Editor.SyntheticEnvironments.Registry:RegisterSyntheticEnvironments () (at ./Library/PackageCache/com.meta.xr.simulator@74.0.0/Editor/SyntheticEnvironments/Registry.cs:97)
Meta.XR.Simulator.Editor.SyntheticEnvironments.Registry:.cctor () (at ./Library/PackageCache/com.meta.xr.simulator@74.0.0/Editor/SyntheticEnvironments/Registry.cs:87)
System.Runtime.CompilerServices.RuntimeHelpers:RunClassConstructor (System.RuntimeTypeHandle)
UnityEditor.EditorAssemblies:ProcessInitializeOnLoadAttributes (System.Type[])

(Filename: ./Library/PackageCache/com.meta.xr.simulator@74.0.0/Editor/Utils.cs Line: 165)

[Synthetic Environments] got match start synth_env_server_extra_rooms.exe XRoom5_1
UnityEngine.StackTraceUtility:ExtractStackTrace ()
UnityEngine.DebugLogHandler:LogFormat (UnityEngine.LogType,UnityEngine.Object,string,object[])
UnityEngine.Logger:Log (UnityEngine.LogType,object)
UnityEngine.Debug:Log (object)
Meta.XR.Simulator.Utils:ReportInfo (string,string) (at ./Library/PackageCache/com.meta.xr.simulator@74.0.0/Editor/Utils.cs:165)
Meta.XR.Simulator.Editor.SyntheticEnvironments.Installer:ParseSynthEnvScript (string) (at ./Library/PackageCache/com.meta.xr.simulator@74.0.0/Editor/SyntheticEnvironments/Installer.cs:98)
Meta.XR.Simulator.Editor.SyntheticEnvironments.Installer:BuildSyntheticEnvironments () (at ./Library/PackageCache/com.meta.xr.simulator@74.0.0/Editor/SyntheticEnvironments/Installer.cs:76)
Meta.XR.Simulator.Editor.SyntheticEnvironments.Registry:RegisterSyntheticEnvironments () (at ./Library/PackageCache/com.meta.xr.simulator@74.0.0/Editor/SyntheticEnvironments/Registry.cs:97)
Meta.XR.Simulator.Editor.SyntheticEnvironments.Registry:.cctor () (at ./Library/PackageCache/com.meta.xr.simulator@74.0.0/Editor/SyntheticEnvironments/Registry.cs:87)
System.Runtime.CompilerServices.RuntimeHelpers:RunClassConstructor (System.RuntimeTypeHandle)
UnityEditor.EditorAssemblies:ProcessInitializeOnLoadAttributes (System.Type[])

(Filename: ./Library/PackageCache/com.meta.xr.simulator@74.0.0/Editor/Utils.cs Line: 165)

[Synthetic Environments] got match start synth_env_server_extra_rooms.exe XRoom3_1
UnityEngine.StackTraceUtility:ExtractStackTrace ()
UnityEngine.DebugLogHandler:LogFormat (UnityEngine.LogType,UnityEngine.Object,string,object[])
UnityEngine.Logger:Log (UnityEngine.LogType,object)
UnityEngine.Debug:Log (object)
Meta.XR.Simulator.Utils:ReportInfo (string,string) (at ./Library/PackageCache/com.meta.xr.simulator@74.0.0/Editor/Utils.cs:165)
Meta.XR.Simulator.Editor.SyntheticEnvironments.Installer:ParseSynthEnvScript (string) (at ./Library/PackageCache/com.meta.xr.simulator@74.0.0/Editor/SyntheticEnvironments/Installer.cs:98)
Meta.XR.Simulator.Editor.SyntheticEnvironments.Installer:BuildSyntheticEnvironments () (at ./Library/PackageCache/com.meta.xr.simulator@74.0.0/Editor/SyntheticEnvironments/Installer.cs:76)
Meta.XR.Simulator.Editor.SyntheticEnvironments.Registry:RegisterSyntheticEnvironments () (at ./Library/PackageCache/com.meta.xr.simulator@74.0.0/Editor/SyntheticEnvironments/Registry.cs:97)
Meta.XR.Simulator.Editor.SyntheticEnvironments.Registry:.cctor () (at ./Library/PackageCache/com.meta.xr.simulator@74.0.0/Editor/SyntheticEnvironments/Registry.cs:87)
System.Runtime.CompilerServices.RuntimeHelpers:RunClassConstructor (System.RuntimeTypeHandle)
UnityEditor.EditorAssemblies:ProcessInitializeOnLoadAttributes (System.Type[])

(Filename: ./Library/PackageCache/com.meta.xr.simulator@74.0.0/Editor/Utils.cs Line: 165)

[Synthetic Environments] got match start synth_env_server_extra_rooms.exe XRoom1_2
UnityEngine.StackTraceUtility:ExtractStackTrace ()
UnityEngine.DebugLogHandler:LogFormat (UnityEngine.LogType,UnityEngine.Object,string,object[])
UnityEngine.Logger:Log (UnityEngine.LogType,object)
UnityEngine.Debug:Log (object)
Meta.XR.Simulator.Utils:ReportInfo (string,string) (at ./Library/PackageCache/com.meta.xr.simulator@74.0.0/Editor/Utils.cs:165)
Meta.XR.Simulator.Editor.SyntheticEnvironments.Installer:ParseSynthEnvScript (string) (at ./Library/PackageCache/com.meta.xr.simulator@74.0.0/Editor/SyntheticEnvironments/Installer.cs:98)
Meta.XR.Simulator.Editor.SyntheticEnvironments.Installer:BuildSyntheticEnvironments () (at ./Library/PackageCache/com.meta.xr.simulator@74.0.0/Editor/SyntheticEnvironments/Installer.cs:76)
Meta.XR.Simulator.Editor.SyntheticEnvironments.Registry:RegisterSyntheticEnvironments () (at ./Library/PackageCache/com.meta.xr.simulator@74.0.0/Editor/SyntheticEnvironments/Registry.cs:97)
Meta.XR.Simulator.Editor.SyntheticEnvironments.Registry:.cctor () (at ./Library/PackageCache/com.meta.xr.simulator@74.0.0/Editor/SyntheticEnvironments/Registry.cs:87)
System.Runtime.CompilerServices.RuntimeHelpers:RunClassConstructor (System.RuntimeTypeHandle)
UnityEditor.EditorAssemblies:ProcessInitializeOnLoadAttributes (System.Type[])

(Filename: ./Library/PackageCache/com.meta.xr.simulator@74.0.0/Editor/Utils.cs Line: 165)

[Synthetic Environments] got match start synth_env_server_extra_rooms.exe XRoom1_1
UnityEngine.StackTraceUtility:ExtractStackTrace ()
UnityEngine.DebugLogHandler:LogFormat (UnityEngine.LogType,UnityEngine.Object,string,object[])
UnityEngine.Logger:Log (UnityEngine.LogType,object)
UnityEngine.Debug:Log (object)
Meta.XR.Simulator.Utils:ReportInfo (string,string) (at ./Library/PackageCache/com.meta.xr.simulator@74.0.0/Editor/Utils.cs:165)
Meta.XR.Simulator.Editor.SyntheticEnvironments.Installer:ParseSynthEnvScript (string) (at ./Library/PackageCache/com.meta.xr.simulator@74.0.0/Editor/SyntheticEnvironments/Installer.cs:98)
Meta.XR.Simulator.Editor.SyntheticEnvironments.Installer:BuildSyntheticEnvironments () (at ./Library/PackageCache/com.meta.xr.simulator@74.0.0/Editor/SyntheticEnvironments/Installer.cs:76)
Meta.XR.Simulator.Editor.SyntheticEnvironments.Registry:RegisterSyntheticEnvironments () (at ./Library/PackageCache/com.meta.xr.simulator@74.0.0/Editor/SyntheticEnvironments/Registry.cs:97)
Meta.XR.Simulator.Editor.SyntheticEnvironments.Registry:.cctor () (at ./Library/PackageCache/com.meta.xr.simulator@74.0.0/Editor/SyntheticEnvironments/Registry.cs:87)
System.Runtime.CompilerServices.RuntimeHelpers:RunClassConstructor (System.RuntimeTypeHandle)
UnityEditor.EditorAssemblies:ProcessInitializeOnLoadAttributes (System.Type[])

(Filename: ./Library/PackageCache/com.meta.xr.simulator@74.0.0/Editor/Utils.cs Line: 165)

[Synthetic Environments] got match start synth_env_server_extra_rooms.exe XRoom1_4
UnityEngine.StackTraceUtility:ExtractStackTrace ()
UnityEngine.DebugLogHandler:LogFormat (UnityEngine.LogType,UnityEngine.Object,string,object[])
UnityEngine.Logger:Log (UnityEngine.LogType,object)
UnityEngine.Debug:Log (object)
Meta.XR.Simulator.Utils:ReportInfo (string,string) (at ./Library/PackageCache/com.meta.xr.simulator@74.0.0/Editor/Utils.cs:165)
Meta.XR.Simulator.Editor.SyntheticEnvironments.Installer:ParseSynthEnvScript (string) (at ./Library/PackageCache/com.meta.xr.simulator@74.0.0/Editor/SyntheticEnvironments/Installer.cs:98)
Meta.XR.Simulator.Editor.SyntheticEnvironments.Installer:BuildSyntheticEnvironments () (at ./Library/PackageCache/com.meta.xr.simulator@74.0.0/Editor/SyntheticEnvironments/Installer.cs:76)
Meta.XR.Simulator.Editor.SyntheticEnvironments.Registry:RegisterSyntheticEnvironments () (at ./Library/PackageCache/com.meta.xr.simulator@74.0.0/Editor/SyntheticEnvironments/Registry.cs:97)
Meta.XR.Simulator.Editor.SyntheticEnvironments.Registry:.cctor () (at ./Library/PackageCache/com.meta.xr.simulator@74.0.0/Editor/SyntheticEnvironments/Registry.cs:87)
System.Runtime.CompilerServices.RuntimeHelpers:RunClassConstructor (System.RuntimeTypeHandle)
UnityEditor.EditorAssemblies:ProcessInitializeOnLoadAttributes (System.Type[])

(Filename: ./Library/PackageCache/com.meta.xr.simulator@74.0.0/Editor/Utils.cs Line: 165)

[Package Manager] Server::EnsureServerProcessIsRunning -- launch failed, reason: Unity was launched with the -noUpm command-line argument
[Package Manager] UpmClient::Send -- Unable to send message (not connected to UPM process).
[Package Manager] Cannot connect to Unity Package Manager local server
System.Reflection.TargetInvocationException: Exception has been thrown by the target of an invocation. ---> System.NullReferenceException: Object reference not set to an instance of an object
  at Unity.XR.Oculus.OculusLoader.AssetPathToAbsolutePath (System.String assetPath) [0x0003d] in .\Library\PackageCache\com.unity.xr.oculus@4.2.0\Runtime\OculusLoader.cs:298 
  at Unity.XR.Oculus.OculusLoader.EditorLoadOVRPlugin () [0x0008c] in .\Library\PackageCache\com.unity.xr.oculus@4.2.0\Runtime\OculusLoader.cs:283 
  at (wrapper managed-to-native) System.Reflection.RuntimeMethodInfo.InternalInvoke(System.Reflection.RuntimeMethodInfo,object,object[],System.Exception&)
  at System.Reflection.RuntimeMethodInfo.Invoke (System.Object obj, System.Reflection.BindingFlags invokeAttr, System.Reflection.Binder binder, System.Object[] parameters, System.Globalization.CultureInfo culture) [0x0006a] in <51fded79cd284d4d911c5949aff4cb21>:0 
   --- End of inner exception stack trace ---
  at System.Reflection.RuntimeMethodInfo.Invoke (System.Object obj, System.Reflection.BindingFlags invokeAttr, System.Reflection.Binder binder, System.Object[] parameters, System.Globalization.CultureInfo culture) [0x00083] in <51fded79cd284d4d911c5949aff4cb21>:0 
  at System.Reflection.MethodBase.Invoke (System.Object obj, System.Object[] parameters) [0x00000] in <51fded79cd284d4d911c5949aff4cb21>:0 
  at UnityEditor.EditorAssemblies.ProcessInitializeOnLoadMethodAttributes () [0x000a5] in <2201ab87e660427c974282df3bb3cf36>:0 
UnityEngine.StackTraceUtility:ExtractStackTrace ()
UnityEngine.DebugLogHandler:LogFormat (UnityEngine.LogType,UnityEngine.Object,string,object[])
UnityEngine.Logger:Log (UnityEngine.LogType,object)
UnityEngine.Debug:LogError (object)
UnityEditor.EditorAssemblies:ProcessInitializeOnLoadMethodAttributes ()

Mono: successfully reloaded assembly
[Package Manager] Server::EnsureServerProcessIsRunning -- launch failed, reason: Unity was launched with the -noUpm command-line argument
[Package Manager] UpmClient::Send -- Unable to send message (not connected to UPM process).
[Package Manager] Cannot connect to Unity Package Manager local server
- Finished resetting the current domain, in  0.893 seconds
Domain Reload Profiling: 1322ms
	BeginReloadAssembly (149ms)
		ExecutionOrderSort (0ms)
		DisableScriptedObjects (4ms)
		BackupInstance (0ms)
		ReleaseScriptingObjects (0ms)
		CreateAndSetChildDomain (31ms)
	RebuildCommonClasses (29ms)
	RebuildNativeTypeToScriptingClass (10ms)
	initialDomainReloadingComplete (27ms)
	LoadAllAssembliesAndSetupDomain (213ms)
		LoadAssemblies (273ms)
		RebuildTransferFunctionScriptingTraits (0ms)
		AnalyzeDomain (21ms)
			TypeCache.Refresh (5ms)
				TypeCache.ScanAssembly (0ms)
			ScanForSourceGeneratedMonoScriptInfo (0ms)
			ResolveRequiredComponents (15ms)
	FinalizeReload (894ms)
		ReleaseScriptCaches (0ms)
		RebuildScriptCaches (0ms)
		SetupLoadedEditorAssemblies (535ms)
			LogAssemblyErrors (0ms)
			InitializePlatformSupportModulesInManaged (30ms)
			SetLoadedEditorAssemblies (5ms)
			RefreshPlugins (0ms)
			BeforeProcessingInitializeOnLoad (93ms)
			ProcessInitializeOnLoadAttributes (366ms)
			ProcessInitializeOnLoadMethodAttributes (29ms)
			AfterProcessingInitializeOnLoad (11ms)
			EditorAssembliesLoaded (0ms)
		ExecutionOrderSort2 (0ms)
		AwakeInstancesAfterBackupRestoration (8ms)
Shader 'Meta/MRUK/Scene/HighlightsAndShadows': fallback shader 'Off' not found
Shader 'Oculus/OVRMRCameraFrameLit': fallback shader 'Alpha-Diffuse' not found
Refreshing native plugins compatible for Editor in 15.44 ms, found 10 plugins.
Preloading 3 native plugins for Editor in 0.22 ms.
Unloading 3064 Unused Serialized files (Serialized files now loaded: 0)
Unloading 52 unused Assets / (455.2 KB). Loaded Objects now: 3678.
Memory consumption went from 145.3 MB to 144.8 MB.
Total: 5.690400 ms (FindLiveObjects: 0.244700 ms CreateObjectMapping: 0.212500 ms MarkObjects: 4.980000 ms  DeleteObjects: 0.252300 ms)

Prepare: number of updated asset objects reloaded= 0
AssetImportParameters requested are different than current active one (requested -> active):
  custom:video-decoder-webm-vp8: 9c59270c3fd7afecdb556c50c9e8de78 -> 
  custom:SearchIndexIgnoredProperties: e643bd26f0fe6173181afceb89e7c659 -> 
  custom:container-demuxer-ogg: 62fdf1f143b41e24485cea50d1cbac27 -> 
  custom:AudioImporter_EditorPlatform: d09bf68614088b80899f8185d706f6e7 -> 
  custom:video-codec-MediaFoundation-h265: 746d11721c4dcdbdad8f713fa42b33f4 -> 
  custom:video-decoder-ogg-theora: a1e56fd34408186e4bbccfd4996cb3dc -> 
  custom:framework-win-MediaFoundation: 216162199b28c13a410421893ffa2e32 -> 
  custom:video-encoder-webm-vp8: eb34c28f22e8b96e1ab97ce403110664 -> 
  custom:audio-decoder-ogg-vorbis: bf7c407c2cedff20999df2af8eb42d56 -> 
  custom:CustomObjectIndexerAttribute: 9a22284fe3817be447336de3de66b15e -> 
  custom:container-demuxer-webm: 4f35f7cbe854078d1ac9338744f61a02 -> 
  custom:audio-encoder-webm-vorbis: bf7c407c2cedff20999df2af8eb42d56 -> 
  custom:container-muxer-webm: aa71ff27fc2769a1b78a27578f13a17b -> 
========================================================================
Received Prepare
Begin MonoManager ReloadAssembly
Symbol file LoadedFromMemory is not a mono symbol file
- Loaded All Assemblies, in  0.458 seconds
Refreshing native plugins compatible for Editor in 16.06 ms, found 10 plugins.
Native extension for UWP target not found
Native extension for WindowsStandalone target not found
Native extension for Android target not found
Native extension for WebGL target not found
[Package Manager] Server::EnsureServerProcessIsRunning -- launch failed, reason: Unity was launched with the -noUpm command-line argument
[Package Manager] UpmClient::Send -- Unable to send message (not connected to UPM process).
[Package Manager] Cannot connect to Unity Package Manager local server
[Package Manager] Server::EnsureServerProcessIsRunning -- launch failed, reason: Unity was launched with the -noUpm command-line argument
[Package Manager] UpmClient::Send -- Unable to send message (not connected to UPM process).
[Package Manager] Cannot connect to Unity Package Manager local server
[Synthetic Environments] got match start synth_env_server.exe Bedroom
UnityEngine.StackTraceUtility:ExtractStackTrace ()
UnityEngine.DebugLogHandler:LogFormat (UnityEngine.LogType,UnityEngine.Object,string,object[])
UnityEngine.Logger:Log (UnityEngine.LogType,object)
UnityEngine.Debug:Log (object)
Meta.XR.Simulator.Utils:ReportInfo (string,string) (at ./Library/PackageCache/com.meta.xr.simulator@74.0.0/Editor/Utils.cs:165)
Meta.XR.Simulator.Editor.SyntheticEnvironments.Installer:ParseSynthEnvScript (string) (at ./Library/PackageCache/com.meta.xr.simulator@74.0.0/Editor/SyntheticEnvironments/Installer.cs:98)
Meta.XR.Simulator.Editor.SyntheticEnvironments.Installer:BuildSyntheticEnvironments () (at ./Library/PackageCache/com.meta.xr.simulator@74.0.0/Editor/SyntheticEnvironments/Installer.cs:76)
Meta.XR.Simulator.Editor.SyntheticEnvironments.Registry:RegisterSyntheticEnvironments () (at ./Library/PackageCache/com.meta.xr.simulator@74.0.0/Editor/SyntheticEnvironments/Registry.cs:97)
Meta.XR.Simulator.Editor.SyntheticEnvironments.Registry:.cctor () (at ./Library/PackageCache/com.meta.xr.simulator@74.0.0/Editor/SyntheticEnvironments/Registry.cs:87)
System.Runtime.CompilerServices.RuntimeHelpers:RunClassConstructor (System.RuntimeTypeHandle)
UnityEditor.EditorAssemblies:ProcessInitializeOnLoadAttributes (System.Type[])

(Filename: ./Library/PackageCache/com.meta.xr.simulator@74.0.0/Editor/Utils.cs Line: 165)

[Synthetic Environments] got match start synth_env_server.exe GameRoom
UnityEngine.StackTraceUtility:ExtractStackTrace ()
UnityEngine.DebugLogHandler:LogFormat (UnityEngine.LogType,UnityEngine.Object,string,object[])
UnityEngine.Logger:Log (UnityEngine.LogType,object)
UnityEngine.Debug:Log (object)
Meta.XR.Simulator.Utils:ReportInfo (string,string) (at ./Library/PackageCache/com.meta.xr.simulator@74.0.0/Editor/Utils.cs:165)
Meta.XR.Simulator.Editor.SyntheticEnvironments.Installer:ParseSynthEnvScript (string) (at ./Library/PackageCache/com.meta.xr.simulator@74.0.0/Editor/SyntheticEnvironments/Installer.cs:98)
Meta.XR.Simulator.Editor.SyntheticEnvironments.Installer:BuildSyntheticEnvironments () (at ./Library/PackageCache/com.meta.xr.simulator@74.0.0/Editor/SyntheticEnvironments/Installer.cs:76)
Meta.XR.Simulator.Editor.SyntheticEnvironments.Registry:RegisterSyntheticEnvironments () (at ./Library/PackageCache/com.meta.xr.simulator@74.0.0/Editor/SyntheticEnvironments/Registry.cs:97)
Meta.XR.Simulator.Editor.SyntheticEnvironments.Registry:.cctor () (at ./Library/PackageCache/com.meta.xr.simulator@74.0.0/Editor/SyntheticEnvironments/Registry.cs:87)
System.Runtime.CompilerServices.RuntimeHelpers:RunClassConstructor (System.RuntimeTypeHandle)
UnityEditor.EditorAssemblies:ProcessInitializeOnLoadAttributes (System.Type[])

(Filename: ./Library/PackageCache/com.meta.xr.simulator@74.0.0/Editor/Utils.cs Line: 165)

[Synthetic Environments] got match start synth_env_server.exe LivingRoom
UnityEngine.StackTraceUtility:ExtractStackTrace ()
UnityEngine.DebugLogHandler:LogFormat (UnityEngine.LogType,UnityEngine.Object,string,object[])
UnityEngine.Logger:Log (UnityEngine.LogType,object)
UnityEngine.Debug:Log (object)
Meta.XR.Simulator.Utils:ReportInfo (string,string) (at ./Library/PackageCache/com.meta.xr.simulator@74.0.0/Editor/Utils.cs:165)
Meta.XR.Simulator.Editor.SyntheticEnvironments.Installer:ParseSynthEnvScript (string) (at ./Library/PackageCache/com.meta.xr.simulator@74.0.0/Editor/SyntheticEnvironments/Installer.cs:98)
Meta.XR.Simulator.Editor.SyntheticEnvironments.Installer:BuildSyntheticEnvironments () (at ./Library/PackageCache/com.meta.xr.simulator@74.0.0/Editor/SyntheticEnvironments/Installer.cs:76)
Meta.XR.Simulator.Editor.SyntheticEnvironments.Registry:RegisterSyntheticEnvironments () (at ./Library/PackageCache/com.meta.xr.simulator@74.0.0/Editor/SyntheticEnvironments/Registry.cs:97)
Meta.XR.Simulator.Editor.SyntheticEnvironments.Registry:.cctor () (at ./Library/PackageCache/com.meta.xr.simulator@74.0.0/Editor/SyntheticEnvironments/Registry.cs:87)
System.Runtime.CompilerServices.RuntimeHelpers:RunClassConstructor (System.RuntimeTypeHandle)
UnityEditor.EditorAssemblies:ProcessInitializeOnLoadAttributes (System.Type[])

(Filename: ./Library/PackageCache/com.meta.xr.simulator@74.0.0/Editor/Utils.cs Line: 165)

[Synthetic Environments] got match start synth_env_server_extra_rooms.exe XRoom2_3
UnityEngine.StackTraceUtility:ExtractStackTrace ()
UnityEngine.DebugLogHandler:LogFormat (UnityEngine.LogType,UnityEngine.Object,string,object[])
UnityEngine.Logger:Log (UnityEngine.LogType,object)
UnityEngine.Debug:Log (object)
Meta.XR.Simulator.Utils:ReportInfo (string,string) (at ./Library/PackageCache/com.meta.xr.simulator@74.0.0/Editor/Utils.cs:165)
Meta.XR.Simulator.Editor.SyntheticEnvironments.Installer:ParseSynthEnvScript (string) (at ./Library/PackageCache/com.meta.xr.simulator@74.0.0/Editor/SyntheticEnvironments/Installer.cs:98)
Meta.XR.Simulator.Editor.SyntheticEnvironments.Installer:BuildSyntheticEnvironments () (at ./Library/PackageCache/com.meta.xr.simulator@74.0.0/Editor/SyntheticEnvironments/Installer.cs:76)
Meta.XR.Simulator.Editor.SyntheticEnvironments.Registry:RegisterSyntheticEnvironments () (at ./Library/PackageCache/com.meta.xr.simulator@74.0.0/Editor/SyntheticEnvironments/Registry.cs:97)
Meta.XR.Simulator.Editor.SyntheticEnvironments.Registry:.cctor () (at ./Library/PackageCache/com.meta.xr.simulator@74.0.0/Editor/SyntheticEnvironments/Registry.cs:87)
System.Runtime.CompilerServices.RuntimeHelpers:RunClassConstructor (System.RuntimeTypeHandle)
UnityEditor.EditorAssemblies:ProcessInitializeOnLoadAttributes (System.Type[])

(Filename: ./Library/PackageCache/com.meta.xr.simulator@74.0.0/Editor/Utils.cs Line: 165)

[Synthetic Environments] got match start synth_env_server_extra_rooms.exe XRoom2_4
UnityEngine.StackTraceUtility:ExtractStackTrace ()
UnityEngine.DebugLogHandler:LogFormat (UnityEngine.LogType,UnityEngine.Object,string,object[])
UnityEngine.Logger:Log (UnityEngine.LogType,object)
UnityEngine.Debug:Log (object)
Meta.XR.Simulator.Utils:ReportInfo (string,string) (at ./Library/PackageCache/com.meta.xr.simulator@74.0.0/Editor/Utils.cs:165)
Meta.XR.Simulator.Editor.SyntheticEnvironments.Installer:ParseSynthEnvScript (string) (at ./Library/PackageCache/com.meta.xr.simulator@74.0.0/Editor/SyntheticEnvironments/Installer.cs:98)
Meta.XR.Simulator.Editor.SyntheticEnvironments.Installer:BuildSyntheticEnvironments () (at ./Library/PackageCache/com.meta.xr.simulator@74.0.0/Editor/SyntheticEnvironments/Installer.cs:76)
Meta.XR.Simulator.Editor.SyntheticEnvironments.Registry:RegisterSyntheticEnvironments () (at ./Library/PackageCache/com.meta.xr.simulator@74.0.0/Editor/SyntheticEnvironments/Registry.cs:97)
Meta.XR.Simulator.Editor.SyntheticEnvironments.Registry:.cctor () (at ./Library/PackageCache/com.meta.xr.simulator@74.0.0/Editor/SyntheticEnvironments/Registry.cs:87)
System.Runtime.CompilerServices.RuntimeHelpers:RunClassConstructor (System.RuntimeTypeHandle)
UnityEditor.EditorAssemblies:ProcessInitializeOnLoadAttributes (System.Type[])

(Filename: ./Library/PackageCache/com.meta.xr.simulator@74.0.0/Editor/Utils.cs Line: 165)

[Synthetic Environments] got match start synth_env_server_extra_rooms.exe XRoom5_6
UnityEngine.StackTraceUtility:ExtractStackTrace ()
UnityEngine.DebugLogHandler:LogFormat (UnityEngine.LogType,UnityEngine.Object,string,object[])
UnityEngine.Logger:Log (UnityEngine.LogType,object)
UnityEngine.Debug:Log (object)
Meta.XR.Simulator.Utils:ReportInfo (string,string) (at ./Library/PackageCache/com.meta.xr.simulator@74.0.0/Editor/Utils.cs:165)
Meta.XR.Simulator.Editor.SyntheticEnvironments.Installer:ParseSynthEnvScript (string) (at ./Library/PackageCache/com.meta.xr.simulator@74.0.0/Editor/SyntheticEnvironments/Installer.cs:98)
Meta.XR.Simulator.Editor.SyntheticEnvironments.Installer:BuildSyntheticEnvironments () (at ./Library/PackageCache/com.meta.xr.simulator@74.0.0/Editor/SyntheticEnvironments/Installer.cs:76)
Meta.XR.Simulator.Editor.SyntheticEnvironments.Registry:RegisterSyntheticEnvironments () (at ./Library/PackageCache/com.meta.xr.simulator@74.0.0/Editor/SyntheticEnvironments/Registry.cs:97)
Meta.XR.Simulator.Editor.SyntheticEnvironments.Registry:.cctor () (at ./Library/PackageCache/com.meta.xr.simulator@74.0.0/Editor/SyntheticEnvironments/Registry.cs:87)
System.Runtime.CompilerServices.RuntimeHelpers:RunClassConstructor (System.RuntimeTypeHandle)
UnityEditor.EditorAssemblies:ProcessInitializeOnLoadAttributes (System.Type[])

(Filename: ./Library/PackageCache/com.meta.xr.simulator@74.0.0/Editor/Utils.cs Line: 165)

[Synthetic Environments] got match start synth_env_server_extra_rooms.exe XRoom5_1
UnityEngine.StackTraceUtility:ExtractStackTrace ()
UnityEngine.DebugLogHandler:LogFormat (UnityEngine.LogType,UnityEngine.Object,string,object[])
UnityEngine.Logger:Log (UnityEngine.LogType,object)
UnityEngine.Debug:Log (object)
Meta.XR.Simulator.Utils:ReportInfo (string,string) (at ./Library/PackageCache/com.meta.xr.simulator@74.0.0/Editor/Utils.cs:165)
Meta.XR.Simulator.Editor.SyntheticEnvironments.Installer:ParseSynthEnvScript (string) (at ./Library/PackageCache/com.meta.xr.simulator@74.0.0/Editor/SyntheticEnvironments/Installer.cs:98)
Meta.XR.Simulator.Editor.SyntheticEnvironments.Installer:BuildSyntheticEnvironments () (at ./Library/PackageCache/com.meta.xr.simulator@74.0.0/Editor/SyntheticEnvironments/Installer.cs:76)
Meta.XR.Simulator.Editor.SyntheticEnvironments.Registry:RegisterSyntheticEnvironments () (at ./Library/PackageCache/com.meta.xr.simulator@74.0.0/Editor/SyntheticEnvironments/Registry.cs:97)
Meta.XR.Simulator.Editor.SyntheticEnvironments.Registry:.cctor () (at ./Library/PackageCache/com.meta.xr.simulator@74.0.0/Editor/SyntheticEnvironments/Registry.cs:87)
System.Runtime.CompilerServices.RuntimeHelpers:RunClassConstructor (System.RuntimeTypeHandle)
UnityEditor.EditorAssemblies:ProcessInitializeOnLoadAttributes (System.Type[])

(Filename: ./Library/PackageCache/com.meta.xr.simulator@74.0.0/Editor/Utils.cs Line: 165)

[Synthetic Environments] got match start synth_env_server_extra_rooms.exe XRoom3_1
UnityEngine.StackTraceUtility:ExtractStackTrace ()
UnityEngine.DebugLogHandler:LogFormat (UnityEngine.LogType,UnityEngine.Object,string,object[])
UnityEngine.Logger:Log (UnityEngine.LogType,object)
UnityEngine.Debug:Log (object)
Meta.XR.Simulator.Utils:ReportInfo (string,string) (at ./Library/PackageCache/com.meta.xr.simulator@74.0.0/Editor/Utils.cs:165)
Meta.XR.Simulator.Editor.SyntheticEnvironments.Installer:ParseSynthEnvScript (string) (at ./Library/PackageCache/com.meta.xr.simulator@74.0.0/Editor/SyntheticEnvironments/Installer.cs:98)
Meta.XR.Simulator.Editor.SyntheticEnvironments.Installer:BuildSyntheticEnvironments () (at ./Library/PackageCache/com.meta.xr.simulator@74.0.0/Editor/SyntheticEnvironments/Installer.cs:76)
Meta.XR.Simulator.Editor.SyntheticEnvironments.Registry:RegisterSyntheticEnvironments () (at ./Library/PackageCache/com.meta.xr.simulator@74.0.0/Editor/SyntheticEnvironments/Registry.cs:97)
Meta.XR.Simulator.Editor.SyntheticEnvironments.Registry:.cctor () (at ./Library/PackageCache/com.meta.xr.simulator@74.0.0/Editor/SyntheticEnvironments/Registry.cs:87)
System.Runtime.CompilerServices.RuntimeHelpers:RunClassConstructor (System.RuntimeTypeHandle)
UnityEditor.EditorAssemblies:ProcessInitializeOnLoadAttributes (System.Type[])

(Filename: ./Library/PackageCache/com.meta.xr.simulator@74.0.0/Editor/Utils.cs Line: 165)

[Synthetic Environments] got match start synth_env_server_extra_rooms.exe XRoom1_2
UnityEngine.StackTraceUtility:ExtractStackTrace ()
UnityEngine.DebugLogHandler:LogFormat (UnityEngine.LogType,UnityEngine.Object,string,object[])
UnityEngine.Logger:Log (UnityEngine.LogType,object)
UnityEngine.Debug:Log (object)
Meta.XR.Simulator.Utils:ReportInfo (string,string) (at ./Library/PackageCache/com.meta.xr.simulator@74.0.0/Editor/Utils.cs:165)
Meta.XR.Simulator.Editor.SyntheticEnvironments.Installer:ParseSynthEnvScript (string) (at ./Library/PackageCache/com.meta.xr.simulator@74.0.0/Editor/SyntheticEnvironments/Installer.cs:98)
Meta.XR.Simulator.Editor.SyntheticEnvironments.Installer:BuildSyntheticEnvironments () (at ./Library/PackageCache/com.meta.xr.simulator@74.0.0/Editor/SyntheticEnvironments/Installer.cs:76)
Meta.XR.Simulator.Editor.SyntheticEnvironments.Registry:RegisterSyntheticEnvironments () (at ./Library/PackageCache/com.meta.xr.simulator@74.0.0/Editor/SyntheticEnvironments/Registry.cs:97)
Meta.XR.Simulator.Editor.SyntheticEnvironments.Registry:.cctor () (at ./Library/PackageCache/com.meta.xr.simulator@74.0.0/Editor/SyntheticEnvironments/Registry.cs:87)
System.Runtime.CompilerServices.RuntimeHelpers:RunClassConstructor (System.RuntimeTypeHandle)
UnityEditor.EditorAssemblies:ProcessInitializeOnLoadAttributes (System.Type[])

(Filename: ./Library/PackageCache/com.meta.xr.simulator@74.0.0/Editor/Utils.cs Line: 165)

[Synthetic Environments] got match start synth_env_server_extra_rooms.exe XRoom1_1
UnityEngine.StackTraceUtility:ExtractStackTrace ()
UnityEngine.DebugLogHandler:LogFormat (UnityEngine.LogType,UnityEngine.Object,string,object[])
UnityEngine.Logger:Log (UnityEngine.LogType,object)
UnityEngine.Debug:Log (object)
Meta.XR.Simulator.Utils:ReportInfo (string,string) (at ./Library/PackageCache/com.meta.xr.simulator@74.0.0/Editor/Utils.cs:165)
Meta.XR.Simulator.Editor.SyntheticEnvironments.Installer:ParseSynthEnvScript (string) (at ./Library/PackageCache/com.meta.xr.simulator@74.0.0/Editor/SyntheticEnvironments/Installer.cs:98)
Meta.XR.Simulator.Editor.SyntheticEnvironments.Installer:BuildSyntheticEnvironments () (at ./Library/PackageCache/com.meta.xr.simulator@74.0.0/Editor/SyntheticEnvironments/Installer.cs:76)
Meta.XR.Simulator.Editor.SyntheticEnvironments.Registry:RegisterSyntheticEnvironments () (at ./Library/PackageCache/com.meta.xr.simulator@74.0.0/Editor/SyntheticEnvironments/Registry.cs:97)
Meta.XR.Simulator.Editor.SyntheticEnvironments.Registry:.cctor () (at ./Library/PackageCache/com.meta.xr.simulator@74.0.0/Editor/SyntheticEnvironments/Registry.cs:87)
System.Runtime.CompilerServices.RuntimeHelpers:RunClassConstructor (System.RuntimeTypeHandle)
UnityEditor.EditorAssemblies:ProcessInitializeOnLoadAttributes (System.Type[])

(Filename: ./Library/PackageCache/com.meta.xr.simulator@74.0.0/Editor/Utils.cs Line: 165)

[Synthetic Environments] got match start synth_env_server_extra_rooms.exe XRoom1_4
UnityEngine.StackTraceUtility:ExtractStackTrace ()
UnityEngine.DebugLogHandler:LogFormat (UnityEngine.LogType,UnityEngine.Object,string,object[])
UnityEngine.Logger:Log (UnityEngine.LogType,object)
UnityEngine.Debug:Log (object)
Meta.XR.Simulator.Utils:ReportInfo (string,string) (at ./Library/PackageCache/com.meta.xr.simulator@74.0.0/Editor/Utils.cs:165)
Meta.XR.Simulator.Editor.SyntheticEnvironments.Installer:ParseSynthEnvScript (string) (at ./Library/PackageCache/com.meta.xr.simulator@74.0.0/Editor/SyntheticEnvironments/Installer.cs:98)
Meta.XR.Simulator.Editor.SyntheticEnvironments.Installer:BuildSyntheticEnvironments () (at ./Library/PackageCache/com.meta.xr.simulator@74.0.0/Editor/SyntheticEnvironments/Installer.cs:76)
Meta.XR.Simulator.Editor.SyntheticEnvironments.Registry:RegisterSyntheticEnvironments () (at ./Library/PackageCache/com.meta.xr.simulator@74.0.0/Editor/SyntheticEnvironments/Registry.cs:97)
Meta.XR.Simulator.Editor.SyntheticEnvironments.Registry:.cctor () (at ./Library/PackageCache/com.meta.xr.simulator@74.0.0/Editor/SyntheticEnvironments/Registry.cs:87)
System.Runtime.CompilerServices.RuntimeHelpers:RunClassConstructor (System.RuntimeTypeHandle)
UnityEditor.EditorAssemblies:ProcessInitializeOnLoadAttributes (System.Type[])

(Filename: ./Library/PackageCache/com.meta.xr.simulator@74.0.0/Editor/Utils.cs Line: 165)

[Package Manager] Server::EnsureServerProcessIsRunning -- launch failed, reason: Unity was launched with the -noUpm command-line argument
[Package Manager] UpmClient::Send -- Unable to send message (not connected to UPM process).
[Package Manager] Cannot connect to Unity Package Manager local server
System.Reflection.TargetInvocationException: Exception has been thrown by the target of an invocation. ---> System.NullReferenceException: Object reference not set to an instance of an object
  at Unity.XR.Oculus.OculusLoader.AssetPathToAbsolutePath (System.String assetPath) [0x0003d] in .\Library\PackageCache\com.unity.xr.oculus@4.2.0\Runtime\OculusLoader.cs:298 
  at Unity.XR.Oculus.OculusLoader.EditorLoadOVRPlugin () [0x0008c] in .\Library\PackageCache\com.unity.xr.oculus@4.2.0\Runtime\OculusLoader.cs:283 
  at (wrapper managed-to-native) System.Reflection.RuntimeMethodInfo.InternalInvoke(System.Reflection.RuntimeMethodInfo,object,object[],System.Exception&)
  at System.Reflection.RuntimeMethodInfo.Invoke (System.Object obj, System.Reflection.BindingFlags invokeAttr, System.Reflection.Binder binder, System.Object[] parameters, System.Globalization.CultureInfo culture) [0x0006a] in <51fded79cd284d4d911c5949aff4cb21>:0 
   --- End of inner exception stack trace ---
  at System.Reflection.RuntimeMethodInfo.Invoke (System.Object obj, System.Reflection.BindingFlags invokeAttr, System.Reflection.Binder binder, System.Object[] parameters, System.Globalization.CultureInfo culture) [0x00083] in <51fded79cd284d4d911c5949aff4cb21>:0 
  at System.Reflection.MethodBase.Invoke (System.Object obj, System.Object[] parameters) [0x00000] in <51fded79cd284d4d911c5949aff4cb21>:0 
  at UnityEditor.EditorAssemblies.ProcessInitializeOnLoadMethodAttributes () [0x000a5] in <2201ab87e660427c974282df3bb3cf36>:0 
UnityEngine.StackTraceUtility:ExtractStackTrace ()
UnityEngine.DebugLogHandler:LogFormat (UnityEngine.LogType,UnityEngine.Object,string,object[])
UnityEngine.Logger:Log (UnityEngine.LogType,object)
UnityEngine.Debug:LogError (object)
UnityEditor.EditorAssemblies:ProcessInitializeOnLoadMethodAttributes ()

Mono: successfully reloaded assembly
[Package Manager] Server::EnsureServerProcessIsRunning -- launch failed, reason: Unity was launched with the -noUpm command-line argument
[Package Manager] UpmClient::Send -- Unable to send message (not connected to UPM process).
[Package Manager] Cannot connect to Unity Package Manager local server
- Finished resetting the current domain, in  0.957 seconds
Domain Reload Profiling: 1407ms
	BeginReloadAssembly (161ms)
		ExecutionOrderSort (0ms)
		DisableScriptedObjects (4ms)
		BackupInstance (0ms)
		ReleaseScriptingObjects (0ms)
		CreateAndSetChildDomain (36ms)
	RebuildCommonClasses (35ms)
	RebuildNativeTypeToScriptingClass (10ms)
	initialDomainReloadingComplete (30ms)
	LoadAllAssembliesAndSetupDomain (213ms)
		LoadAssemblies (281ms)
		RebuildTransferFunctionScriptingTraits (0ms)
		AnalyzeDomain (20ms)
			TypeCache.Refresh (5ms)
				TypeCache.ScanAssembly (0ms)
			ScanForSourceGeneratedMonoScriptInfo (0ms)
			ResolveRequiredComponents (14ms)
	FinalizeReload (958ms)
		ReleaseScriptCaches (0ms)
		RebuildScriptCaches (0ms)
		SetupLoadedEditorAssemblies (578ms)
			LogAssemblyErrors (0ms)
			InitializePlatformSupportModulesInManaged (33ms)
			SetLoadedEditorAssemblies (5ms)
			RefreshPlugins (0ms)
			BeforeProcessingInitializeOnLoad (97ms)
			ProcessInitializeOnLoadAttributes (389ms)
			ProcessInitializeOnLoadMethodAttributes (41ms)
			AfterProcessingInitializeOnLoad (13ms)
			EditorAssembliesLoaded (0ms)
		ExecutionOrderSort2 (0ms)
		AwakeInstancesAfterBackupRestoration (9ms)
Shader 'Meta/MRUK/Scene/HighlightsAndShadows': fallback shader 'Off' not found
Shader 'Oculus/OVRMRCameraFrameLit': fallback shader 'Alpha-Diffuse' not found
Refreshing native plugins compatible for Editor in 15.48 ms, found 10 plugins.
Preloading 3 native plugins for Editor in 0.22 ms.
Unloading 3064 Unused Serialized files (Serialized files now loaded: 0)
Unloading 52 unused Assets / (463.3 KB). Loaded Objects now: 3679.
Memory consumption went from 145.3 MB to 144.8 MB.
Total: 5.680700 ms (FindLiveObjects: 0.245500 ms CreateObjectMapping: 0.212700 ms MarkObjects: 4.956600 ms  DeleteObjects: 0.264800 ms)

Prepare: number of updated asset objects reloaded= 0
AssetImportParameters requested are different than current active one (requested -> active):
  custom:video-decoder-webm-vp8: 9c59270c3fd7afecdb556c50c9e8de78 -> 
  custom:SearchIndexIgnoredProperties: e643bd26f0fe6173181afceb89e7c659 -> 
  custom:container-demuxer-ogg: 62fdf1f143b41e24485cea50d1cbac27 -> 
  custom:AudioImporter_EditorPlatform: d09bf68614088b80899f8185d706f6e7 -> 
  custom:video-codec-MediaFoundation-h265: 746d11721c4dcdbdad8f713fa42b33f4 -> 
  custom:video-decoder-ogg-theora: a1e56fd34408186e4bbccfd4996cb3dc -> 
  custom:framework-win-MediaFoundation: 216162199b28c13a410421893ffa2e32 -> 
  custom:video-encoder-webm-vp8: eb34c28f22e8b96e1ab97ce403110664 -> 
  custom:audio-decoder-ogg-vorbis: bf7c407c2cedff20999df2af8eb42d56 -> 
  custom:CustomObjectIndexerAttribute: 9a22284fe3817be447336de3de66b15e -> 
  custom:container-demuxer-webm: 4f35f7cbe854078d1ac9338744f61a02 -> 
  custom:audio-encoder-webm-vorbis: bf7c407c2cedff20999df2af8eb42d56 -> 
  custom:container-muxer-webm: aa71ff27fc2769a1b78a27578f13a17b -> 
========================================================================
Received Import Request.
  Time since last request: 434.521191 seconds.
  path: Assets/StreamingAssets
  artifactKey: Guid(784854de57984554ca5efdda64344914) Importer(815301076,1909f56bfc062723c751e8b465ee728b)
Start importing Assets/StreamingAssets using Guid(784854de57984554ca5efdda64344914) Importer(815301076,1909f56bfc062723c751e8b465ee728b) [PhysX] Initialized MultithreadedTaskDispatcher with 16 workers.
 -> (artifact id: 'e1ad937a8b7e71b8f1d6ee6d832cce1b') in 0.027174 seconds
Number of updated asset objects reloaded before import = 0
Number of asset objects unloaded after import = 0
========================================================================
Received Prepare
Begin MonoManager ReloadAssembly
Symbol file LoadedFromMemory is not a mono symbol file
- Loaded All Assemblies, in  0.444 seconds
Refreshing native plugins compatible for Editor in 15.14 ms, found 10 plugins.
Native extension for UWP target not found
Native extension for WindowsStandalone target not found
Native extension for Android target not found
Native extension for WebGL target not found
[Package Manager] Server::EnsureServerProcessIsRunning -- launch failed, reason: Unity was launched with the -noUpm command-line argument
[Package Manager] UpmClient::Send -- Unable to send message (not connected to UPM process).
[Package Manager] Cannot connect to Unity Package Manager local server
[Package Manager] Server::EnsureServerProcessIsRunning -- launch failed, reason: Unity was launched with the -noUpm command-line argument
[Package Manager] UpmClient::Send -- Unable to send message (not connected to UPM process).
[Package Manager] Cannot connect to Unity Package Manager local server
[Synthetic Environments] got match start synth_env_server.exe Bedroom
UnityEngine.StackTraceUtility:ExtractStackTrace ()
UnityEngine.DebugLogHandler:LogFormat (UnityEngine.LogType,UnityEngine.Object,string,object[])
UnityEngine.Logger:Log (UnityEngine.LogType,object)
UnityEngine.Debug:Log (object)
Meta.XR.Simulator.Utils:ReportInfo (string,string) (at ./Library/PackageCache/com.meta.xr.simulator@74.0.0/Editor/Utils.cs:165)
Meta.XR.Simulator.Editor.SyntheticEnvironments.Installer:ParseSynthEnvScript (string) (at ./Library/PackageCache/com.meta.xr.simulator@74.0.0/Editor/SyntheticEnvironments/Installer.cs:98)
Meta.XR.Simulator.Editor.SyntheticEnvironments.Installer:BuildSyntheticEnvironments () (at ./Library/PackageCache/com.meta.xr.simulator@74.0.0/Editor/SyntheticEnvironments/Installer.cs:76)
Meta.XR.Simulator.Editor.SyntheticEnvironments.Registry:RegisterSyntheticEnvironments () (at ./Library/PackageCache/com.meta.xr.simulator@74.0.0/Editor/SyntheticEnvironments/Registry.cs:97)
Meta.XR.Simulator.Editor.SyntheticEnvironments.Registry:.cctor () (at ./Library/PackageCache/com.meta.xr.simulator@74.0.0/Editor/SyntheticEnvironments/Registry.cs:87)
System.Runtime.CompilerServices.RuntimeHelpers:RunClassConstructor (System.RuntimeTypeHandle)
UnityEditor.EditorAssemblies:ProcessInitializeOnLoadAttributes (System.Type[])

(Filename: ./Library/PackageCache/com.meta.xr.simulator@74.0.0/Editor/Utils.cs Line: 165)

[Synthetic Environments] got match start synth_env_server.exe GameRoom
UnityEngine.StackTraceUtility:ExtractStackTrace ()
UnityEngine.DebugLogHandler:LogFormat (UnityEngine.LogType,UnityEngine.Object,string,object[])
UnityEngine.Logger:Log (UnityEngine.LogType,object)
UnityEngine.Debug:Log (object)
Meta.XR.Simulator.Utils:ReportInfo (string,string) (at ./Library/PackageCache/com.meta.xr.simulator@74.0.0/Editor/Utils.cs:165)
Meta.XR.Simulator.Editor.SyntheticEnvironments.Installer:ParseSynthEnvScript (string) (at ./Library/PackageCache/com.meta.xr.simulator@74.0.0/Editor/SyntheticEnvironments/Installer.cs:98)
Meta.XR.Simulator.Editor.SyntheticEnvironments.Installer:BuildSyntheticEnvironments () (at ./Library/PackageCache/com.meta.xr.simulator@74.0.0/Editor/SyntheticEnvironments/Installer.cs:76)
Meta.XR.Simulator.Editor.SyntheticEnvironments.Registry:RegisterSyntheticEnvironments () (at ./Library/PackageCache/com.meta.xr.simulator@74.0.0/Editor/SyntheticEnvironments/Registry.cs:97)
Meta.XR.Simulator.Editor.SyntheticEnvironments.Registry:.cctor () (at ./Library/PackageCache/com.meta.xr.simulator@74.0.0/Editor/SyntheticEnvironments/Registry.cs:87)
System.Runtime.CompilerServices.RuntimeHelpers:RunClassConstructor (System.RuntimeTypeHandle)
UnityEditor.EditorAssemblies:ProcessInitializeOnLoadAttributes (System.Type[])

(Filename: ./Library/PackageCache/com.meta.xr.simulator@74.0.0/Editor/Utils.cs Line: 165)

[Synthetic Environments] got match start synth_env_server.exe LivingRoom
UnityEngine.StackTraceUtility:ExtractStackTrace ()
UnityEngine.DebugLogHandler:LogFormat (UnityEngine.LogType,UnityEngine.Object,string,object[])
UnityEngine.Logger:Log (UnityEngine.LogType,object)
UnityEngine.Debug:Log (object)
Meta.XR.Simulator.Utils:ReportInfo (string,string) (at ./Library/PackageCache/com.meta.xr.simulator@74.0.0/Editor/Utils.cs:165)
Meta.XR.Simulator.Editor.SyntheticEnvironments.Installer:ParseSynthEnvScript (string) (at ./Library/PackageCache/com.meta.xr.simulator@74.0.0/Editor/SyntheticEnvironments/Installer.cs:98)
Meta.XR.Simulator.Editor.SyntheticEnvironments.Installer:BuildSyntheticEnvironments () (at ./Library/PackageCache/com.meta.xr.simulator@74.0.0/Editor/SyntheticEnvironments/Installer.cs:76)
Meta.XR.Simulator.Editor.SyntheticEnvironments.Registry:RegisterSyntheticEnvironments () (at ./Library/PackageCache/com.meta.xr.simulator@74.0.0/Editor/SyntheticEnvironments/Registry.cs:97)
Meta.XR.Simulator.Editor.SyntheticEnvironments.Registry:.cctor () (at ./Library/PackageCache/com.meta.xr.simulator@74.0.0/Editor/SyntheticEnvironments/Registry.cs:87)
System.Runtime.CompilerServices.RuntimeHelpers:RunClassConstructor (System.RuntimeTypeHandle)
UnityEditor.EditorAssemblies:ProcessInitializeOnLoadAttributes (System.Type[])

(Filename: ./Library/PackageCache/com.meta.xr.simulator@74.0.0/Editor/Utils.cs Line: 165)

[Synthetic Environments] got match start synth_env_server_extra_rooms.exe XRoom2_3
UnityEngine.StackTraceUtility:ExtractStackTrace ()
UnityEngine.DebugLogHandler:LogFormat (UnityEngine.LogType,UnityEngine.Object,string,object[])
UnityEngine.Logger:Log (UnityEngine.LogType,object)
UnityEngine.Debug:Log (object)
Meta.XR.Simulator.Utils:ReportInfo (string,string) (at ./Library/PackageCache/com.meta.xr.simulator@74.0.0/Editor/Utils.cs:165)
Meta.XR.Simulator.Editor.SyntheticEnvironments.Installer:ParseSynthEnvScript (string) (at ./Library/PackageCache/com.meta.xr.simulator@74.0.0/Editor/SyntheticEnvironments/Installer.cs:98)
Meta.XR.Simulator.Editor.SyntheticEnvironments.Installer:BuildSyntheticEnvironments () (at ./Library/PackageCache/com.meta.xr.simulator@74.0.0/Editor/SyntheticEnvironments/Installer.cs:76)
Meta.XR.Simulator.Editor.SyntheticEnvironments.Registry:RegisterSyntheticEnvironments () (at ./Library/PackageCache/com.meta.xr.simulator@74.0.0/Editor/SyntheticEnvironments/Registry.cs:97)
Meta.XR.Simulator.Editor.SyntheticEnvironments.Registry:.cctor () (at ./Library/PackageCache/com.meta.xr.simulator@74.0.0/Editor/SyntheticEnvironments/Registry.cs:87)
System.Runtime.CompilerServices.RuntimeHelpers:RunClassConstructor (System.RuntimeTypeHandle)
UnityEditor.EditorAssemblies:ProcessInitializeOnLoadAttributes (System.Type[])

(Filename: ./Library/PackageCache/com.meta.xr.simulator@74.0.0/Editor/Utils.cs Line: 165)

[Synthetic Environments] got match start synth_env_server_extra_rooms.exe XRoom2_4
UnityEngine.StackTraceUtility:ExtractStackTrace ()
UnityEngine.DebugLogHandler:LogFormat (UnityEngine.LogType,UnityEngine.Object,string,object[])
UnityEngine.Logger:Log (UnityEngine.LogType,object)
UnityEngine.Debug:Log (object)
Meta.XR.Simulator.Utils:ReportInfo (string,string) (at ./Library/PackageCache/com.meta.xr.simulator@74.0.0/Editor/Utils.cs:165)
Meta.XR.Simulator.Editor.SyntheticEnvironments.Installer:ParseSynthEnvScript (string) (at ./Library/PackageCache/com.meta.xr.simulator@74.0.0/Editor/SyntheticEnvironments/Installer.cs:98)
Meta.XR.Simulator.Editor.SyntheticEnvironments.Installer:BuildSyntheticEnvironments () (at ./Library/PackageCache/com.meta.xr.simulator@74.0.0/Editor/SyntheticEnvironments/Installer.cs:76)
Meta.XR.Simulator.Editor.SyntheticEnvironments.Registry:RegisterSyntheticEnvironments () (at ./Library/PackageCache/com.meta.xr.simulator@74.0.0/Editor/SyntheticEnvironments/Registry.cs:97)
Meta.XR.Simulator.Editor.SyntheticEnvironments.Registry:.cctor () (at ./Library/PackageCache/com.meta.xr.simulator@74.0.0/Editor/SyntheticEnvironments/Registry.cs:87)
System.Runtime.CompilerServices.RuntimeHelpers:RunClassConstructor (System.RuntimeTypeHandle)
UnityEditor.EditorAssemblies:ProcessInitializeOnLoadAttributes (System.Type[])

(Filename: ./Library/PackageCache/com.meta.xr.simulator@74.0.0/Editor/Utils.cs Line: 165)

[Synthetic Environments] got match start synth_env_server_extra_rooms.exe XRoom5_6
UnityEngine.StackTraceUtility:ExtractStackTrace ()
UnityEngine.DebugLogHandler:LogFormat (UnityEngine.LogType,UnityEngine.Object,string,object[])
UnityEngine.Logger:Log (UnityEngine.LogType,object)
UnityEngine.Debug:Log (object)
Meta.XR.Simulator.Utils:ReportInfo (string,string) (at ./Library/PackageCache/com.meta.xr.simulator@74.0.0/Editor/Utils.cs:165)
Meta.XR.Simulator.Editor.SyntheticEnvironments.Installer:ParseSynthEnvScript (string) (at ./Library/PackageCache/com.meta.xr.simulator@74.0.0/Editor/SyntheticEnvironments/Installer.cs:98)
Meta.XR.Simulator.Editor.SyntheticEnvironments.Installer:BuildSyntheticEnvironments () (at ./Library/PackageCache/com.meta.xr.simulator@74.0.0/Editor/SyntheticEnvironments/Installer.cs:76)
Meta.XR.Simulator.Editor.SyntheticEnvironments.Registry:RegisterSyntheticEnvironments () (at ./Library/PackageCache/com.meta.xr.simulator@74.0.0/Editor/SyntheticEnvironments/Registry.cs:97)
Meta.XR.Simulator.Editor.SyntheticEnvironments.Registry:.cctor () (at ./Library/PackageCache/com.meta.xr.simulator@74.0.0/Editor/SyntheticEnvironments/Registry.cs:87)
System.Runtime.CompilerServices.RuntimeHelpers:RunClassConstructor (System.RuntimeTypeHandle)
UnityEditor.EditorAssemblies:ProcessInitializeOnLoadAttributes (System.Type[])

(Filename: ./Library/PackageCache/com.meta.xr.simulator@74.0.0/Editor/Utils.cs Line: 165)

[Synthetic Environments] got match start synth_env_server_extra_rooms.exe XRoom5_1
UnityEngine.StackTraceUtility:ExtractStackTrace ()
UnityEngine.DebugLogHandler:LogFormat (UnityEngine.LogType,UnityEngine.Object,string,object[])
UnityEngine.Logger:Log (UnityEngine.LogType,object)
UnityEngine.Debug:Log (object)
Meta.XR.Simulator.Utils:ReportInfo (string,string) (at ./Library/PackageCache/com.meta.xr.simulator@74.0.0/Editor/Utils.cs:165)
Meta.XR.Simulator.Editor.SyntheticEnvironments.Installer:ParseSynthEnvScript (string) (at ./Library/PackageCache/com.meta.xr.simulator@74.0.0/Editor/SyntheticEnvironments/Installer.cs:98)
Meta.XR.Simulator.Editor.SyntheticEnvironments.Installer:BuildSyntheticEnvironments () (at ./Library/PackageCache/com.meta.xr.simulator@74.0.0/Editor/SyntheticEnvironments/Installer.cs:76)
Meta.XR.Simulator.Editor.SyntheticEnvironments.Registry:RegisterSyntheticEnvironments () (at ./Library/PackageCache/com.meta.xr.simulator@74.0.0/Editor/SyntheticEnvironments/Registry.cs:97)
Meta.XR.Simulator.Editor.SyntheticEnvironments.Registry:.cctor () (at ./Library/PackageCache/com.meta.xr.simulator@74.0.0/Editor/SyntheticEnvironments/Registry.cs:87)
System.Runtime.CompilerServices.RuntimeHelpers:RunClassConstructor (System.RuntimeTypeHandle)
UnityEditor.EditorAssemblies:ProcessInitializeOnLoadAttributes (System.Type[])

(Filename: ./Library/PackageCache/com.meta.xr.simulator@74.0.0/Editor/Utils.cs Line: 165)

[Synthetic Environments] got match start synth_env_server_extra_rooms.exe XRoom3_1
UnityEngine.StackTraceUtility:ExtractStackTrace ()
UnityEngine.DebugLogHandler:LogFormat (UnityEngine.LogType,UnityEngine.Object,string,object[])
UnityEngine.Logger:Log (UnityEngine.LogType,object)
UnityEngine.Debug:Log (object)
Meta.XR.Simulator.Utils:ReportInfo (string,string) (at ./Library/PackageCache/com.meta.xr.simulator@74.0.0/Editor/Utils.cs:165)
Meta.XR.Simulator.Editor.SyntheticEnvironments.Installer:ParseSynthEnvScript (string) (at ./Library/PackageCache/com.meta.xr.simulator@74.0.0/Editor/SyntheticEnvironments/Installer.cs:98)
Meta.XR.Simulator.Editor.SyntheticEnvironments.Installer:BuildSyntheticEnvironments () (at ./Library/PackageCache/com.meta.xr.simulator@74.0.0/Editor/SyntheticEnvironments/Installer.cs:76)
Meta.XR.Simulator.Editor.SyntheticEnvironments.Registry:RegisterSyntheticEnvironments () (at ./Library/PackageCache/com.meta.xr.simulator@74.0.0/Editor/SyntheticEnvironments/Registry.cs:97)
Meta.XR.Simulator.Editor.SyntheticEnvironments.Registry:.cctor () (at ./Library/PackageCache/com.meta.xr.simulator@74.0.0/Editor/SyntheticEnvironments/Registry.cs:87)
System.Runtime.CompilerServices.RuntimeHelpers:RunClassConstructor (System.RuntimeTypeHandle)
UnityEditor.EditorAssemblies:ProcessInitializeOnLoadAttributes (System.Type[])

(Filename: ./Library/PackageCache/com.meta.xr.simulator@74.0.0/Editor/Utils.cs Line: 165)

[Synthetic Environments] got match start synth_env_server_extra_rooms.exe XRoom1_2
UnityEngine.StackTraceUtility:ExtractStackTrace ()
UnityEngine.DebugLogHandler:LogFormat (UnityEngine.LogType,UnityEngine.Object,string,object[])
UnityEngine.Logger:Log (UnityEngine.LogType,object)
UnityEngine.Debug:Log (object)
Meta.XR.Simulator.Utils:ReportInfo (string,string) (at ./Library/PackageCache/com.meta.xr.simulator@74.0.0/Editor/Utils.cs:165)
Meta.XR.Simulator.Editor.SyntheticEnvironments.Installer:ParseSynthEnvScript (string) (at ./Library/PackageCache/com.meta.xr.simulator@74.0.0/Editor/SyntheticEnvironments/Installer.cs:98)
Meta.XR.Simulator.Editor.SyntheticEnvironments.Installer:BuildSyntheticEnvironments () (at ./Library/PackageCache/com.meta.xr.simulator@74.0.0/Editor/SyntheticEnvironments/Installer.cs:76)
Meta.XR.Simulator.Editor.SyntheticEnvironments.Registry:RegisterSyntheticEnvironments () (at ./Library/PackageCache/com.meta.xr.simulator@74.0.0/Editor/SyntheticEnvironments/Registry.cs:97)
Meta.XR.Simulator.Editor.SyntheticEnvironments.Registry:.cctor () (at ./Library/PackageCache/com.meta.xr.simulator@74.0.0/Editor/SyntheticEnvironments/Registry.cs:87)
System.Runtime.CompilerServices.RuntimeHelpers:RunClassConstructor (System.RuntimeTypeHandle)
UnityEditor.EditorAssemblies:ProcessInitializeOnLoadAttributes (System.Type[])

(Filename: ./Library/PackageCache/com.meta.xr.simulator@74.0.0/Editor/Utils.cs Line: 165)

[Synthetic Environments] got match start synth_env_server_extra_rooms.exe XRoom1_1
UnityEngine.StackTraceUtility:ExtractStackTrace ()
UnityEngine.DebugLogHandler:LogFormat (UnityEngine.LogType,UnityEngine.Object,string,object[])
UnityEngine.Logger:Log (UnityEngine.LogType,object)
UnityEngine.Debug:Log (object)
Meta.XR.Simulator.Utils:ReportInfo (string,string) (at ./Library/PackageCache/com.meta.xr.simulator@74.0.0/Editor/Utils.cs:165)
Meta.XR.Simulator.Editor.SyntheticEnvironments.Installer:ParseSynthEnvScript (string) (at ./Library/PackageCache/com.meta.xr.simulator@74.0.0/Editor/SyntheticEnvironments/Installer.cs:98)
Meta.XR.Simulator.Editor.SyntheticEnvironments.Installer:BuildSyntheticEnvironments () (at ./Library/PackageCache/com.meta.xr.simulator@74.0.0/Editor/SyntheticEnvironments/Installer.cs:76)
Meta.XR.Simulator.Editor.SyntheticEnvironments.Registry:RegisterSyntheticEnvironments () (at ./Library/PackageCache/com.meta.xr.simulator@74.0.0/Editor/SyntheticEnvironments/Registry.cs:97)
Meta.XR.Simulator.Editor.SyntheticEnvironments.Registry:.cctor () (at ./Library/PackageCache/com.meta.xr.simulator@74.0.0/Editor/SyntheticEnvironments/Registry.cs:87)
System.Runtime.CompilerServices.RuntimeHelpers:RunClassConstructor (System.RuntimeTypeHandle)
UnityEditor.EditorAssemblies:ProcessInitializeOnLoadAttributes (System.Type[])

(Filename: ./Library/PackageCache/com.meta.xr.simulator@74.0.0/Editor/Utils.cs Line: 165)

[Synthetic Environments] got match start synth_env_server_extra_rooms.exe XRoom1_4
UnityEngine.StackTraceUtility:ExtractStackTrace ()
UnityEngine.DebugLogHandler:LogFormat (UnityEngine.LogType,UnityEngine.Object,string,object[])
UnityEngine.Logger:Log (UnityEngine.LogType,object)
UnityEngine.Debug:Log (object)
Meta.XR.Simulator.Utils:ReportInfo (string,string) (at ./Library/PackageCache/com.meta.xr.simulator@74.0.0/Editor/Utils.cs:165)
Meta.XR.Simulator.Editor.SyntheticEnvironments.Installer:ParseSynthEnvScript (string) (at ./Library/PackageCache/com.meta.xr.simulator@74.0.0/Editor/SyntheticEnvironments/Installer.cs:98)
Meta.XR.Simulator.Editor.SyntheticEnvironments.Installer:BuildSyntheticEnvironments () (at ./Library/PackageCache/com.meta.xr.simulator@74.0.0/Editor/SyntheticEnvironments/Installer.cs:76)
Meta.XR.Simulator.Editor.SyntheticEnvironments.Registry:RegisterSyntheticEnvironments () (at ./Library/PackageCache/com.meta.xr.simulator@74.0.0/Editor/SyntheticEnvironments/Registry.cs:97)
Meta.XR.Simulator.Editor.SyntheticEnvironments.Registry:.cctor () (at ./Library/PackageCache/com.meta.xr.simulator@74.0.0/Editor/SyntheticEnvironments/Registry.cs:87)
System.Runtime.CompilerServices.RuntimeHelpers:RunClassConstructor (System.RuntimeTypeHandle)
UnityEditor.EditorAssemblies:ProcessInitializeOnLoadAttributes (System.Type[])

(Filename: ./Library/PackageCache/com.meta.xr.simulator@74.0.0/Editor/Utils.cs Line: 165)

[Package Manager] Server::EnsureServerProcessIsRunning -- launch failed, reason: Unity was launched with the -noUpm command-line argument
[Package Manager] UpmClient::Send -- Unable to send message (not connected to UPM process).
[Package Manager] Cannot connect to Unity Package Manager local server
System.Reflection.TargetInvocationException: Exception has been thrown by the target of an invocation. ---> System.NullReferenceException: Object reference not set to an instance of an object
  at Unity.XR.Oculus.OculusLoader.AssetPathToAbsolutePath (System.String assetPath) [0x0003d] in .\Library\PackageCache\com.unity.xr.oculus@4.2.0\Runtime\OculusLoader.cs:298 
  at Unity.XR.Oculus.OculusLoader.EditorLoadOVRPlugin () [0x0008c] in .\Library\PackageCache\com.unity.xr.oculus@4.2.0\Runtime\OculusLoader.cs:283 
  at (wrapper managed-to-native) System.Reflection.RuntimeMethodInfo.InternalInvoke(System.Reflection.RuntimeMethodInfo,object,object[],System.Exception&)
  at System.Reflection.RuntimeMethodInfo.Invoke (System.Object obj, System.Reflection.BindingFlags invokeAttr, System.Reflection.Binder binder, System.Object[] parameters, System.Globalization.CultureInfo culture) [0x0006a] in <51fded79cd284d4d911c5949aff4cb21>:0 
   --- End of inner exception stack trace ---
  at System.Reflection.RuntimeMethodInfo.Invoke (System.Object obj, System.Reflection.BindingFlags invokeAttr, System.Reflection.Binder binder, System.Object[] parameters, System.Globalization.CultureInfo culture) [0x00083] in <51fded79cd284d4d911c5949aff4cb21>:0 
  at System.Reflection.MethodBase.Invoke (System.Object obj, System.Object[] parameters) [0x00000] in <51fded79cd284d4d911c5949aff4cb21>:0 
  at UnityEditor.EditorAssemblies.ProcessInitializeOnLoadMethodAttributes () [0x000a5] in <2201ab87e660427c974282df3bb3cf36>:0 
UnityEngine.StackTraceUtility:ExtractStackTrace ()
UnityEngine.DebugLogHandler:LogFormat (UnityEngine.LogType,UnityEngine.Object,string,object[])
UnityEngine.Logger:Log (UnityEngine.LogType,object)
UnityEngine.Debug:LogError (object)
UnityEditor.EditorAssemblies:ProcessInitializeOnLoadMethodAttributes ()

Mono: successfully reloaded assembly
[Package Manager] Server::EnsureServerProcessIsRunning -- launch failed, reason: Unity was launched with the -noUpm command-line argument
[Package Manager] UpmClient::Send -- Unable to send message (not connected to UPM process).
[Package Manager] Cannot connect to Unity Package Manager local server
- Finished resetting the current domain, in  0.919 seconds
Domain Reload Profiling: 1356ms
	BeginReloadAssembly (158ms)
		ExecutionOrderSort (0ms)
		DisableScriptedObjects (4ms)
		BackupInstance (0ms)
		ReleaseScriptingObjects (0ms)
		CreateAndSetChildDomain (35ms)
	RebuildCommonClasses (39ms)
	RebuildNativeTypeToScriptingClass (10ms)
	initialDomainReloadingComplete (27ms)
	LoadAllAssembliesAndSetupDomain (203ms)
		LoadAssemblies (267ms)
		RebuildTransferFunctionScriptingTraits (0ms)
		AnalyzeDomain (19ms)
			TypeCache.Refresh (4ms)
				TypeCache.ScanAssembly (0ms)
			ScanForSourceGeneratedMonoScriptInfo (0ms)
			ResolveRequiredComponents (14ms)
	FinalizeReload (920ms)
		ReleaseScriptCaches (0ms)
		RebuildScriptCaches (0ms)
		SetupLoadedEditorAssemblies (570ms)
			LogAssemblyErrors (0ms)
			InitializePlatformSupportModulesInManaged (30ms)
			SetLoadedEditorAssemblies (4ms)
			RefreshPlugins (0ms)
			BeforeProcessingInitializeOnLoad (89ms)
			ProcessInitializeOnLoadAttributes (399ms)
			ProcessInitializeOnLoadMethodAttributes (37ms)
			AfterProcessingInitializeOnLoad (10ms)
			EditorAssembliesLoaded (0ms)
		ExecutionOrderSort2 (0ms)
		AwakeInstancesAfterBackupRestoration (8ms)
Shader 'Meta/MRUK/Scene/HighlightsAndShadows': fallback shader 'Off' not found
Shader 'Oculus/OVRMRCameraFrameLit': fallback shader 'Alpha-Diffuse' not found
Refreshing native plugins compatible for Editor in 17.24 ms, found 10 plugins.
Preloading 3 native plugins for Editor in 0.23 ms.
Unloading 3063 Unused Serialized files (Serialized files now loaded: 0)
Unloading 52 unused Assets / (487.3 KB). Loaded Objects now: 3680.
Memory consumption went from 145.1 MB to 144.6 MB.
Total: 6.172900 ms (FindLiveObjects: 0.260500 ms CreateObjectMapping: 0.222000 ms MarkObjects: 5.408100 ms  DeleteObjects: 0.281300 ms)

Prepare: number of updated asset objects reloaded= 0
AssetImportParameters requested are different than current active one (requested -> active):
  custom:video-decoder-webm-vp8: 9c59270c3fd7afecdb556c50c9e8de78 -> 
  custom:SearchIndexIgnoredProperties: e643bd26f0fe6173181afceb89e7c659 -> 
  custom:container-demuxer-ogg: 62fdf1f143b41e24485cea50d1cbac27 -> 
  custom:AudioImporter_EditorPlatform: d09bf68614088b80899f8185d706f6e7 -> 
  custom:video-codec-MediaFoundation-h265: 746d11721c4dcdbdad8f713fa42b33f4 -> 
  custom:video-decoder-ogg-theora: a1e56fd34408186e4bbccfd4996cb3dc -> 
  custom:framework-win-MediaFoundation: 216162199b28c13a410421893ffa2e32 -> 
  custom:video-encoder-webm-vp8: eb34c28f22e8b96e1ab97ce403110664 -> 
  custom:audio-decoder-ogg-vorbis: bf7c407c2cedff20999df2af8eb42d56 -> 
  custom:CustomObjectIndexerAttribute: 9a22284fe3817be447336de3de66b15e -> 
  custom:container-demuxer-webm: 4f35f7cbe854078d1ac9338744f61a02 -> 
  custom:audio-encoder-webm-vorbis: bf7c407c2cedff20999df2af8eb42d56 -> 
  custom:container-muxer-webm: aa71ff27fc2769a1b78a27578f13a17b -> 
========================================================================
Received Prepare
Begin MonoManager ReloadAssembly
Symbol file LoadedFromMemory is not a mono symbol file
- Loaded All Assemblies, in  0.455 seconds
Refreshing native plugins compatible for Editor in 15.74 ms, found 10 plugins.
Native extension for UWP target not found
Native extension for WindowsStandalone target not found
Native extension for Android target not found
Native extension for WebGL target not found
[Package Manager] Server::EnsureServerProcessIsRunning -- launch failed, reason: Unity was launched with the -noUpm command-line argument
[Package Manager] UpmClient::Send -- Unable to send message (not connected to UPM process).
[Package Manager] Cannot connect to Unity Package Manager local server
[Package Manager] Server::EnsureServerProcessIsRunning -- launch failed, reason: Unity was launched with the -noUpm command-line argument
[Package Manager] UpmClient::Send -- Unable to send message (not connected to UPM process).
[Package Manager] Cannot connect to Unity Package Manager local server
[Synthetic Environments] got match start synth_env_server.exe Bedroom
UnityEngine.StackTraceUtility:ExtractStackTrace ()
UnityEngine.DebugLogHandler:LogFormat (UnityEngine.LogType,UnityEngine.Object,string,object[])
UnityEngine.Logger:Log (UnityEngine.LogType,object)
UnityEngine.Debug:Log (object)
Meta.XR.Simulator.Utils:ReportInfo (string,string) (at ./Library/PackageCache/com.meta.xr.simulator@74.0.0/Editor/Utils.cs:165)
Meta.XR.Simulator.Editor.SyntheticEnvironments.Installer:ParseSynthEnvScript (string) (at ./Library/PackageCache/com.meta.xr.simulator@74.0.0/Editor/SyntheticEnvironments/Installer.cs:98)
Meta.XR.Simulator.Editor.SyntheticEnvironments.Installer:BuildSyntheticEnvironments () (at ./Library/PackageCache/com.meta.xr.simulator@74.0.0/Editor/SyntheticEnvironments/Installer.cs:76)
Meta.XR.Simulator.Editor.SyntheticEnvironments.Registry:RegisterSyntheticEnvironments () (at ./Library/PackageCache/com.meta.xr.simulator@74.0.0/Editor/SyntheticEnvironments/Registry.cs:97)
Meta.XR.Simulator.Editor.SyntheticEnvironments.Registry:.cctor () (at ./Library/PackageCache/com.meta.xr.simulator@74.0.0/Editor/SyntheticEnvironments/Registry.cs:87)
System.Runtime.CompilerServices.RuntimeHelpers:RunClassConstructor (System.RuntimeTypeHandle)
UnityEditor.EditorAssemblies:ProcessInitializeOnLoadAttributes (System.Type[])

(Filename: ./Library/PackageCache/com.meta.xr.simulator@74.0.0/Editor/Utils.cs Line: 165)

[Synthetic Environments] got match start synth_env_server.exe GameRoom
UnityEngine.StackTraceUtility:ExtractStackTrace ()
UnityEngine.DebugLogHandler:LogFormat (UnityEngine.LogType,UnityEngine.Object,string,object[])
UnityEngine.Logger:Log (UnityEngine.LogType,object)
UnityEngine.Debug:Log (object)
Meta.XR.Simulator.Utils:ReportInfo (string,string) (at ./Library/PackageCache/com.meta.xr.simulator@74.0.0/Editor/Utils.cs:165)
Meta.XR.Simulator.Editor.SyntheticEnvironments.Installer:ParseSynthEnvScript (string) (at ./Library/PackageCache/com.meta.xr.simulator@74.0.0/Editor/SyntheticEnvironments/Installer.cs:98)
Meta.XR.Simulator.Editor.SyntheticEnvironments.Installer:BuildSyntheticEnvironments () (at ./Library/PackageCache/com.meta.xr.simulator@74.0.0/Editor/SyntheticEnvironments/Installer.cs:76)
Meta.XR.Simulator.Editor.SyntheticEnvironments.Registry:RegisterSyntheticEnvironments () (at ./Library/PackageCache/com.meta.xr.simulator@74.0.0/Editor/SyntheticEnvironments/Registry.cs:97)
Meta.XR.Simulator.Editor.SyntheticEnvironments.Registry:.cctor () (at ./Library/PackageCache/com.meta.xr.simulator@74.0.0/Editor/SyntheticEnvironments/Registry.cs:87)
System.Runtime.CompilerServices.RuntimeHelpers:RunClassConstructor (System.RuntimeTypeHandle)
UnityEditor.EditorAssemblies:ProcessInitializeOnLoadAttributes (System.Type[])

(Filename: ./Library/PackageCache/com.meta.xr.simulator@74.0.0/Editor/Utils.cs Line: 165)

[Synthetic Environments] got match start synth_env_server.exe LivingRoom
UnityEngine.StackTraceUtility:ExtractStackTrace ()
UnityEngine.DebugLogHandler:LogFormat (UnityEngine.LogType,UnityEngine.Object,string,object[])
UnityEngine.Logger:Log (UnityEngine.LogType,object)
UnityEngine.Debug:Log (object)
Meta.XR.Simulator.Utils:ReportInfo (string,string) (at ./Library/PackageCache/com.meta.xr.simulator@74.0.0/Editor/Utils.cs:165)
Meta.XR.Simulator.Editor.SyntheticEnvironments.Installer:ParseSynthEnvScript (string) (at ./Library/PackageCache/com.meta.xr.simulator@74.0.0/Editor/SyntheticEnvironments/Installer.cs:98)
Meta.XR.Simulator.Editor.SyntheticEnvironments.Installer:BuildSyntheticEnvironments () (at ./Library/PackageCache/com.meta.xr.simulator@74.0.0/Editor/SyntheticEnvironments/Installer.cs:76)
Meta.XR.Simulator.Editor.SyntheticEnvironments.Registry:RegisterSyntheticEnvironments () (at ./Library/PackageCache/com.meta.xr.simulator@74.0.0/Editor/SyntheticEnvironments/Registry.cs:97)
Meta.XR.Simulator.Editor.SyntheticEnvironments.Registry:.cctor () (at ./Library/PackageCache/com.meta.xr.simulator@74.0.0/Editor/SyntheticEnvironments/Registry.cs:87)
System.Runtime.CompilerServices.RuntimeHelpers:RunClassConstructor (System.RuntimeTypeHandle)
UnityEditor.EditorAssemblies:ProcessInitializeOnLoadAttributes (System.Type[])

(Filename: ./Library/PackageCache/com.meta.xr.simulator@74.0.0/Editor/Utils.cs Line: 165)

[Synthetic Environments] got match start synth_env_server_extra_rooms.exe XRoom2_3
UnityEngine.StackTraceUtility:ExtractStackTrace ()
UnityEngine.DebugLogHandler:LogFormat (UnityEngine.LogType,UnityEngine.Object,string,object[])
UnityEngine.Logger:Log (UnityEngine.LogType,object)
UnityEngine.Debug:Log (object)
Meta.XR.Simulator.Utils:ReportInfo (string,string) (at ./Library/PackageCache/com.meta.xr.simulator@74.0.0/Editor/Utils.cs:165)
Meta.XR.Simulator.Editor.SyntheticEnvironments.Installer:ParseSynthEnvScript (string) (at ./Library/PackageCache/com.meta.xr.simulator@74.0.0/Editor/SyntheticEnvironments/Installer.cs:98)
Meta.XR.Simulator.Editor.SyntheticEnvironments.Installer:BuildSyntheticEnvironments () (at ./Library/PackageCache/com.meta.xr.simulator@74.0.0/Editor/SyntheticEnvironments/Installer.cs:76)
Meta.XR.Simulator.Editor.SyntheticEnvironments.Registry:RegisterSyntheticEnvironments () (at ./Library/PackageCache/com.meta.xr.simulator@74.0.0/Editor/SyntheticEnvironments/Registry.cs:97)
Meta.XR.Simulator.Editor.SyntheticEnvironments.Registry:.cctor () (at ./Library/PackageCache/com.meta.xr.simulator@74.0.0/Editor/SyntheticEnvironments/Registry.cs:87)
System.Runtime.CompilerServices.RuntimeHelpers:RunClassConstructor (System.RuntimeTypeHandle)
UnityEditor.EditorAssemblies:ProcessInitializeOnLoadAttributes (System.Type[])

(Filename: ./Library/PackageCache/com.meta.xr.simulator@74.0.0/Editor/Utils.cs Line: 165)

[Synthetic Environments] got match start synth_env_server_extra_rooms.exe XRoom2_4
UnityEngine.StackTraceUtility:ExtractStackTrace ()
UnityEngine.DebugLogHandler:LogFormat (UnityEngine.LogType,UnityEngine.Object,string,object[])
UnityEngine.Logger:Log (UnityEngine.LogType,object)
UnityEngine.Debug:Log (object)
Meta.XR.Simulator.Utils:ReportInfo (string,string) (at ./Library/PackageCache/com.meta.xr.simulator@74.0.0/Editor/Utils.cs:165)
Meta.XR.Simulator.Editor.SyntheticEnvironments.Installer:ParseSynthEnvScript (string) (at ./Library/PackageCache/com.meta.xr.simulator@74.0.0/Editor/SyntheticEnvironments/Installer.cs:98)
Meta.XR.Simulator.Editor.SyntheticEnvironments.Installer:BuildSyntheticEnvironments () (at ./Library/PackageCache/com.meta.xr.simulator@74.0.0/Editor/SyntheticEnvironments/Installer.cs:76)
Meta.XR.Simulator.Editor.SyntheticEnvironments.Registry:RegisterSyntheticEnvironments () (at ./Library/PackageCache/com.meta.xr.simulator@74.0.0/Editor/SyntheticEnvironments/Registry.cs:97)
Meta.XR.Simulator.Editor.SyntheticEnvironments.Registry:.cctor () (at ./Library/PackageCache/com.meta.xr.simulator@74.0.0/Editor/SyntheticEnvironments/Registry.cs:87)
System.Runtime.CompilerServices.RuntimeHelpers:RunClassConstructor (System.RuntimeTypeHandle)
UnityEditor.EditorAssemblies:ProcessInitializeOnLoadAttributes (System.Type[])

(Filename: ./Library/PackageCache/com.meta.xr.simulator@74.0.0/Editor/Utils.cs Line: 165)

[Synthetic Environments] got match start synth_env_server_extra_rooms.exe XRoom5_6
UnityEngine.StackTraceUtility:ExtractStackTrace ()
UnityEngine.DebugLogHandler:LogFormat (UnityEngine.LogType,UnityEngine.Object,string,object[])
UnityEngine.Logger:Log (UnityEngine.LogType,object)
UnityEngine.Debug:Log (object)
Meta.XR.Simulator.Utils:ReportInfo (string,string) (at ./Library/PackageCache/com.meta.xr.simulator@74.0.0/Editor/Utils.cs:165)
Meta.XR.Simulator.Editor.SyntheticEnvironments.Installer:ParseSynthEnvScript (string) (at ./Library/PackageCache/com.meta.xr.simulator@74.0.0/Editor/SyntheticEnvironments/Installer.cs:98)
Meta.XR.Simulator.Editor.SyntheticEnvironments.Installer:BuildSyntheticEnvironments () (at ./Library/PackageCache/com.meta.xr.simulator@74.0.0/Editor/SyntheticEnvironments/Installer.cs:76)
Meta.XR.Simulator.Editor.SyntheticEnvironments.Registry:RegisterSyntheticEnvironments () (at ./Library/PackageCache/com.meta.xr.simulator@74.0.0/Editor/SyntheticEnvironments/Registry.cs:97)
Meta.XR.Simulator.Editor.SyntheticEnvironments.Registry:.cctor () (at ./Library/PackageCache/com.meta.xr.simulator@74.0.0/Editor/SyntheticEnvironments/Registry.cs:87)
System.Runtime.CompilerServices.RuntimeHelpers:RunClassConstructor (System.RuntimeTypeHandle)
UnityEditor.EditorAssemblies:ProcessInitializeOnLoadAttributes (System.Type[])

(Filename: ./Library/PackageCache/com.meta.xr.simulator@74.0.0/Editor/Utils.cs Line: 165)

[Synthetic Environments] got match start synth_env_server_extra_rooms.exe XRoom5_1
UnityEngine.StackTraceUtility:ExtractStackTrace ()
UnityEngine.DebugLogHandler:LogFormat (UnityEngine.LogType,UnityEngine.Object,string,object[])
UnityEngine.Logger:Log (UnityEngine.LogType,object)
UnityEngine.Debug:Log (object)
Meta.XR.Simulator.Utils:ReportInfo (string,string) (at ./Library/PackageCache/com.meta.xr.simulator@74.0.0/Editor/Utils.cs:165)
Meta.XR.Simulator.Editor.SyntheticEnvironments.Installer:ParseSynthEnvScript (string) (at ./Library/PackageCache/com.meta.xr.simulator@74.0.0/Editor/SyntheticEnvironments/Installer.cs:98)
Meta.XR.Simulator.Editor.SyntheticEnvironments.Installer:BuildSyntheticEnvironments () (at ./Library/PackageCache/com.meta.xr.simulator@74.0.0/Editor/SyntheticEnvironments/Installer.cs:76)
Meta.XR.Simulator.Editor.SyntheticEnvironments.Registry:RegisterSyntheticEnvironments () (at ./Library/PackageCache/com.meta.xr.simulator@74.0.0/Editor/SyntheticEnvironments/Registry.cs:97)
Meta.XR.Simulator.Editor.SyntheticEnvironments.Registry:.cctor () (at ./Library/PackageCache/com.meta.xr.simulator@74.0.0/Editor/SyntheticEnvironments/Registry.cs:87)
System.Runtime.CompilerServices.RuntimeHelpers:RunClassConstructor (System.RuntimeTypeHandle)
UnityEditor.EditorAssemblies:ProcessInitializeOnLoadAttributes (System.Type[])

(Filename: ./Library/PackageCache/com.meta.xr.simulator@74.0.0/Editor/Utils.cs Line: 165)

[Synthetic Environments] got match start synth_env_server_extra_rooms.exe XRoom3_1
UnityEngine.StackTraceUtility:ExtractStackTrace ()
UnityEngine.DebugLogHandler:LogFormat (UnityEngine.LogType,UnityEngine.Object,string,object[])
UnityEngine.Logger:Log (UnityEngine.LogType,object)
UnityEngine.Debug:Log (object)
Meta.XR.Simulator.Utils:ReportInfo (string,string) (at ./Library/PackageCache/com.meta.xr.simulator@74.0.0/Editor/Utils.cs:165)
Meta.XR.Simulator.Editor.SyntheticEnvironments.Installer:ParseSynthEnvScript (string) (at ./Library/PackageCache/com.meta.xr.simulator@74.0.0/Editor/SyntheticEnvironments/Installer.cs:98)
Meta.XR.Simulator.Editor.SyntheticEnvironments.Installer:BuildSyntheticEnvironments () (at ./Library/PackageCache/com.meta.xr.simulator@74.0.0/Editor/SyntheticEnvironments/Installer.cs:76)
Meta.XR.Simulator.Editor.SyntheticEnvironments.Registry:RegisterSyntheticEnvironments () (at ./Library/PackageCache/com.meta.xr.simulator@74.0.0/Editor/SyntheticEnvironments/Registry.cs:97)
Meta.XR.Simulator.Editor.SyntheticEnvironments.Registry:.cctor () (at ./Library/PackageCache/com.meta.xr.simulator@74.0.0/Editor/SyntheticEnvironments/Registry.cs:87)
System.Runtime.CompilerServices.RuntimeHelpers:RunClassConstructor (System.RuntimeTypeHandle)
UnityEditor.EditorAssemblies:ProcessInitializeOnLoadAttributes (System.Type[])

(Filename: ./Library/PackageCache/com.meta.xr.simulator@74.0.0/Editor/Utils.cs Line: 165)

[Synthetic Environments] got match start synth_env_server_extra_rooms.exe XRoom1_2
UnityEngine.StackTraceUtility:ExtractStackTrace ()
UnityEngine.DebugLogHandler:LogFormat (UnityEngine.LogType,UnityEngine.Object,string,object[])
UnityEngine.Logger:Log (UnityEngine.LogType,object)
UnityEngine.Debug:Log (object)
Meta.XR.Simulator.Utils:ReportInfo (string,string) (at ./Library/PackageCache/com.meta.xr.simulator@74.0.0/Editor/Utils.cs:165)
Meta.XR.Simulator.Editor.SyntheticEnvironments.Installer:ParseSynthEnvScript (string) (at ./Library/PackageCache/com.meta.xr.simulator@74.0.0/Editor/SyntheticEnvironments/Installer.cs:98)
Meta.XR.Simulator.Editor.SyntheticEnvironments.Installer:BuildSyntheticEnvironments () (at ./Library/PackageCache/com.meta.xr.simulator@74.0.0/Editor/SyntheticEnvironments/Installer.cs:76)
Meta.XR.Simulator.Editor.SyntheticEnvironments.Registry:RegisterSyntheticEnvironments () (at ./Library/PackageCache/com.meta.xr.simulator@74.0.0/Editor/SyntheticEnvironments/Registry.cs:97)
Meta.XR.Simulator.Editor.SyntheticEnvironments.Registry:.cctor () (at ./Library/PackageCache/com.meta.xr.simulator@74.0.0/Editor/SyntheticEnvironments/Registry.cs:87)
System.Runtime.CompilerServices.RuntimeHelpers:RunClassConstructor (System.RuntimeTypeHandle)
UnityEditor.EditorAssemblies:ProcessInitializeOnLoadAttributes (System.Type[])

(Filename: ./Library/PackageCache/com.meta.xr.simulator@74.0.0/Editor/Utils.cs Line: 165)

[Synthetic Environments] got match start synth_env_server_extra_rooms.exe XRoom1_1
UnityEngine.StackTraceUtility:ExtractStackTrace ()
UnityEngine.DebugLogHandler:LogFormat (UnityEngine.LogType,UnityEngine.Object,string,object[])
UnityEngine.Logger:Log (UnityEngine.LogType,object)
UnityEngine.Debug:Log (object)
Meta.XR.Simulator.Utils:ReportInfo (string,string) (at ./Library/PackageCache/com.meta.xr.simulator@74.0.0/Editor/Utils.cs:165)
Meta.XR.Simulator.Editor.SyntheticEnvironments.Installer:ParseSynthEnvScript (string) (at ./Library/PackageCache/com.meta.xr.simulator@74.0.0/Editor/SyntheticEnvironments/Installer.cs:98)
Meta.XR.Simulator.Editor.SyntheticEnvironments.Installer:BuildSyntheticEnvironments () (at ./Library/PackageCache/com.meta.xr.simulator@74.0.0/Editor/SyntheticEnvironments/Installer.cs:76)
Meta.XR.Simulator.Editor.SyntheticEnvironments.Registry:RegisterSyntheticEnvironments () (at ./Library/PackageCache/com.meta.xr.simulator@74.0.0/Editor/SyntheticEnvironments/Registry.cs:97)
Meta.XR.Simulator.Editor.SyntheticEnvironments.Registry:.cctor () (at ./Library/PackageCache/com.meta.xr.simulator@74.0.0/Editor/SyntheticEnvironments/Registry.cs:87)
System.Runtime.CompilerServices.RuntimeHelpers:RunClassConstructor (System.RuntimeTypeHandle)
UnityEditor.EditorAssemblies:ProcessInitializeOnLoadAttributes (System.Type[])

(Filename: ./Library/PackageCache/com.meta.xr.simulator@74.0.0/Editor/Utils.cs Line: 165)

[Synthetic Environments] got match start synth_env_server_extra_rooms.exe XRoom1_4
UnityEngine.StackTraceUtility:ExtractStackTrace ()
UnityEngine.DebugLogHandler:LogFormat (UnityEngine.LogType,UnityEngine.Object,string,object[])
UnityEngine.Logger:Log (UnityEngine.LogType,object)
UnityEngine.Debug:Log (object)
Meta.XR.Simulator.Utils:ReportInfo (string,string) (at ./Library/PackageCache/com.meta.xr.simulator@74.0.0/Editor/Utils.cs:165)
Meta.XR.Simulator.Editor.SyntheticEnvironments.Installer:ParseSynthEnvScript (string) (at ./Library/PackageCache/com.meta.xr.simulator@74.0.0/Editor/SyntheticEnvironments/Installer.cs:98)
Meta.XR.Simulator.Editor.SyntheticEnvironments.Installer:BuildSyntheticEnvironments () (at ./Library/PackageCache/com.meta.xr.simulator@74.0.0/Editor/SyntheticEnvironments/Installer.cs:76)
Meta.XR.Simulator.Editor.SyntheticEnvironments.Registry:RegisterSyntheticEnvironments () (at ./Library/PackageCache/com.meta.xr.simulator@74.0.0/Editor/SyntheticEnvironments/Registry.cs:97)
Meta.XR.Simulator.Editor.SyntheticEnvironments.Registry:.cctor () (at ./Library/PackageCache/com.meta.xr.simulator@74.0.0/Editor/SyntheticEnvironments/Registry.cs:87)
System.Runtime.CompilerServices.RuntimeHelpers:RunClassConstructor (System.RuntimeTypeHandle)
UnityEditor.EditorAssemblies:ProcessInitializeOnLoadAttributes (System.Type[])

(Filename: ./Library/PackageCache/com.meta.xr.simulator@74.0.0/Editor/Utils.cs Line: 165)

[Package Manager] Server::EnsureServerProcessIsRunning -- launch failed, reason: Unity was launched with the -noUpm command-line argument
[Package Manager] UpmClient::Send -- Unable to send message (not connected to UPM process).
[Package Manager] Cannot connect to Unity Package Manager local server
System.Reflection.TargetInvocationException: Exception has been thrown by the target of an invocation. ---> System.NullReferenceException: Object reference not set to an instance of an object
  at Unity.XR.Oculus.OculusLoader.AssetPathToAbsolutePath (System.String assetPath) [0x0003d] in .\Library\PackageCache\com.unity.xr.oculus@4.2.0\Runtime\OculusLoader.cs:298 
  at Unity.XR.Oculus.OculusLoader.EditorLoadOVRPlugin () [0x0008c] in .\Library\PackageCache\com.unity.xr.oculus@4.2.0\Runtime\OculusLoader.cs:283 
  at (wrapper managed-to-native) System.Reflection.RuntimeMethodInfo.InternalInvoke(System.Reflection.RuntimeMethodInfo,object,object[],System.Exception&)
  at System.Reflection.RuntimeMethodInfo.Invoke (System.Object obj, System.Reflection.BindingFlags invokeAttr, System.Reflection.Binder binder, System.Object[] parameters, System.Globalization.CultureInfo culture) [0x0006a] in <51fded79cd284d4d911c5949aff4cb21>:0 
   --- End of inner exception stack trace ---
  at System.Reflection.RuntimeMethodInfo.Invoke (System.Object obj, System.Reflection.BindingFlags invokeAttr, System.Reflection.Binder binder, System.Object[] parameters, System.Globalization.CultureInfo culture) [0x00083] in <51fded79cd284d4d911c5949aff4cb21>:0 
  at System.Reflection.MethodBase.Invoke (System.Object obj, System.Object[] parameters) [0x00000] in <51fded79cd284d4d911c5949aff4cb21>:0 
  at UnityEditor.EditorAssemblies.ProcessInitializeOnLoadMethodAttributes () [0x000a5] in <2201ab87e660427c974282df3bb3cf36>:0 
UnityEngine.StackTraceUtility:ExtractStackTrace ()
UnityEngine.DebugLogHandler:LogFormat (UnityEngine.LogType,UnityEngine.Object,string,object[])
UnityEngine.Logger:Log (UnityEngine.LogType,object)
UnityEngine.Debug:LogError (object)
UnityEditor.EditorAssemblies:ProcessInitializeOnLoadMethodAttributes ()

Mono: successfully reloaded assembly
[Package Manager] Server::EnsureServerProcessIsRunning -- launch failed, reason: Unity was launched with the -noUpm command-line argument
[Package Manager] UpmClient::Send -- Unable to send message (not connected to UPM process).
[Package Manager] Cannot connect to Unity Package Manager local server
- Finished resetting the current domain, in  0.957 seconds
Domain Reload Profiling: 1404ms
	BeginReloadAssembly (163ms)
		ExecutionOrderSort (0ms)
		DisableScriptedObjects (5ms)
		BackupInstance (0ms)
		ReleaseScriptingObjects (0ms)
		CreateAndSetChildDomain (31ms)
	RebuildCommonClasses (29ms)
	RebuildNativeTypeToScriptingClass (10ms)
	initialDomainReloadingComplete (27ms)
	LoadAllAssembliesAndSetupDomain (217ms)
		LoadAssemblies (287ms)
		RebuildTransferFunctionScriptingTraits (0ms)
		AnalyzeDomain (21ms)
			TypeCache.Refresh (5ms)
				TypeCache.ScanAssembly (0ms)
			ScanForSourceGeneratedMonoScriptInfo (0ms)
			ResolveRequiredComponents (15ms)
	FinalizeReload (957ms)
		ReleaseScriptCaches (0ms)
		RebuildScriptCaches (0ms)
		SetupLoadedEditorAssemblies (571ms)
			LogAssemblyErrors (0ms)
			InitializePlatformSupportModulesInManaged (29ms)
			SetLoadedEditorAssemblies (5ms)
			RefreshPlugins (0ms)
			BeforeProcessingInitializeOnLoad (94ms)
			ProcessInitializeOnLoadAttributes (395ms)
			ProcessInitializeOnLoadMethodAttributes (34ms)
			AfterProcessingInitializeOnLoad (12ms)
			EditorAssembliesLoaded (0ms)
		ExecutionOrderSort2 (0ms)
		AwakeInstancesAfterBackupRestoration (9ms)
Shader 'Meta/MRUK/Scene/HighlightsAndShadows': fallback shader 'Off' not found
Shader 'Oculus/OVRMRCameraFrameLit': fallback shader 'Alpha-Diffuse' not found
Refreshing native plugins compatible for Editor in 15.36 ms, found 10 plugins.
Preloading 3 native plugins for Editor in 0.22 ms.
Unloading 3064 Unused Serialized files (Serialized files now loaded: 0)
Unloading 52 unused Assets / (463.0 KB). Loaded Objects now: 3681.
Memory consumption went from 145.4 MB to 144.9 MB.
Total: 6.574400 ms (FindLiveObjects: 0.307600 ms CreateObjectMapping: 0.291900 ms MarkObjects: 5.507700 ms  DeleteObjects: 0.466100 ms)

Prepare: number of updated asset objects reloaded= 0
AssetImportParameters requested are different than current active one (requested -> active):
  custom:video-decoder-webm-vp8: 9c59270c3fd7afecdb556c50c9e8de78 -> 
  custom:SearchIndexIgnoredProperties: e643bd26f0fe6173181afceb89e7c659 -> 
  custom:container-demuxer-ogg: 62fdf1f143b41e24485cea50d1cbac27 -> 
  custom:AudioImporter_EditorPlatform: d09bf68614088b80899f8185d706f6e7 -> 
  custom:video-codec-MediaFoundation-h265: 746d11721c4dcdbdad8f713fa42b33f4 -> 
  custom:video-decoder-ogg-theora: a1e56fd34408186e4bbccfd4996cb3dc -> 
  custom:framework-win-MediaFoundation: 216162199b28c13a410421893ffa2e32 -> 
  custom:video-encoder-webm-vp8: eb34c28f22e8b96e1ab97ce403110664 -> 
  custom:audio-decoder-ogg-vorbis: bf7c407c2cedff20999df2af8eb42d56 -> 
  custom:CustomObjectIndexerAttribute: 9a22284fe3817be447336de3de66b15e -> 
  custom:container-demuxer-webm: 4f35f7cbe854078d1ac9338744f61a02 -> 
  custom:audio-encoder-webm-vorbis: bf7c407c2cedff20999df2af8eb42d56 -> 
  custom:container-muxer-webm: aa71ff27fc2769a1b78a27578f13a17b -> 
========================================================================
Received Prepare
Begin MonoManager ReloadAssembly
Symbol file LoadedFromMemory is not a mono symbol file
- Loaded All Assemblies, in  0.453 seconds
Refreshing native plugins compatible for Editor in 15.10 ms, found 10 plugins.
Native extension for UWP target not found
Native extension for WindowsStandalone target not found
Native extension for Android target not found
Native extension for WebGL target not found
[Package Manager] Server::EnsureServerProcessIsRunning -- launch failed, reason: Unity was launched with the -noUpm command-line argument
[Package Manager] UpmClient::Send -- Unable to send message (not connected to UPM process).
[Package Manager] Cannot connect to Unity Package Manager local server
[Package Manager] Server::EnsureServerProcessIsRunning -- launch failed, reason: Unity was launched with the -noUpm command-line argument
[Package Manager] UpmClient::Send -- Unable to send message (not connected to UPM process).
[Package Manager] Cannot connect to Unity Package Manager local server
[Synthetic Environments] got match start synth_env_server.exe Bedroom
UnityEngine.StackTraceUtility:ExtractStackTrace ()
UnityEngine.DebugLogHandler:LogFormat (UnityEngine.LogType,UnityEngine.Object,string,object[])
UnityEngine.Logger:Log (UnityEngine.LogType,object)
UnityEngine.Debug:Log (object)
Meta.XR.Simulator.Utils:ReportInfo (string,string) (at ./Library/PackageCache/com.meta.xr.simulator@74.0.0/Editor/Utils.cs:165)
Meta.XR.Simulator.Editor.SyntheticEnvironments.Installer:ParseSynthEnvScript (string) (at ./Library/PackageCache/com.meta.xr.simulator@74.0.0/Editor/SyntheticEnvironments/Installer.cs:98)
Meta.XR.Simulator.Editor.SyntheticEnvironments.Installer:BuildSyntheticEnvironments () (at ./Library/PackageCache/com.meta.xr.simulator@74.0.0/Editor/SyntheticEnvironments/Installer.cs:76)
Meta.XR.Simulator.Editor.SyntheticEnvironments.Registry:RegisterSyntheticEnvironments () (at ./Library/PackageCache/com.meta.xr.simulator@74.0.0/Editor/SyntheticEnvironments/Registry.cs:97)
Meta.XR.Simulator.Editor.SyntheticEnvironments.Registry:.cctor () (at ./Library/PackageCache/com.meta.xr.simulator@74.0.0/Editor/SyntheticEnvironments/Registry.cs:87)
System.Runtime.CompilerServices.RuntimeHelpers:RunClassConstructor (System.RuntimeTypeHandle)
UnityEditor.EditorAssemblies:ProcessInitializeOnLoadAttributes (System.Type[])

(Filename: ./Library/PackageCache/com.meta.xr.simulator@74.0.0/Editor/Utils.cs Line: 165)

[Synthetic Environments] got match start synth_env_server.exe GameRoom
UnityEngine.StackTraceUtility:ExtractStackTrace ()
UnityEngine.DebugLogHandler:LogFormat (UnityEngine.LogType,UnityEngine.Object,string,object[])
UnityEngine.Logger:Log (UnityEngine.LogType,object)
UnityEngine.Debug:Log (object)
Meta.XR.Simulator.Utils:ReportInfo (string,string) (at ./Library/PackageCache/com.meta.xr.simulator@74.0.0/Editor/Utils.cs:165)
Meta.XR.Simulator.Editor.SyntheticEnvironments.Installer:ParseSynthEnvScript (string) (at ./Library/PackageCache/com.meta.xr.simulator@74.0.0/Editor/SyntheticEnvironments/Installer.cs:98)
Meta.XR.Simulator.Editor.SyntheticEnvironments.Installer:BuildSyntheticEnvironments () (at ./Library/PackageCache/com.meta.xr.simulator@74.0.0/Editor/SyntheticEnvironments/Installer.cs:76)
Meta.XR.Simulator.Editor.SyntheticEnvironments.Registry:RegisterSyntheticEnvironments () (at ./Library/PackageCache/com.meta.xr.simulator@74.0.0/Editor/SyntheticEnvironments/Registry.cs:97)
Meta.XR.Simulator.Editor.SyntheticEnvironments.Registry:.cctor () (at ./Library/PackageCache/com.meta.xr.simulator@74.0.0/Editor/SyntheticEnvironments/Registry.cs:87)
System.Runtime.CompilerServices.RuntimeHelpers:RunClassConstructor (System.RuntimeTypeHandle)
UnityEditor.EditorAssemblies:ProcessInitializeOnLoadAttributes (System.Type[])

(Filename: ./Library/PackageCache/com.meta.xr.simulator@74.0.0/Editor/Utils.cs Line: 165)

[Synthetic Environments] got match start synth_env_server.exe LivingRoom
UnityEngine.StackTraceUtility:ExtractStackTrace ()
UnityEngine.DebugLogHandler:LogFormat (UnityEngine.LogType,UnityEngine.Object,string,object[])
UnityEngine.Logger:Log (UnityEngine.LogType,object)
UnityEngine.Debug:Log (object)
Meta.XR.Simulator.Utils:ReportInfo (string,string) (at ./Library/PackageCache/com.meta.xr.simulator@74.0.0/Editor/Utils.cs:165)
Meta.XR.Simulator.Editor.SyntheticEnvironments.Installer:ParseSynthEnvScript (string) (at ./Library/PackageCache/com.meta.xr.simulator@74.0.0/Editor/SyntheticEnvironments/Installer.cs:98)
Meta.XR.Simulator.Editor.SyntheticEnvironments.Installer:BuildSyntheticEnvironments () (at ./Library/PackageCache/com.meta.xr.simulator@74.0.0/Editor/SyntheticEnvironments/Installer.cs:76)
Meta.XR.Simulator.Editor.SyntheticEnvironments.Registry:RegisterSyntheticEnvironments () (at ./Library/PackageCache/com.meta.xr.simulator@74.0.0/Editor/SyntheticEnvironments/Registry.cs:97)
Meta.XR.Simulator.Editor.SyntheticEnvironments.Registry:.cctor () (at ./Library/PackageCache/com.meta.xr.simulator@74.0.0/Editor/SyntheticEnvironments/Registry.cs:87)
System.Runtime.CompilerServices.RuntimeHelpers:RunClassConstructor (System.RuntimeTypeHandle)
UnityEditor.EditorAssemblies:ProcessInitializeOnLoadAttributes (System.Type[])

(Filename: ./Library/PackageCache/com.meta.xr.simulator@74.0.0/Editor/Utils.cs Line: 165)

[Synthetic Environments] got match start synth_env_server_extra_rooms.exe XRoom2_3
UnityEngine.StackTraceUtility:ExtractStackTrace ()
UnityEngine.DebugLogHandler:LogFormat (UnityEngine.LogType,UnityEngine.Object,string,object[])
UnityEngine.Logger:Log (UnityEngine.LogType,object)
UnityEngine.Debug:Log (object)
Meta.XR.Simulator.Utils:ReportInfo (string,string) (at ./Library/PackageCache/com.meta.xr.simulator@74.0.0/Editor/Utils.cs:165)
Meta.XR.Simulator.Editor.SyntheticEnvironments.Installer:ParseSynthEnvScript (string) (at ./Library/PackageCache/com.meta.xr.simulator@74.0.0/Editor/SyntheticEnvironments/Installer.cs:98)
Meta.XR.Simulator.Editor.SyntheticEnvironments.Installer:BuildSyntheticEnvironments () (at ./Library/PackageCache/com.meta.xr.simulator@74.0.0/Editor/SyntheticEnvironments/Installer.cs:76)
Meta.XR.Simulator.Editor.SyntheticEnvironments.Registry:RegisterSyntheticEnvironments () (at ./Library/PackageCache/com.meta.xr.simulator@74.0.0/Editor/SyntheticEnvironments/Registry.cs:97)
Meta.XR.Simulator.Editor.SyntheticEnvironments.Registry:.cctor () (at ./Library/PackageCache/com.meta.xr.simulator@74.0.0/Editor/SyntheticEnvironments/Registry.cs:87)
System.Runtime.CompilerServices.RuntimeHelpers:RunClassConstructor (System.RuntimeTypeHandle)
UnityEditor.EditorAssemblies:ProcessInitializeOnLoadAttributes (System.Type[])

(Filename: ./Library/PackageCache/com.meta.xr.simulator@74.0.0/Editor/Utils.cs Line: 165)

[Synthetic Environments] got match start synth_env_server_extra_rooms.exe XRoom2_4
UnityEngine.StackTraceUtility:ExtractStackTrace ()
UnityEngine.DebugLogHandler:LogFormat (UnityEngine.LogType,UnityEngine.Object,string,object[])
UnityEngine.Logger:Log (UnityEngine.LogType,object)
UnityEngine.Debug:Log (object)
Meta.XR.Simulator.Utils:ReportInfo (string,string) (at ./Library/PackageCache/com.meta.xr.simulator@74.0.0/Editor/Utils.cs:165)
Meta.XR.Simulator.Editor.SyntheticEnvironments.Installer:ParseSynthEnvScript (string) (at ./Library/PackageCache/com.meta.xr.simulator@74.0.0/Editor/SyntheticEnvironments/Installer.cs:98)
Meta.XR.Simulator.Editor.SyntheticEnvironments.Installer:BuildSyntheticEnvironments () (at ./Library/PackageCache/com.meta.xr.simulator@74.0.0/Editor/SyntheticEnvironments/Installer.cs:76)
Meta.XR.Simulator.Editor.SyntheticEnvironments.Registry:RegisterSyntheticEnvironments () (at ./Library/PackageCache/com.meta.xr.simulator@74.0.0/Editor/SyntheticEnvironments/Registry.cs:97)
Meta.XR.Simulator.Editor.SyntheticEnvironments.Registry:.cctor () (at ./Library/PackageCache/com.meta.xr.simulator@74.0.0/Editor/SyntheticEnvironments/Registry.cs:87)
System.Runtime.CompilerServices.RuntimeHelpers:RunClassConstructor (System.RuntimeTypeHandle)
UnityEditor.EditorAssemblies:ProcessInitializeOnLoadAttributes (System.Type[])

(Filename: ./Library/PackageCache/com.meta.xr.simulator@74.0.0/Editor/Utils.cs Line: 165)

[Synthetic Environments] got match start synth_env_server_extra_rooms.exe XRoom5_6
UnityEngine.StackTraceUtility:ExtractStackTrace ()
UnityEngine.DebugLogHandler:LogFormat (UnityEngine.LogType,UnityEngine.Object,string,object[])
UnityEngine.Logger:Log (UnityEngine.LogType,object)
UnityEngine.Debug:Log (object)
Meta.XR.Simulator.Utils:ReportInfo (string,string) (at ./Library/PackageCache/com.meta.xr.simulator@74.0.0/Editor/Utils.cs:165)
Meta.XR.Simulator.Editor.SyntheticEnvironments.Installer:ParseSynthEnvScript (string) (at ./Library/PackageCache/com.meta.xr.simulator@74.0.0/Editor/SyntheticEnvironments/Installer.cs:98)
Meta.XR.Simulator.Editor.SyntheticEnvironments.Installer:BuildSyntheticEnvironments () (at ./Library/PackageCache/com.meta.xr.simulator@74.0.0/Editor/SyntheticEnvironments/Installer.cs:76)
Meta.XR.Simulator.Editor.SyntheticEnvironments.Registry:RegisterSyntheticEnvironments () (at ./Library/PackageCache/com.meta.xr.simulator@74.0.0/Editor/SyntheticEnvironments/Registry.cs:97)
Meta.XR.Simulator.Editor.SyntheticEnvironments.Registry:.cctor () (at ./Library/PackageCache/com.meta.xr.simulator@74.0.0/Editor/SyntheticEnvironments/Registry.cs:87)
System.Runtime.CompilerServices.RuntimeHelpers:RunClassConstructor (System.RuntimeTypeHandle)
UnityEditor.EditorAssemblies:ProcessInitializeOnLoadAttributes (System.Type[])

(Filename: ./Library/PackageCache/com.meta.xr.simulator@74.0.0/Editor/Utils.cs Line: 165)

[Synthetic Environments] got match start synth_env_server_extra_rooms.exe XRoom5_1
UnityEngine.StackTraceUtility:ExtractStackTrace ()
UnityEngine.DebugLogHandler:LogFormat (UnityEngine.LogType,UnityEngine.Object,string,object[])
UnityEngine.Logger:Log (UnityEngine.LogType,object)
UnityEngine.Debug:Log (object)
Meta.XR.Simulator.Utils:ReportInfo (string,string) (at ./Library/PackageCache/com.meta.xr.simulator@74.0.0/Editor/Utils.cs:165)
Meta.XR.Simulator.Editor.SyntheticEnvironments.Installer:ParseSynthEnvScript (string) (at ./Library/PackageCache/com.meta.xr.simulator@74.0.0/Editor/SyntheticEnvironments/Installer.cs:98)
Meta.XR.Simulator.Editor.SyntheticEnvironments.Installer:BuildSyntheticEnvironments () (at ./Library/PackageCache/com.meta.xr.simulator@74.0.0/Editor/SyntheticEnvironments/Installer.cs:76)
Meta.XR.Simulator.Editor.SyntheticEnvironments.Registry:RegisterSyntheticEnvironments () (at ./Library/PackageCache/com.meta.xr.simulator@74.0.0/Editor/SyntheticEnvironments/Registry.cs:97)
Meta.XR.Simulator.Editor.SyntheticEnvironments.Registry:.cctor () (at ./Library/PackageCache/com.meta.xr.simulator@74.0.0/Editor/SyntheticEnvironments/Registry.cs:87)
System.Runtime.CompilerServices.RuntimeHelpers:RunClassConstructor (System.RuntimeTypeHandle)
UnityEditor.EditorAssemblies:ProcessInitializeOnLoadAttributes (System.Type[])

(Filename: ./Library/PackageCache/com.meta.xr.simulator@74.0.0/Editor/Utils.cs Line: 165)

[Synthetic Environments] got match start synth_env_server_extra_rooms.exe XRoom3_1
UnityEngine.StackTraceUtility:ExtractStackTrace ()
UnityEngine.DebugLogHandler:LogFormat (UnityEngine.LogType,UnityEngine.Object,string,object[])
UnityEngine.Logger:Log (UnityEngine.LogType,object)
UnityEngine.Debug:Log (object)
Meta.XR.Simulator.Utils:ReportInfo (string,string) (at ./Library/PackageCache/com.meta.xr.simulator@74.0.0/Editor/Utils.cs:165)
Meta.XR.Simulator.Editor.SyntheticEnvironments.Installer:ParseSynthEnvScript (string) (at ./Library/PackageCache/com.meta.xr.simulator@74.0.0/Editor/SyntheticEnvironments/Installer.cs:98)
Meta.XR.Simulator.Editor.SyntheticEnvironments.Installer:BuildSyntheticEnvironments () (at ./Library/PackageCache/com.meta.xr.simulator@74.0.0/Editor/SyntheticEnvironments/Installer.cs:76)
Meta.XR.Simulator.Editor.SyntheticEnvironments.Registry:RegisterSyntheticEnvironments () (at ./Library/PackageCache/com.meta.xr.simulator@74.0.0/Editor/SyntheticEnvironments/Registry.cs:97)
Meta.XR.Simulator.Editor.SyntheticEnvironments.Registry:.cctor () (at ./Library/PackageCache/com.meta.xr.simulator@74.0.0/Editor/SyntheticEnvironments/Registry.cs:87)
System.Runtime.CompilerServices.RuntimeHelpers:RunClassConstructor (System.RuntimeTypeHandle)
UnityEditor.EditorAssemblies:ProcessInitializeOnLoadAttributes (System.Type[])

(Filename: ./Library/PackageCache/com.meta.xr.simulator@74.0.0/Editor/Utils.cs Line: 165)

[Synthetic Environments] got match start synth_env_server_extra_rooms.exe XRoom1_2
UnityEngine.StackTraceUtility:ExtractStackTrace ()
UnityEngine.DebugLogHandler:LogFormat (UnityEngine.LogType,UnityEngine.Object,string,object[])
UnityEngine.Logger:Log (UnityEngine.LogType,object)
UnityEngine.Debug:Log (object)
Meta.XR.Simulator.Utils:ReportInfo (string,string) (at ./Library/PackageCache/com.meta.xr.simulator@74.0.0/Editor/Utils.cs:165)
Meta.XR.Simulator.Editor.SyntheticEnvironments.Installer:ParseSynthEnvScript (string) (at ./Library/PackageCache/com.meta.xr.simulator@74.0.0/Editor/SyntheticEnvironments/Installer.cs:98)
Meta.XR.Simulator.Editor.SyntheticEnvironments.Installer:BuildSyntheticEnvironments () (at ./Library/PackageCache/com.meta.xr.simulator@74.0.0/Editor/SyntheticEnvironments/Installer.cs:76)
Meta.XR.Simulator.Editor.SyntheticEnvironments.Registry:RegisterSyntheticEnvironments () (at ./Library/PackageCache/com.meta.xr.simulator@74.0.0/Editor/SyntheticEnvironments/Registry.cs:97)
Meta.XR.Simulator.Editor.SyntheticEnvironments.Registry:.cctor () (at ./Library/PackageCache/com.meta.xr.simulator@74.0.0/Editor/SyntheticEnvironments/Registry.cs:87)
System.Runtime.CompilerServices.RuntimeHelpers:RunClassConstructor (System.RuntimeTypeHandle)
UnityEditor.EditorAssemblies:ProcessInitializeOnLoadAttributes (System.Type[])

(Filename: ./Library/PackageCache/com.meta.xr.simulator@74.0.0/Editor/Utils.cs Line: 165)

[Synthetic Environments] got match start synth_env_server_extra_rooms.exe XRoom1_1
UnityEngine.StackTraceUtility:ExtractStackTrace ()
UnityEngine.DebugLogHandler:LogFormat (UnityEngine.LogType,UnityEngine.Object,string,object[])
UnityEngine.Logger:Log (UnityEngine.LogType,object)
UnityEngine.Debug:Log (object)
Meta.XR.Simulator.Utils:ReportInfo (string,string) (at ./Library/PackageCache/com.meta.xr.simulator@74.0.0/Editor/Utils.cs:165)
Meta.XR.Simulator.Editor.SyntheticEnvironments.Installer:ParseSynthEnvScript (string) (at ./Library/PackageCache/com.meta.xr.simulator@74.0.0/Editor/SyntheticEnvironments/Installer.cs:98)
Meta.XR.Simulator.Editor.SyntheticEnvironments.Installer:BuildSyntheticEnvironments () (at ./Library/PackageCache/com.meta.xr.simulator@74.0.0/Editor/SyntheticEnvironments/Installer.cs:76)
Meta.XR.Simulator.Editor.SyntheticEnvironments.Registry:RegisterSyntheticEnvironments () (at ./Library/PackageCache/com.meta.xr.simulator@74.0.0/Editor/SyntheticEnvironments/Registry.cs:97)
Meta.XR.Simulator.Editor.SyntheticEnvironments.Registry:.cctor () (at ./Library/PackageCache/com.meta.xr.simulator@74.0.0/Editor/SyntheticEnvironments/Registry.cs:87)
System.Runtime.CompilerServices.RuntimeHelpers:RunClassConstructor (System.RuntimeTypeHandle)
UnityEditor.EditorAssemblies:ProcessInitializeOnLoadAttributes (System.Type[])

(Filename: ./Library/PackageCache/com.meta.xr.simulator@74.0.0/Editor/Utils.cs Line: 165)

[Synthetic Environments] got match start synth_env_server_extra_rooms.exe XRoom1_4
UnityEngine.StackTraceUtility:ExtractStackTrace ()
UnityEngine.DebugLogHandler:LogFormat (UnityEngine.LogType,UnityEngine.Object,string,object[])
UnityEngine.Logger:Log (UnityEngine.LogType,object)
UnityEngine.Debug:Log (object)
Meta.XR.Simulator.Utils:ReportInfo (string,string) (at ./Library/PackageCache/com.meta.xr.simulator@74.0.0/Editor/Utils.cs:165)
Meta.XR.Simulator.Editor.SyntheticEnvironments.Installer:ParseSynthEnvScript (string) (at ./Library/PackageCache/com.meta.xr.simulator@74.0.0/Editor/SyntheticEnvironments/Installer.cs:98)
Meta.XR.Simulator.Editor.SyntheticEnvironments.Installer:BuildSyntheticEnvironments () (at ./Library/PackageCache/com.meta.xr.simulator@74.0.0/Editor/SyntheticEnvironments/Installer.cs:76)
Meta.XR.Simulator.Editor.SyntheticEnvironments.Registry:RegisterSyntheticEnvironments () (at ./Library/PackageCache/com.meta.xr.simulator@74.0.0/Editor/SyntheticEnvironments/Registry.cs:97)
Meta.XR.Simulator.Editor.SyntheticEnvironments.Registry:.cctor () (at ./Library/PackageCache/com.meta.xr.simulator@74.0.0/Editor/SyntheticEnvironments/Registry.cs:87)
System.Runtime.CompilerServices.RuntimeHelpers:RunClassConstructor (System.RuntimeTypeHandle)
UnityEditor.EditorAssemblies:ProcessInitializeOnLoadAttributes (System.Type[])

(Filename: ./Library/PackageCache/com.meta.xr.simulator@74.0.0/Editor/Utils.cs Line: 165)

[Package Manager] Server::EnsureServerProcessIsRunning -- launch failed, reason: Unity was launched with the -noUpm command-line argument
[Package Manager] UpmClient::Send -- Unable to send message (not connected to UPM process).
[Package Manager] Cannot connect to Unity Package Manager local server
System.Reflection.TargetInvocationException: Exception has been thrown by the target of an invocation. ---> System.NullReferenceException: Object reference not set to an instance of an object
  at Unity.XR.Oculus.OculusLoader.AssetPathToAbsolutePath (System.String assetPath) [0x0003d] in .\Library\PackageCache\com.unity.xr.oculus@4.2.0\Runtime\OculusLoader.cs:298 
  at Unity.XR.Oculus.OculusLoader.EditorLoadOVRPlugin () [0x0008c] in .\Library\PackageCache\com.unity.xr.oculus@4.2.0\Runtime\OculusLoader.cs:283 
  at (wrapper managed-to-native) System.Reflection.RuntimeMethodInfo.InternalInvoke(System.Reflection.RuntimeMethodInfo,object,object[],System.Exception&)
  at System.Reflection.RuntimeMethodInfo.Invoke (System.Object obj, System.Reflection.BindingFlags invokeAttr, System.Reflection.Binder binder, System.Object[] parameters, System.Globalization.CultureInfo culture) [0x0006a] in <51fded79cd284d4d911c5949aff4cb21>:0 
   --- End of inner exception stack trace ---
  at System.Reflection.RuntimeMethodInfo.Invoke (System.Object obj, System.Reflection.BindingFlags invokeAttr, System.Reflection.Binder binder, System.Object[] parameters, System.Globalization.CultureInfo culture) [0x00083] in <51fded79cd284d4d911c5949aff4cb21>:0 
  at System.Reflection.MethodBase.Invoke (System.Object obj, System.Object[] parameters) [0x00000] in <51fded79cd284d4d911c5949aff4cb21>:0 
  at UnityEditor.EditorAssemblies.ProcessInitializeOnLoadMethodAttributes () [0x000a5] in <2201ab87e660427c974282df3bb3cf36>:0 
UnityEngine.StackTraceUtility:ExtractStackTrace ()
UnityEngine.DebugLogHandler:LogFormat (UnityEngine.LogType,UnityEngine.Object,string,object[])
UnityEngine.Logger:Log (UnityEngine.LogType,object)
UnityEngine.Debug:LogError (object)
UnityEditor.EditorAssemblies:ProcessInitializeOnLoadMethodAttributes ()

Mono: successfully reloaded assembly
[Package Manager] Server::EnsureServerProcessIsRunning -- launch failed, reason: Unity was launched with the -noUpm command-line argument
[Package Manager] UpmClient::Send -- Unable to send message (not connected to UPM process).
[Package Manager] Cannot connect to Unity Package Manager local server
- Finished resetting the current domain, in  0.910 seconds
Domain Reload Profiling: 1355ms
	BeginReloadAssembly (167ms)
		ExecutionOrderSort (0ms)
		DisableScriptedObjects (5ms)
		BackupInstance (0ms)
		ReleaseScriptingObjects (0ms)
		CreateAndSetChildDomain (36ms)
	RebuildCommonClasses (37ms)
	RebuildNativeTypeToScriptingClass (10ms)
	initialDomainReloadingComplete (27ms)
	LoadAllAssembliesAndSetupDomain (204ms)
		LoadAssemblies (277ms)
		RebuildTransferFunctionScriptingTraits (0ms)
		AnalyzeDomain (20ms)
			TypeCache.Refresh (5ms)
				TypeCache.ScanAssembly (0ms)
			ScanForSourceGeneratedMonoScriptInfo (0ms)
			ResolveRequiredComponents (15ms)
	FinalizeReload (910ms)
		ReleaseScriptCaches (0ms)
		RebuildScriptCaches (0ms)
		SetupLoadedEditorAssemblies (553ms)
			LogAssemblyErrors (0ms)
			InitializePlatformSupportModulesInManaged (30ms)
			SetLoadedEditorAssemblies (4ms)
			RefreshPlugins (0ms)
			BeforeProcessingInitializeOnLoad (90ms)
			ProcessInitializeOnLoadAttributes (382ms)
			ProcessInitializeOnLoadMethodAttributes (36ms)
			AfterProcessingInitializeOnLoad (10ms)
			EditorAssembliesLoaded (0ms)
		ExecutionOrderSort2 (0ms)
		AwakeInstancesAfterBackupRestoration (7ms)
Shader 'Meta/MRUK/Scene/HighlightsAndShadows': fallback shader 'Off' not found
Shader 'Oculus/OVRMRCameraFrameLit': fallback shader 'Alpha-Diffuse' not found
Refreshing native plugins compatible for Editor in 14.50 ms, found 10 plugins.
Preloading 3 native plugins for Editor in 0.21 ms.
Unloading 3064 Unused Serialized files (Serialized files now loaded: 0)
Unloading 52 unused Assets / (463.0 KB). Loaded Objects now: 3682.
Memory consumption went from 145.4 MB to 144.9 MB.
Total: 5.528800 ms (FindLiveObjects: 0.240500 ms CreateObjectMapping: 0.168500 ms MarkObjects: 4.874500 ms  DeleteObjects: 0.244500 ms)

Prepare: number of updated asset objects reloaded= 0
AssetImportParameters requested are different than current active one (requested -> active):
  custom:video-decoder-webm-vp8: 9c59270c3fd7afecdb556c50c9e8de78 -> 
  custom:SearchIndexIgnoredProperties: e643bd26f0fe6173181afceb89e7c659 -> 
  custom:container-demuxer-ogg: 62fdf1f143b41e24485cea50d1cbac27 -> 
  custom:AudioImporter_EditorPlatform: d09bf68614088b80899f8185d706f6e7 -> 
  custom:video-codec-MediaFoundation-h265: 746d11721c4dcdbdad8f713fa42b33f4 -> 
  custom:video-decoder-ogg-theora: a1e56fd34408186e4bbccfd4996cb3dc -> 
  custom:framework-win-MediaFoundation: 216162199b28c13a410421893ffa2e32 -> 
  custom:video-encoder-webm-vp8: eb34c28f22e8b96e1ab97ce403110664 -> 
  custom:audio-decoder-ogg-vorbis: bf7c407c2cedff20999df2af8eb42d56 -> 
  custom:CustomObjectIndexerAttribute: 9a22284fe3817be447336de3de66b15e -> 
  custom:container-demuxer-webm: 4f35f7cbe854078d1ac9338744f61a02 -> 
  custom:audio-encoder-webm-vorbis: bf7c407c2cedff20999df2af8eb42d56 -> 
  custom:container-muxer-webm: aa71ff27fc2769a1b78a27578f13a17b -> 
========================================================================
Received Import Request.
  Time since last request: 401.145854 seconds.
  path: Assets/PBS Materials Variety Pack/Wooden Boards/Textures/NiceDust.png
  artifactKey: Guid(aed1d69bbe159a445a40fb1f523730ab) Importer(815301076,1909f56bfc062723c751e8b465ee728b)
Start importing Assets/PBS Materials Variety Pack/Wooden Boards/Textures/NiceDust.png using Guid(aed1d69bbe159a445a40fb1f523730ab) Importer(815301076,1909f56bfc062723c751e8b465ee728b) [PhysX] Initialized MultithreadedTaskDispatcher with 16 workers.
[PhysX] Initialized MultithreadedTaskDispatcher with 16 workers.
 -> (artifact id: '16123b506b118ebd153545b073dc5225') in 0.083724 seconds
Number of updated asset objects reloaded before import = 0
Number of asset objects unloaded after import = 2
========================================================================
Received Import Request.
  Time since last request: 0.013227 seconds.
  path: Assets/PBS Materials Variety Pack/Wooden Boards/Textures/Wooden Boards 1 Normals.png
  artifactKey: Guid(f549913fa3b85034c9750019b108d879) Importer(815301076,1909f56bfc062723c751e8b465ee728b)
Start importing Assets/PBS Materials Variety Pack/Wooden Boards/Textures/Wooden Boards 1 Normals.png using Guid(f549913fa3b85034c9750019b108d879) Importer(815301076,1909f56bfc062723c751e8b465ee728b) [PhysX] Initialized MultithreadedTaskDispatcher with 16 workers.
[PhysX] Initialized MultithreadedTaskDispatcher with 16 workers.
 -> (artifact id: '6aadd7ce5b5adeb2e0cd9b283c4becdc') in 0.070155 seconds
Number of updated asset objects reloaded before import = 0
Number of asset objects unloaded after import = 2
========================================================================
Received Import Request.
  Time since last request: 0.033565 seconds.
  path: Assets/PBS Materials Variety Pack/Wooden Boards/Textures/Wooden Boards 3.png
  artifactKey: Guid(4faef43dbe8000c4eb1a7c458a305038) Importer(815301076,1909f56bfc062723c751e8b465ee728b)
Start importing Assets/PBS Materials Variety Pack/Wooden Boards/Textures/Wooden Boards 3.png using Guid(4faef43dbe8000c4eb1a7c458a305038) Importer(815301076,1909f56bfc062723c751e8b465ee728b) [PhysX] Initialized MultithreadedTaskDispatcher with 16 workers.
[PhysX] Initialized MultithreadedTaskDispatcher with 16 workers.
 -> (artifact id: '757550282e024701ec77b5526b09720e') in 0.065704 seconds
Number of updated asset objects reloaded before import = 0
Number of asset objects unloaded after import = 2
========================================================================
Received Import Request.
  Time since last request: 0.000024 seconds.
  path: Assets/PBS Materials Variety Pack/Wooden Boards/Textures/Wooden Boards 3 Displacement.png
  artifactKey: Guid(06b92af601f6f49419db0f7ad8c4770f) Importer(815301076,1909f56bfc062723c751e8b465ee728b)
Start importing Assets/PBS Materials Variety Pack/Wooden Boards/Textures/Wooden Boards 3 Displacement.png using Guid(06b92af601f6f49419db0f7ad8c4770f) Importer(815301076,1909f56bfc062723c751e8b465ee728b) [PhysX] Initialized MultithreadedTaskDispatcher with 16 workers.
[PhysX] Initialized MultithreadedTaskDispatcher with 16 workers.
 -> (artifact id: 'f0bf84b93dd49506863554cd6d184ed7') in 0.061008 seconds
Number of updated asset objects reloaded before import = 0
Number of asset objects unloaded after import = 2
========================================================================
Received Import Request.
  Time since last request: 0.000018 seconds.
  path: Assets/PBS Materials Variety Pack/Wooden Boards/Textures/Wooden Boards 1 Occlusion.png
  artifactKey: Guid(7aeea13d4822e434e98f710288260ca5) Importer(815301076,1909f56bfc062723c751e8b465ee728b)
Start importing Assets/PBS Materials Variety Pack/Wooden Boards/Textures/Wooden Boards 1 Occlusion.png using Guid(7aeea13d4822e434e98f710288260ca5) Importer(815301076,1909f56bfc062723c751e8b465ee728b) [PhysX] Initialized MultithreadedTaskDispatcher with 16 workers.
[PhysX] Initialized MultithreadedTaskDispatcher with 16 workers.
 -> (artifact id: 'ff54b89f302ae43296ab2a75963f2b9f') in 0.044681 seconds
Number of updated asset objects reloaded before import = 0
Number of asset objects unloaded after import = 2
========================================================================
Received Import Request.
  Time since last request: 1.016444 seconds.
  path: Assets/PBS Materials Variety Pack/Wooden Boards/Wooden Boards 1.mat
  artifactKey: Guid(d3f56289d53da0747863e6419f9e0a90) Importer(815301076,1909f56bfc062723c751e8b465ee728b)
Start importing Assets/PBS Materials Variety Pack/Wooden Boards/Wooden Boards 1.mat using Guid(d3f56289d53da0747863e6419f9e0a90) Importer(815301076,1909f56bfc062723c751e8b465ee728b) [PhysX] Initialized MultithreadedTaskDispatcher with 16 workers.
[PhysX] Initialized MultithreadedTaskDispatcher with 16 workers.
 -> (artifact id: '2c6f4cdb196eebf68b18cc80c33b01aa') in 0.226353 seconds
Number of updated asset objects reloaded before import = 0
Number of asset objects unloaded after import = 5
Editor requested this worker to shutdown with reason: Scaling down because of idle timeout
TcpMessagingSession - receive error: operation aborted. errorcode: 995, details: The I/O operation has been aborted because of either a thread exit or an application request.
AssetImportWorker is now disconnected from the server
Process exiting
Exiting without the bug reporter. Application will terminate with return code 0