Using pre-set license
Built from '2022.3/staging' branch; Version is '2022.3.36f1 (95a4219250e5) revision 9806881'; Using compiler version '192829333'; Build Type 'Release'
OS: 'Windows 11  (10.0.22631) 64bit Enterprise' Language: 'en' Physical Memory: 32678 MB
BatchMode: 1, IsHumanControllingUs: 0, StartBugReporterOnCrash: 0, Is64bit: 1, IsPro: 1

COMMAND LINE ARGUMENTS:
C:\Program Files\Unity\Hub\Editor\2022.3.36f1\Editor\Unity.exe
-adb2
-batchMode
-noUpm
-name
AssetImportWorker5
-projectPath
C:/Users/806395/OneDrive - hull.ac.uk/Quest3_MRLabs
-logFile
Logs/AssetImportWorker5.log
-srvPort
58185
Successfully changed project path to: C:/Users/806395/OneDrive - hull.ac.uk/Quest3_MRLabs
C:/Users/806395/OneDrive - hull.ac.uk/Quest3_MRLabs
[UnityMemory] Configuration Parameters - Can be set up in boot.config
    "memorysetup-bucket-allocator-granularity=16"
    "memorysetup-bucket-allocator-bucket-count=8"
    "memorysetup-bucket-allocator-block-size=33554432"
    "memorysetup-bucket-allocator-block-count=8"
    "memorysetup-main-allocator-block-size=16777216"
    "memorysetup-thread-allocator-block-size=16777216"
    "memorysetup-gfx-main-allocator-block-size=16777216"
    "memorysetup-gfx-thread-allocator-block-size=16777216"
    "memorysetup-cache-allocator-block-size=4194304"
    "memorysetup-typetree-allocator-block-size=2097152"
    "memorysetup-profiler-bucket-allocator-granularity=16"
    "memorysetup-profiler-bucket-allocator-bucket-count=8"
    "memorysetup-profiler-bucket-allocator-block-size=33554432"
    "memorysetup-profiler-bucket-allocator-block-count=8"
    "memorysetup-profiler-allocator-block-size=16777216"
    "memorysetup-profiler-editor-allocator-block-size=1048576"
    "memorysetup-temp-allocator-size-main=16777216"
    "memorysetup-job-temp-allocator-block-size=2097152"
    "memorysetup-job-temp-allocator-block-size-background=1048576"
    "memorysetup-job-temp-allocator-reduction-small-platforms=262144"
    "memorysetup-allocator-temp-initial-block-size-main=262144"
    "memorysetup-allocator-temp-initial-block-size-worker=262144"
    "memorysetup-temp-allocator-size-background-worker=32768"
    "memorysetup-temp-allocator-size-job-worker=262144"
    "memorysetup-temp-allocator-size-preload-manager=33554432"
    "memorysetup-temp-allocator-size-nav-mesh-worker=65536"
    "memorysetup-temp-allocator-size-audio-worker=65536"
    "memorysetup-temp-allocator-size-cloud-worker=32768"
    "memorysetup-temp-allocator-size-gi-baking-worker=262144"
    "memorysetup-temp-allocator-size-gfx=262144"
Player connection [19724] Host "[IP] 10.140.9.127 [Port] 0 [Flags] 2 [Guid] 1052553694 [EditorId] 1052553694 [Version] 1048832 [Id] WindowsEditor(7,RB-335-09) [Debug] 1 [PackageName] WindowsEditor [ProjectName] Editor" joined multi-casting on [225.0.0.222:54997]...

Player connection [19724] Host "[IP] 10.140.9.127 [Port] 0 [Flags] 2 [Guid] 1052553694 [EditorId] 1052553694 [Version] 1048832 [Id] WindowsEditor(7,RB-335-09) [Debug] 1 [PackageName] WindowsEditor [ProjectName] Editor" joined alternative multi-casting on [225.0.0.222:34997]...

[PhysX] Initialized MultithreadedTaskDispatcher with 16 workers.
Refreshing native plugins compatible for Editor in 434.85 ms, found 10 plugins.
Unity memory allocator detected: MetaXRAudio native memory allocations will be tracked.
Preloading 3 native plugins for Editor in 4.99 ms.
Initialize engine version: 2022.3.36f1 (95a4219250e5)
[Subsystems] Discovering subsystems at path C:/Program Files/Unity/Hub/Editor/2022.3.36f1/Editor/Data/Resources/UnitySubsystems
[Subsystems] Discovering subsystems at path C:/Users/806395/OneDrive - hull.ac.uk/Quest3_MRLabs/Assets
GfxDevice: creating device client; threaded=0; jobified=0
Direct3D:
    Version:  Direct3D 11.0 [level 11.1]
    Renderer: NVIDIA GeForce RTX 3070 (ID=0x2484)
    Vendor:   NVIDIA
    VRAM:     8018 MB
    Driver:   32.0.15.5612
Shader 'Meta/MRUK/Scene/HighlightsAndShadows': fallback shader 'Off' not found
Shader 'Oculus/OVRMRCameraFrameLit': fallback shader 'Alpha-Diffuse' not found
Initialize mono
Mono path[0] = 'C:/Program Files/Unity/Hub/Editor/2022.3.36f1/Editor/Data/Managed'
Mono path[1] = 'C:/Program Files/Unity/Hub/Editor/2022.3.36f1/Editor/Data/MonoBleedingEdge/lib/mono/unityjit-win32'
Mono config path = 'C:/Program Files/Unity/Hub/Editor/2022.3.36f1/Editor/Data/MonoBleedingEdge/etc'
Using monoOptions --debugger-agent=transport=dt_socket,embedding=1,server=y,suspend=n,address=127.0.0.1:56400
Begin MonoManager ReloadAssembly
Registering precompiled unity dll's ...
Register platform support module: C:/Program Files/Unity/Hub/Editor/2022.3.36f1/Editor/Data/PlaybackEngines/WebGLSupport/UnityEditor.WebGL.Extensions.dll
Register platform support module: C:/Program Files/Unity/Hub/Editor/2022.3.36f1/Editor/Data/PlaybackEngines/AndroidPlayer/UnityEditor.Android.Extensions.dll
Register platform support module: C:/Program Files/Unity/Hub/Editor/2022.3.36f1/Editor/Data/PlaybackEngines/WindowsStandaloneSupport/UnityEditor.WindowsStandalone.Extensions.dll
Register platform support module: C:/Program Files/Unity/Hub/Editor/2022.3.36f1/Editor/Data/PlaybackEngines/MetroSupport/UnityEditor.UWP.Extensions.dll
Registered in 0.019548 seconds.
- Loaded All Assemblies, in  0.356 seconds
Native extension for UWP target not found
Native extension for WindowsStandalone target not found
Native extension for Android target not found
Android Extension - Scanning For ADB Devices 582 ms
Native extension for WebGL target not found
Mono: successfully reloaded assembly
- Finished resetting the current domain, in  0.907 seconds
Domain Reload Profiling: 1259ms
	BeginReloadAssembly (105ms)
		ExecutionOrderSort (0ms)
		DisableScriptedObjects (0ms)
		BackupInstance (0ms)
		ReleaseScriptingObjects (0ms)
		CreateAndSetChildDomain (1ms)
	RebuildCommonClasses (31ms)
	RebuildNativeTypeToScriptingClass (9ms)
	initialDomainReloadingComplete (68ms)
	LoadAllAssembliesAndSetupDomain (139ms)
		LoadAssemblies (103ms)
		RebuildTransferFunctionScriptingTraits (0ms)
		AnalyzeDomain (136ms)
			TypeCache.Refresh (134ms)
				TypeCache.ScanAssembly (121ms)
			ScanForSourceGeneratedMonoScriptInfo (0ms)
			ResolveRequiredComponents (1ms)
	FinalizeReload (907ms)
		ReleaseScriptCaches (0ms)
		RebuildScriptCaches (0ms)
		SetupLoadedEditorAssemblies (855ms)
			LogAssemblyErrors (0ms)
			InitializePlatformSupportModulesInManaged (700ms)
			SetLoadedEditorAssemblies (3ms)
			RefreshPlugins (0ms)
			BeforeProcessingInitializeOnLoad (2ms)
			ProcessInitializeOnLoadAttributes (100ms)
			ProcessInitializeOnLoadMethodAttributes (50ms)
			AfterProcessingInitializeOnLoad (0ms)
			EditorAssembliesLoaded (0ms)
		ExecutionOrderSort2 (0ms)
		AwakeInstancesAfterBackupRestoration (0ms)
========================================================================
Worker process is ready to serve import requests
Begin MonoManager ReloadAssembly
Symbol file LoadedFromMemory is not a mono symbol file
- Loaded All Assemblies, in  0.574 seconds
Refreshing native plugins compatible for Editor in 24.98 ms, found 10 plugins.
Native extension for UWP target not found
Native extension for WindowsStandalone target not found
Native extension for Android target not found
Native extension for WebGL target not found
Package Manager log level set to [2]
[Package Manager] Server::EnsureServerProcessIsRunning -- launch failed, reason: Unity was launched with the -noUpm command-line argument
[Package Manager] UpmClient::Send -- Unable to send message (not connected to UPM process).
[Package Manager] Cannot connect to Unity Package Manager local server
[Package Manager] Server::EnsureServerProcessIsRunning -- launch failed, reason: Unity was launched with the -noUpm command-line argument
[Package Manager] UpmClient::Send -- Unable to send message (not connected to UPM process).
[Package Manager] Cannot connect to Unity Package Manager local server
[Package Manager] Server::EnsureServerProcessIsRunning -- launch failed, reason: Unity was launched with the -noUpm command-line argument
[Package Manager] UpmClient::Send -- Unable to send message (not connected to UPM process).
[Package Manager] Cannot connect to Unity Package Manager local server
System.Reflection.TargetInvocationException: Exception has been thrown by the target of an invocation. ---> System.NullReferenceException: Object reference not set to an instance of an object
  at Unity.XR.Oculus.OculusLoader.AssetPathToAbsolutePath (System.String assetPath) [0x0003d] in .\Library\PackageCache\com.unity.xr.oculus@4.2.0\Runtime\OculusLoader.cs:298 
  at Unity.XR.Oculus.OculusLoader.EditorLoadOVRPlugin () [0x0008c] in .\Library\PackageCache\com.unity.xr.oculus@4.2.0\Runtime\OculusLoader.cs:283 
  at (wrapper managed-to-native) System.Reflection.RuntimeMethodInfo.InternalInvoke(System.Reflection.RuntimeMethodInfo,object,object[],System.Exception&)
  at System.Reflection.RuntimeMethodInfo.Invoke (System.Object obj, System.Reflection.BindingFlags invokeAttr, System.Reflection.Binder binder, System.Object[] parameters, System.Globalization.CultureInfo culture) [0x0006a] in <51fded79cd284d4d911c5949aff4cb21>:0 
   --- End of inner exception stack trace ---
  at System.Reflection.RuntimeMethodInfo.Invoke (System.Object obj, System.Reflection.BindingFlags invokeAttr, System.Reflection.Binder binder, System.Object[] parameters, System.Globalization.CultureInfo culture) [0x00083] in <51fded79cd284d4d911c5949aff4cb21>:0 
  at System.Reflection.MethodBase.Invoke (System.Object obj, System.Object[] parameters) [0x00000] in <51fded79cd284d4d911c5949aff4cb21>:0 
  at UnityEditor.EditorAssemblies.ProcessInitializeOnLoadMethodAttributes () [0x000a5] in <2201ab87e660427c974282df3bb3cf36>:0 
UnityEngine.StackTraceUtility:ExtractStackTrace ()
UnityEngine.DebugLogHandler:LogFormat (UnityEngine.LogType,UnityEngine.Object,string,object[])
UnityEngine.Logger:Log (UnityEngine.LogType,object)
UnityEngine.Debug:LogError (object)
UnityEditor.EditorAssemblies:ProcessInitializeOnLoadMethodAttributes ()

Mono: successfully reloaded assembly
[Package Manager] Server::EnsureServerProcessIsRunning -- launch failed, reason: Unity was launched with the -noUpm command-line argument
[Package Manager] UpmClient::Send -- Unable to send message (not connected to UPM process).
[Package Manager] Cannot connect to Unity Package Manager local server
[Package Manager] Server::EnsureServerProcessIsRunning -- launch failed, reason: Unity was launched with the -noUpm command-line argument
[Package Manager] UpmClient::Send -- Unable to send message (not connected to UPM process).
[Package Manager] Cannot connect to Unity Package Manager local server
- Finished resetting the current domain, in  0.828 seconds
Domain Reload Profiling: 1392ms
	BeginReloadAssembly (139ms)
		ExecutionOrderSort (0ms)
		DisableScriptedObjects (5ms)
		BackupInstance (0ms)
		ReleaseScriptingObjects (0ms)
		CreateAndSetChildDomain (20ms)
	RebuildCommonClasses (29ms)
	RebuildNativeTypeToScriptingClass (9ms)
	initialDomainReloadingComplete (38ms)
	LoadAllAssembliesAndSetupDomain (348ms)
		LoadAssemblies (309ms)
		RebuildTransferFunctionScriptingTraits (0ms)
		AnalyzeDomain (123ms)
			TypeCache.Refresh (85ms)
				TypeCache.ScanAssembly (69ms)
			ScanForSourceGeneratedMonoScriptInfo (25ms)
			ResolveRequiredComponents (13ms)
	FinalizeReload (828ms)
		ReleaseScriptCaches (0ms)
		RebuildScriptCaches (0ms)
		SetupLoadedEditorAssemblies (644ms)
			LogAssemblyErrors (0ms)
			InitializePlatformSupportModulesInManaged (29ms)
			SetLoadedEditorAssemblies (6ms)
			RefreshPlugins (0ms)
			BeforeProcessingInitializeOnLoad (91ms)
			ProcessInitializeOnLoadAttributes (469ms)
			ProcessInitializeOnLoadMethodAttributes (40ms)
			AfterProcessingInitializeOnLoad (10ms)
			EditorAssembliesLoaded (0ms)
		ExecutionOrderSort2 (0ms)
		AwakeInstancesAfterBackupRestoration (6ms)
Shader 'Oculus/OVRMRCameraFrameLit': fallback shader 'Alpha-Diffuse' not found
Shader 'Meta/MRUK/Scene/HighlightsAndShadows': fallback shader 'Off' not found
Launched and connected shader compiler UnityShaderCompiler.exe after 0.05 seconds
Refreshing native plugins compatible for Editor in 25.09 ms, found 10 plugins.
Preloading 3 native plugins for Editor in 0.33 ms.
Unloading 3166 Unused Serialized files (Serialized files now loaded: 0)
Unloading 62 unused Assets / (482.6 KB). Loaded Objects now: 3593.
Memory consumption went from 166.8 MB to 166.3 MB.
Total: 7.208500 ms (FindLiveObjects: 0.397700 ms CreateObjectMapping: 0.335700 ms MarkObjects: 6.086000 ms  DeleteObjects: 0.387600 ms)

AssetImportParameters requested are different than current active one (requested -> active):
  custom:video-decoder-webm-vp8: 9c59270c3fd7afecdb556c50c9e8de78 -> 
  custom:SearchIndexIgnoredProperties: e643bd26f0fe6173181afceb89e7c659 -> 
  custom:container-demuxer-ogg: 62fdf1f143b41e24485cea50d1cbac27 -> 
  custom:AudioImporter_EditorPlatform: d09bf68614088b80899f8185d706f6e7 -> 
  custom:video-codec-MediaFoundation-h265: 746d11721c4dcdbdad8f713fa42b33f4 -> 
  custom:video-decoder-ogg-theora: a1e56fd34408186e4bbccfd4996cb3dc -> 
  custom:framework-win-MediaFoundation: 216162199b28c13a410421893ffa2e32 -> 
  custom:video-encoder-webm-vp8: eb34c28f22e8b96e1ab97ce403110664 -> 
  custom:audio-decoder-ogg-vorbis: bf7c407c2cedff20999df2af8eb42d56 -> 
  custom:CustomObjectIndexerAttribute: 9a22284fe3817be447336de3de66b15e -> 
  custom:container-demuxer-webm: 4f35f7cbe854078d1ac9338744f61a02 -> 
  custom:audio-encoder-webm-vorbis: bf7c407c2cedff20999df2af8eb42d56 -> 
  custom:container-muxer-webm: aa71ff27fc2769a1b78a27578f13a17b -> 
========================================================================
Received Import Request.
  Time since last request: 1248770.310665 seconds.
  path: Packages/com.meta.xr.sdk.core/Editor/BuildingBlocks/BlockData/Cube/Prefabs/[BB] Cube.prefab
  artifactKey: Guid(845877e307255424b85c741e6e94e919) Importer(815301076,1909f56bfc062723c751e8b465ee728b)
Start importing Packages/com.meta.xr.sdk.core/Editor/BuildingBlocks/BlockData/Cube/Prefabs/[BB] Cube.prefab using Guid(845877e307255424b85c741e6e94e919) Importer(815301076,1909f56bfc062723c751e8b465ee728b) [PhysX] Initialized MultithreadedTaskDispatcher with 16 workers.
[PhysX] Initialized MultithreadedTaskDispatcher with 16 workers.
 -> (artifact id: '6b63ead9ca3eb56e7f1513a5dae8b69a') in 0.285942 seconds
Number of updated asset objects reloaded before import = 0
Number of asset objects unloaded after import = 8
========================================================================
Received Import Request.
  Time since last request: 0.000029 seconds.
  path: Packages/com.meta.xr.sdk.interaction.ovr/Editor/Blocks/Interactions/Prefabs/[BB] Interactions.prefab
  artifactKey: Guid(7652d8eea2e03a44d9bf9fa63eed745b) Importer(815301076,1909f56bfc062723c751e8b465ee728b)
Start importing Packages/com.meta.xr.sdk.interaction.ovr/Editor/Blocks/Interactions/Prefabs/[BB] Interactions.prefab using Guid(7652d8eea2e03a44d9bf9fa63eed745b) Importer(815301076,1909f56bfc062723c751e8b465ee728b) [PhysX] Initialized MultithreadedTaskDispatcher with 16 workers.
 -> (artifact id: 'c6ef1216815d575067205d117d564622') in 0.004062 seconds
Number of updated asset objects reloaded before import = 0
Number of asset objects unloaded after import = 12
========================================================================
Received Import Request.
  Time since last request: 0.000022 seconds.
  path: Packages/com.meta.xr.mrutilitykit/Core/Prefabs/[Obsolete] PTRLSceneVolume.prefab
  artifactKey: Guid(2e349e5699dd0ff408ca3b221a6c369e) Importer(815301076,1909f56bfc062723c751e8b465ee728b)
Start importing Packages/com.meta.xr.mrutilitykit/Core/Prefabs/[Obsolete] PTRLSceneVolume.prefab using Guid(2e349e5699dd0ff408ca3b221a6c369e) Importer(815301076,1909f56bfc062723c751e8b465ee728b) [PhysX] Initialized MultithreadedTaskDispatcher with 16 workers.
[PhysX] Initialized MultithreadedTaskDispatcher with 16 workers.
 -> (artifact id: 'ac9146ea92d63c9bc3573cf314960b14') in 0.099708 seconds
Number of updated asset objects reloaded before import = 0
Number of asset objects unloaded after import = 13
========================================================================
Received Import Request.
  Time since last request: 0.000017 seconds.
  path: Packages/com.meta.xr.sdk.core/Scripts/BuildingBlocks/MultiplayerBlocks/Shared/Colocation/ColocationPackage/Prefabs/AnchorDebugVisual.prefab
  artifactKey: Guid(d675ca738ca229f41a80c9105cacfb75) Importer(815301076,1909f56bfc062723c751e8b465ee728b)
Start importing Packages/com.meta.xr.sdk.core/Scripts/BuildingBlocks/MultiplayerBlocks/Shared/Colocation/ColocationPackage/Prefabs/AnchorDebugVisual.prefab using Guid(d675ca738ca229f41a80c9105cacfb75) Importer(815301076,1909f56bfc062723c751e8b465ee728b) [PhysX] Initialized MultithreadedTaskDispatcher with 16 workers.
[PhysX] Initialized MultithreadedTaskDispatcher with 16 workers.
 -> (artifact id: '22a86de3079db7378b428fb855fa6901') in 0.056858 seconds
Number of updated asset objects reloaded before import = 0
Number of asset objects unloaded after import = 19
========================================================================
Received Import Request.
  Time since last request: 0.000017 seconds.
  path: Packages/com.meta.xr.sdk.interaction/Runtime/Sample/Objects/Environment/BasicGrabInfoFrames.prefab
  artifactKey: Guid(5239d13158998b148b3e5a0c1de7c054) Importer(815301076,1909f56bfc062723c751e8b465ee728b)
Start importing Packages/com.meta.xr.sdk.interaction/Runtime/Sample/Objects/Environment/BasicGrabInfoFrames.prefab using Guid(5239d13158998b148b3e5a0c1de7c054) Importer(815301076,1909f56bfc062723c751e8b465ee728b) [PhysX] Initialized MultithreadedTaskDispatcher with 16 workers.
[PhysX] Initialized MultithreadedTaskDispatcher with 16 workers.
 -> (artifact id: 'ceb74f83c8dee44820ccb382951f72d7') in 0.165700 seconds
Number of updated asset objects reloaded before import = 0
Number of asset objects unloaded after import = 173
========================================================================
Received Import Request.
  Time since last request: 0.000019 seconds.
  path: Packages/com.meta.xr.mrutilitykit/Core/Rooms/Prefabs/Bedroom/Bedroom06.prefab
  artifactKey: Guid(3aaa7f66d6713834ca31af8c3d9bebda) Importer(815301076,1909f56bfc062723c751e8b465ee728b)
Start importing Packages/com.meta.xr.mrutilitykit/Core/Rooms/Prefabs/Bedroom/Bedroom06.prefab using Guid(3aaa7f66d6713834ca31af8c3d9bebda) Importer(815301076,1909f56bfc062723c751e8b465ee728b) [PhysX] Initialized MultithreadedTaskDispatcher with 16 workers.
[PhysX] Initialized MultithreadedTaskDispatcher with 16 workers.
 -> (artifact id: '83383faebb9b2f1f4bbb557ae6b55009') in 0.195998 seconds
Number of updated asset objects reloaded before import = 0
Number of asset objects unloaded after import = 65
========================================================================
Received Import Request.
  Time since last request: 0.000024 seconds.
  path: Packages/com.meta.xr.sdk.interaction/Runtime/Prefabs/Body/Body.prefab
  artifactKey: Guid(70fbb28682c6d554a8a8e495be5a36a5) Importer(815301076,1909f56bfc062723c751e8b465ee728b)
Start importing Packages/com.meta.xr.sdk.interaction/Runtime/Prefabs/Body/Body.prefab using Guid(70fbb28682c6d554a8a8e495be5a36a5) Importer(815301076,1909f56bfc062723c751e8b465ee728b) [PhysX] Initialized MultithreadedTaskDispatcher with 16 workers.
 -> (artifact id: 'a8b45ac38e2fc3d50b852c8de967cdf9') in 0.002742 seconds
Number of updated asset objects reloaded before import = 0
Number of asset objects unloaded after import = 5
========================================================================
Received Import Request.
  Time since last request: 0.000014 seconds.
  path: Packages/com.meta.xr.sdk.interaction/Runtime/Sample/Audio/Prefabs/BodyCaptureTimerTick.prefab
  artifactKey: Guid(b925b5b4ed2d8bb438d0a5ff67765183) Importer(815301076,1909f56bfc062723c751e8b465ee728b)
Start importing Packages/com.meta.xr.sdk.interaction/Runtime/Sample/Audio/Prefabs/BodyCaptureTimerTick.prefab using Guid(b925b5b4ed2d8bb438d0a5ff67765183) Importer(815301076,1909f56bfc062723c751e8b465ee728b) [PhysX] Initialized MultithreadedTaskDispatcher with 16 workers.
 -> (artifact id: 'e65d14a0ddea936bde0821f14b2499d9') in 0.017413 seconds
Number of updated asset objects reloaded before import = 0
Number of asset objects unloaded after import = 7
========================================================================
Received Import Request.
  Time since last request: 0.000013 seconds.
  path: Packages/com.meta.xr.sdk.interaction.ovr/Runtime/Sample/Prefabs/Body/Capturer.prefab
  artifactKey: Guid(e20b02c0f391cb6469a5b29a3e67dd38) Importer(815301076,1909f56bfc062723c751e8b465ee728b)
Start importing Packages/com.meta.xr.sdk.interaction.ovr/Runtime/Sample/Prefabs/Body/Capturer.prefab using Guid(e20b02c0f391cb6469a5b29a3e67dd38) Importer(815301076,1909f56bfc062723c751e8b465ee728b) [PhysX] Initialized MultithreadedTaskDispatcher with 16 workers.
[PhysX] Initialized MultithreadedTaskDispatcher with 16 workers.
 -> (artifact id: '5496b44dab66a981c32a4556ba8c8735') in 0.623331 seconds
Number of updated asset objects reloaded before import = 0
Number of asset objects unloaded after import = 1023
========================================================================
Received Import Request.
  Time since last request: 0.000022 seconds.
  path: Packages/com.meta.xr.sdk.core/Editor/BuildingBlocks/BlockData/MultiplayerBlocks/NGO/AutoMatchmaking/Prefabs/AutoMatchmakingNGO.prefab
  artifactKey: Guid(bb884e2082b168c44a08de53bc92717d) Importer(815301076,1909f56bfc062723c751e8b465ee728b)
Start importing Packages/com.meta.xr.sdk.core/Editor/BuildingBlocks/BlockData/MultiplayerBlocks/NGO/AutoMatchmaking/Prefabs/AutoMatchmakingNGO.prefab using Guid(bb884e2082b168c44a08de53bc92717d) Importer(815301076,1909f56bfc062723c751e8b465ee728b) [PhysX] Initialized MultithreadedTaskDispatcher with 16 workers.
 -> (artifact id: '4e67b35cd38a9194cc628dfe567140c9') in 0.002478 seconds
Number of updated asset objects reloaded before import = 0
Number of asset objects unloaded after import = 5
========================================================================
Received Import Request.
  Time since last request: 0.000021 seconds.
  path: Packages/com.meta.xr.sdk.interaction/Runtime/Sample/Audio/Prefabs/BasicPokeButtonReleaseAudio.prefab
  artifactKey: Guid(347797637f5237c40b239ea44fef63f1) Importer(815301076,1909f56bfc062723c751e8b465ee728b)
Start importing Packages/com.meta.xr.sdk.interaction/Runtime/Sample/Audio/Prefabs/BasicPokeButtonReleaseAudio.prefab using Guid(347797637f5237c40b239ea44fef63f1) Importer(815301076,1909f56bfc062723c751e8b465ee728b) [PhysX] Initialized MultithreadedTaskDispatcher with 16 workers.
 -> (artifact id: '401b9afb366856c95ef6a77f7253e138') in 0.003826 seconds
Number of updated asset objects reloaded before import = 0
Number of asset objects unloaded after import = 7
========================================================================
Received Import Request.
  Time since last request: 0.000020 seconds.
  path: Packages/com.meta.xr.sdk.interaction/Runtime/Sample/Objects/Props/BigStone/BigStone.prefab
  artifactKey: Guid(9c2d282813c94144c99c645bfff6bf63) Importer(815301076,1909f56bfc062723c751e8b465ee728b)
Start importing Packages/com.meta.xr.sdk.interaction/Runtime/Sample/Objects/Props/BigStone/BigStone.prefab using Guid(9c2d282813c94144c99c645bfff6bf63) Importer(815301076,1909f56bfc062723c751e8b465ee728b) [PhysX] Initialized MultithreadedTaskDispatcher with 16 workers.
[PhysX] Initialized MultithreadedTaskDispatcher with 16 workers.
 -> (artifact id: 'bf402beb829467ee451da2ffc0f128c1') in 0.130970 seconds
Number of updated asset objects reloaded before import = 0
Number of asset objects unloaded after import = 75
========================================================================
Received Import Request.
  Time since last request: 0.000016 seconds.
  path: Packages/com.meta.xr.mrutilitykit/Core/Rooms/Prefabs/Bedroom/Bedroom03.prefab
  artifactKey: Guid(989283c9dcb36a24aac11a601001dce0) Importer(815301076,1909f56bfc062723c751e8b465ee728b)
Start importing Packages/com.meta.xr.mrutilitykit/Core/Rooms/Prefabs/Bedroom/Bedroom03.prefab using Guid(989283c9dcb36a24aac11a601001dce0) Importer(815301076,1909f56bfc062723c751e8b465ee728b) [PhysX] Initialized MultithreadedTaskDispatcher with 16 workers.
[PhysX] Initialized MultithreadedTaskDispatcher with 16 workers.
 -> (artifact id: '9d078deaf3883d2d91cb621909a4b528') in 0.044934 seconds
Number of updated asset objects reloaded before import = 0
Number of asset objects unloaded after import = 66
========================================================================
Received Import Request.
  Time since last request: 0.000018 seconds.
  path: Packages/com.meta.xr.sdk.interaction/Runtime/Sample/Audio/Prefabs/ComplexGrabBoxReleaseAudio.prefab
  artifactKey: Guid(942501ee80499174ab7ba1ca4e8de385) Importer(815301076,1909f56bfc062723c751e8b465ee728b)
Start importing Packages/com.meta.xr.sdk.interaction/Runtime/Sample/Audio/Prefabs/ComplexGrabBoxReleaseAudio.prefab using Guid(942501ee80499174ab7ba1ca4e8de385) Importer(815301076,1909f56bfc062723c751e8b465ee728b) [PhysX] Initialized MultithreadedTaskDispatcher with 16 workers.
 -> (artifact id: '964f4ae6c0790d59758be0aac3096693') in 0.008984 seconds
Number of updated asset objects reloaded before import = 0
Number of asset objects unloaded after import = 11
========================================================================
Received Import Request.
  Time since last request: 0.000014 seconds.
  path: Packages/com.meta.xr.sdk.interaction.ovr/Runtime/Sample/Objects/Environment/BasicPoseExamples.prefab
  artifactKey: Guid(a823fe55a7107c04abd21f4ede9425b3) Importer(815301076,1909f56bfc062723c751e8b465ee728b)
Start importing Packages/com.meta.xr.sdk.interaction.ovr/Runtime/Sample/Objects/Environment/BasicPoseExamples.prefab using Guid(a823fe55a7107c04abd21f4ede9425b3) Importer(815301076,1909f56bfc062723c751e8b465ee728b) [PhysX] Initialized MultithreadedTaskDispatcher with 16 workers.
[PhysX] Initialized MultithreadedTaskDispatcher with 16 workers.
 -> (artifact id: '33d6d27ab1ed4f62c2fb82c008e1743b') in 0.044976 seconds
Number of updated asset objects reloaded before import = 0
Number of asset objects unloaded after import = 1226
========================================================================
Received Import Request.
  Time since last request: 0.000019 seconds.
  path: Packages/com.meta.xr.sdk.core/Editor/BuildingBlocks/BlockData/MultiplayerBlocks/PhotonFusion/AutoMatchmaking/Prefabs/AutoMatchmakingFusion.prefab
  artifactKey: Guid(ba1bb1b05204b024787843fb15faa209) Importer(815301076,1909f56bfc062723c751e8b465ee728b)
Start importing Packages/com.meta.xr.sdk.core/Editor/BuildingBlocks/BlockData/MultiplayerBlocks/PhotonFusion/AutoMatchmaking/Prefabs/AutoMatchmakingFusion.prefab using Guid(ba1bb1b05204b024787843fb15faa209) Importer(815301076,1909f56bfc062723c751e8b465ee728b) [PhysX] Initialized MultithreadedTaskDispatcher with 16 workers.
 -> (artifact id: '55721e38275f4e223db5e9ac78c1f497') in 0.002215 seconds
Number of updated asset objects reloaded before import = 0
Number of asset objects unloaded after import = 6
========================================================================
Received Import Request.
  Time since last request: 0.000022 seconds.
  path: Packages/com.meta.xr.sdk.interaction/Runtime/Sample/Audio/Prefabs/ComplexGrabBoxGrabAudio.prefab
  artifactKey: Guid(9f8e29d6fbcbb794484aa4c50e40e313) Importer(815301076,1909f56bfc062723c751e8b465ee728b)
Start importing Packages/com.meta.xr.sdk.interaction/Runtime/Sample/Audio/Prefabs/ComplexGrabBoxGrabAudio.prefab using Guid(9f8e29d6fbcbb794484aa4c50e40e313) Importer(815301076,1909f56bfc062723c751e8b465ee728b) [PhysX] Initialized MultithreadedTaskDispatcher with 16 workers.
 -> (artifact id: '43e84f0423500feadc59a4e91d57e3d6') in 0.087124 seconds
Number of updated asset objects reloaded before import = 0
Number of asset objects unloaded after import = 11
========================================================================
Received Import Request.
  Time since last request: 0.000014 seconds.
  path: Packages/com.meta.xr.sdk.core/Scripts/BuildingBlocks/MultiplayerBlocks/Shared/Colocation/ColocationPackage/Prefabs/AutomaticAnchorAlignmentManager.prefab
  artifactKey: Guid(abeeb38e1aa36da4b8742547e5c1aa24) Importer(815301076,1909f56bfc062723c751e8b465ee728b)
Start importing Packages/com.meta.xr.sdk.core/Scripts/BuildingBlocks/MultiplayerBlocks/Shared/Colocation/ColocationPackage/Prefabs/AutomaticAnchorAlignmentManager.prefab using Guid(abeeb38e1aa36da4b8742547e5c1aa24) Importer(815301076,1909f56bfc062723c751e8b465ee728b) [PhysX] Initialized MultithreadedTaskDispatcher with 16 workers.
 -> (artifact id: 'c10788ba1bae785822619a35b362ba91') in 0.002402 seconds
Number of updated asset objects reloaded before import = 0
Number of asset objects unloaded after import = 5
========================================================================
Received Import Request.
  Time since last request: 0.000015 seconds.
  path: Packages/com.meta.xr.sdk.core/Editor/BuildingBlocks/BlockData/MultiplayerBlocks/PhotonFusion/CustomMatchmaking/Prefabs/CustomMatchmakingFusion.prefab
  artifactKey: Guid(815206b582c85594cb64bb91f9c42c3a) Importer(815301076,1909f56bfc062723c751e8b465ee728b)
Start importing Packages/com.meta.xr.sdk.core/Editor/BuildingBlocks/BlockData/MultiplayerBlocks/PhotonFusion/CustomMatchmaking/Prefabs/CustomMatchmakingFusion.prefab using Guid(815206b582c85594cb64bb91f9c42c3a) Importer(815301076,1909f56bfc062723c751e8b465ee728b) [PhysX] Initialized MultithreadedTaskDispatcher with 16 workers.
 -> (artifact id: '3f9e712b004355e1b861c87d14b023f0') in 0.003071 seconds
Number of updated asset objects reloaded before import = 0
Number of asset objects unloaded after import = 6
========================================================================
Received Import Request.
  Time since last request: 0.000018 seconds.
  path: Packages/com.meta.xr.sdk.core/Scripts/BuildingBlocks/MultiplayerBlocks/Shared/Colocation/ColocationPackage/Prefabs/ColocationDriverLocal.prefab
  artifactKey: Guid(efd22e462908f4273926801f340e39f1) Importer(815301076,1909f56bfc062723c751e8b465ee728b)
Start importing Packages/com.meta.xr.sdk.core/Scripts/BuildingBlocks/MultiplayerBlocks/Shared/Colocation/ColocationPackage/Prefabs/ColocationDriverLocal.prefab using Guid(efd22e462908f4273926801f340e39f1) Importer(815301076,1909f56bfc062723c751e8b465ee728b) [PhysX] Initialized MultithreadedTaskDispatcher with 16 workers.
 -> (artifact id: '082bc5442692e7bce4b010632345533d') in 0.003125 seconds
Number of updated asset objects reloaded before import = 0
Number of asset objects unloaded after import = 21
========================================================================
Received Import Request.
  Time since last request: 0.000014 seconds.
  path: Packages/com.meta.xr.sdk.interaction/Runtime/Prefabs/DistanceHandGrab/ControllerDistanceGrabInteractor.prefab
  artifactKey: Guid(86f711b02960d794b8c4ad0bcbf17527) Importer(815301076,1909f56bfc062723c751e8b465ee728b)
Start importing Packages/com.meta.xr.sdk.interaction/Runtime/Prefabs/DistanceHandGrab/ControllerDistanceGrabInteractor.prefab using Guid(86f711b02960d794b8c4ad0bcbf17527) Importer(815301076,1909f56bfc062723c751e8b465ee728b) [PhysX] Initialized MultithreadedTaskDispatcher with 16 workers.
 -> (artifact id: 'c40228bfcc99179ca403bca81b48eaf1') in 0.004329 seconds
Number of updated asset objects reloaded before import = 0
Number of asset objects unloaded after import = 17
========================================================================
Received Import Request.
  Time since last request: 0.000015 seconds.
  path: Packages/com.meta.xr.sdk.interaction.ovr/Editor/Blocks/SyntheticHands/Prefabs/[BB] Right Hand Synthetic.prefab
  artifactKey: Guid(392af43851d822242be5b1ae72b35b46) Importer(815301076,1909f56bfc062723c751e8b465ee728b)
Start importing Packages/com.meta.xr.sdk.interaction.ovr/Editor/Blocks/SyntheticHands/Prefabs/[BB] Right Hand Synthetic.prefab using Guid(392af43851d822242be5b1ae72b35b46) Importer(815301076,1909f56bfc062723c751e8b465ee728b) [PhysX] Initialized MultithreadedTaskDispatcher with 16 workers.
[PhysX] Initialized MultithreadedTaskDispatcher with 16 workers.
 -> (artifact id: '58bbcb8eb8342b84d13635a7f239c458') in 0.056827 seconds
Number of updated asset objects reloaded before import = 0
Number of asset objects unloaded after import = 460
========================================================================
Received Import Request.
  Time since last request: 0.000017 seconds.
  path: Packages/com.meta.xr.sdk.core/Editor/BuildingBlocks/BlockData/SampleSpatialAnchorController/Prefabs/DemoAnchorPlacementBuildingBlock.prefab
  artifactKey: Guid(d257e772d439e664db46073b17aadedf) Importer(815301076,1909f56bfc062723c751e8b465ee728b)
Start importing Packages/com.meta.xr.sdk.core/Editor/BuildingBlocks/BlockData/SampleSpatialAnchorController/Prefabs/DemoAnchorPlacementBuildingBlock.prefab using Guid(d257e772d439e664db46073b17aadedf) Importer(815301076,1909f56bfc062723c751e8b465ee728b) [PhysX] Initialized MultithreadedTaskDispatcher with 16 workers.
[PhysX] Initialized MultithreadedTaskDispatcher with 16 workers.
 -> (artifact id: '175f6ae88f9ac918b3bc6837564974c5') in 0.077624 seconds
Number of updated asset objects reloaded before import = 0
Number of asset objects unloaded after import = 31
========================================================================
Received Import Request.
  Time since last request: 0.000018 seconds.
  path: Packages/com.meta.xr.sdk.interaction/Runtime/Prefabs/Locomotion/ControllerStep.prefab
  artifactKey: Guid(c9c5b8f9c78238f48a550f7b4c89535d) Importer(815301076,1909f56bfc062723c751e8b465ee728b)
Start importing Packages/com.meta.xr.sdk.interaction/Runtime/Prefabs/Locomotion/ControllerStep.prefab using Guid(c9c5b8f9c78238f48a550f7b4c89535d) Importer(815301076,1909f56bfc062723c751e8b465ee728b) [PhysX] Initialized MultithreadedTaskDispatcher with 16 workers.
 -> (artifact id: 'bca5ef9e23d437c94b9db5259468b480') in 0.003978 seconds
Number of updated asset objects reloaded before import = 0
Number of asset objects unloaded after import = 13
========================================================================
Received Import Request.
  Time since last request: 0.000024 seconds.
  path: Packages/com.meta.xr.mrutilitykit/Core/Rooms/Prefabs/Bedroom/Bedroom00.prefab
  artifactKey: Guid(4b454e8ccd6764ccdbcd91586969863f) Importer(815301076,1909f56bfc062723c751e8b465ee728b)
Start importing Packages/com.meta.xr.mrutilitykit/Core/Rooms/Prefabs/Bedroom/Bedroom00.prefab using Guid(4b454e8ccd6764ccdbcd91586969863f) Importer(815301076,1909f56bfc062723c751e8b465ee728b) [PhysX] Initialized MultithreadedTaskDispatcher with 16 workers.
[PhysX] Initialized MultithreadedTaskDispatcher with 16 workers.
 -> (artifact id: 'b81209ab9d567a4cdcc9983cfbfa9d4f') in 0.031938 seconds
Number of updated asset objects reloaded before import = 0
Number of asset objects unloaded after import = 80
========================================================================
Received Import Request.
  Time since last request: 0.000019 seconds.
  path: Packages/com.meta.xr.sdk.interaction/Runtime/Sample/Audio/Prefabs/ComplexGrabPinGrabAudio.prefab
  artifactKey: Guid(fbdf8ab376bd9ee42869e6f89a00a353) Importer(815301076,1909f56bfc062723c751e8b465ee728b)
Start importing Packages/com.meta.xr.sdk.interaction/Runtime/Sample/Audio/Prefabs/ComplexGrabPinGrabAudio.prefab using Guid(fbdf8ab376bd9ee42869e6f89a00a353) Importer(815301076,1909f56bfc062723c751e8b465ee728b) [PhysX] Initialized MultithreadedTaskDispatcher with 16 workers.
 -> (artifact id: '624140729b01742eafd5c3e0ca57a02b') in 0.009056 seconds
Number of updated asset objects reloaded before import = 0
Number of asset objects unloaded after import = 11
========================================================================
Received Import Request.
  Time since last request: 0.000017 seconds.
  path: Packages/com.meta.xr.sdk.interaction/Runtime/Sample/Audio/Prefabs/BasicPokeCanvasPressAudio.prefab
  artifactKey: Guid(13a74428dd920fd4797387cc4bb18321) Importer(815301076,1909f56bfc062723c751e8b465ee728b)
Start importing Packages/com.meta.xr.sdk.interaction/Runtime/Sample/Audio/Prefabs/BasicPokeCanvasPressAudio.prefab using Guid(13a74428dd920fd4797387cc4bb18321) Importer(815301076,1909f56bfc062723c751e8b465ee728b) [PhysX] Initialized MultithreadedTaskDispatcher with 16 workers.
 -> (artifact id: '25f7df7d28bce56742bad9da3a83211b') in 0.003808 seconds
Number of updated asset objects reloaded before import = 0
Number of asset objects unloaded after import = 7
========================================================================
Received Import Request.
  Time since last request: 0.000015 seconds.
  path: Packages/com.meta.xr.sdk.core/Scripts/BuildingBlocks/MultiplayerBlocks/NGO/NetworkedAvatar/Prefabs/AvatarNGO.prefab
  artifactKey: Guid(bd5e3ddf3efb37e4f81f4d611dd827f3) Importer(815301076,1909f56bfc062723c751e8b465ee728b)
Start importing Packages/com.meta.xr.sdk.core/Scripts/BuildingBlocks/MultiplayerBlocks/NGO/NetworkedAvatar/Prefabs/AvatarNGO.prefab using Guid(bd5e3ddf3efb37e4f81f4d611dd827f3) Importer(815301076,1909f56bfc062723c751e8b465ee728b) [PhysX] Initialized MultithreadedTaskDispatcher with 16 workers.
 -> (artifact id: 'c68175c97c324ec1d380c3d2329438d0') in 0.002304 seconds
Number of updated asset objects reloaded before import = 0
Number of asset objects unloaded after import = 7
========================================================================
Received Import Request.
  Time since last request: 0.000017 seconds.
  path: Packages/com.meta.xr.sdk.interaction/Runtime/Sample/Objects/UISet/Prefabs/ContextMenu/ContextMenu1LineTextOnly.prefab
  artifactKey: Guid(7c4ef00a644a9ed41a7a0248b8444b82) Importer(815301076,1909f56bfc062723c751e8b465ee728b)
Start importing Packages/com.meta.xr.sdk.interaction/Runtime/Sample/Objects/UISet/Prefabs/ContextMenu/ContextMenu1LineTextOnly.prefab using Guid(7c4ef00a644a9ed41a7a0248b8444b82) Importer(815301076,1909f56bfc062723c751e8b465ee728b) [PhysX] Initialized MultithreadedTaskDispatcher with 16 workers.
 -> (artifact id: 'ad54a5310703af16818d1a6965649533') in 0.058279 seconds
Number of updated asset objects reloaded before import = 0
Number of asset objects unloaded after import = 1240
========================================================================
Received Import Request.
  Time since last request: 0.000020 seconds.
  path: Packages/com.meta.xr.sdk.interaction/Runtime/Sample/Audio/Prefabs/BasicRayReleaseAudio.prefab
  artifactKey: Guid(633677e3089b41b40acda7f29811eb9d) Importer(815301076,1909f56bfc062723c751e8b465ee728b)
Start importing Packages/com.meta.xr.sdk.interaction/Runtime/Sample/Audio/Prefabs/BasicRayReleaseAudio.prefab using Guid(633677e3089b41b40acda7f29811eb9d) Importer(815301076,1909f56bfc062723c751e8b465ee728b) [PhysX] Initialized MultithreadedTaskDispatcher with 16 workers.
 -> (artifact id: '2cd513770b73fe01ddfe7671d0eb6c38') in 0.023415 seconds
Number of updated asset objects reloaded before import = 0
Number of asset objects unloaded after import = 7
========================================================================
Received Import Request.
  Time since last request: 0.000017 seconds.
  path: Packages/com.meta.xr.mrutilitykit/Core/Prefabs/[Obsolete] PTRLScenePlane.prefab
  artifactKey: Guid(903042b5ff4c7ae46b45548da7bf0633) Importer(815301076,1909f56bfc062723c751e8b465ee728b)
Start importing Packages/com.meta.xr.mrutilitykit/Core/Prefabs/[Obsolete] PTRLScenePlane.prefab using Guid(903042b5ff4c7ae46b45548da7bf0633) Importer(815301076,1909f56bfc062723c751e8b465ee728b) [PhysX] Initialized MultithreadedTaskDispatcher with 16 workers.
[PhysX] Initialized MultithreadedTaskDispatcher with 16 workers.
 -> (artifact id: 'fd9237790483e0358f79fa94e0376cbd') in 0.017219 seconds
Number of updated asset objects reloaded before import = 0
Number of asset objects unloaded after import = 11
========================================================================
Received Import Request.
  Time since last request: 0.000017 seconds.
  path: Packages/com.meta.xr.mrutilitykit/Core/Rooms/Prefabs/Bedroom/Bedroom05.prefab
  artifactKey: Guid(3f4e666639df10c49acba0a3872e5188) Importer(815301076,1909f56bfc062723c751e8b465ee728b)
Start importing Packages/com.meta.xr.mrutilitykit/Core/Rooms/Prefabs/Bedroom/Bedroom05.prefab using Guid(3f4e666639df10c49acba0a3872e5188) Importer(815301076,1909f56bfc062723c751e8b465ee728b) [PhysX] Initialized MultithreadedTaskDispatcher with 16 workers.
[PhysX] Initialized MultithreadedTaskDispatcher with 16 workers.
 -> (artifact id: '824074234f3fb5132fe8691a5c4978b6') in 0.045166 seconds
Number of updated asset objects reloaded before import = 0
Number of asset objects unloaded after import = 93
========================================================================
Received Import Request.
  Time since last request: 0.000027 seconds.
  path: Packages/com.meta.xr.sdk.interaction/Runtime/Sample/Audio/Prefabs/ComplexGrabBoxOpenClose.prefab
  artifactKey: Guid(18262740e65dbca418778dc8c6c70eff) Importer(815301076,1909f56bfc062723c751e8b465ee728b)
Start importing Packages/com.meta.xr.sdk.interaction/Runtime/Sample/Audio/Prefabs/ComplexGrabBoxOpenClose.prefab using Guid(18262740e65dbca418778dc8c6c70eff) Importer(815301076,1909f56bfc062723c751e8b465ee728b) [PhysX] Initialized MultithreadedTaskDispatcher with 16 workers.
 -> (artifact id: 'b16d5f147eaedc378844dbc7e89e29d4') in 0.126117 seconds
Number of updated asset objects reloaded before import = 0
Number of asset objects unloaded after import = 19
========================================================================
Received Import Request.
  Time since last request: 0.000025 seconds.
  path: Packages/com.meta.xr.mrutilitykit/Tests/PlayMode/Prefabs/Decoration1.prefab
  artifactKey: Guid(85f5e53a938c705408ba49d8c1522476) Importer(815301076,1909f56bfc062723c751e8b465ee728b)
Start importing Packages/com.meta.xr.mrutilitykit/Tests/PlayMode/Prefabs/Decoration1.prefab using Guid(85f5e53a938c705408ba49d8c1522476) Importer(815301076,1909f56bfc062723c751e8b465ee728b) [PhysX] Initialized MultithreadedTaskDispatcher with 16 workers.
[PhysX] Initialized MultithreadedTaskDispatcher with 16 workers.
 -> (artifact id: '33525488d6a10fc6d233abd00163d97f') in 0.059245 seconds
Number of updated asset objects reloaded before import = 0
Number of asset objects unloaded after import = 14
========================================================================
Received Import Request.
  Time since last request: 0.000017 seconds.
  path: Packages/com.meta.xr.sdk.interaction/Runtime/Sample/Objects/Props/BigRedButton/Models/BigRedButton.fbx
  artifactKey: Guid(af70fc3edbd215e438037aab32711dfd) Importer(815301076,1909f56bfc062723c751e8b465ee728b)
Start importing Packages/com.meta.xr.sdk.interaction/Runtime/Sample/Objects/Props/BigRedButton/Models/BigRedButton.fbx using Guid(af70fc3edbd215e438037aab32711dfd) Importer(815301076,1909f56bfc062723c751e8b465ee728b) [PhysX] Initialized MultithreadedTaskDispatcher with 16 workers.
[PhysX] Initialized MultithreadedTaskDispatcher with 16 workers.
[PhysX] Initialized MultithreadedTaskDispatcher with 16 workers.
[PhysX] Initialized MultithreadedTaskDispatcher with 16 workers.
[PhysX] Initialized MultithreadedTaskDispatcher with 16 workers.
[PhysX] Initialized MultithreadedTaskDispatcher with 16 workers.
[PhysX] Initialized MultithreadedTaskDispatcher with 16 workers.
[PhysX] Initialized MultithreadedTaskDispatcher with 16 workers.
 -> (artifact id: '2162ab81e5467afd9e6c9ea48dafa325') in 0.273899 seconds
Number of updated asset objects reloaded before import = 0
Number of asset objects unloaded after import = 27
========================================================================
Received Import Request.
  Time since last request: 0.000028 seconds.
  path: Packages/com.meta.xr.sdk.core/Meshes/OculusTouchForRift/left_touch_controller_model_skel.fbx
  artifactKey: Guid(c3ba18e9fa5e9104098cbdbb3e23a5b4) Importer(815301076,1909f56bfc062723c751e8b465ee728b)
Start importing Packages/com.meta.xr.sdk.core/Meshes/OculusTouchForRift/left_touch_controller_model_skel.fbx using Guid(c3ba18e9fa5e9104098cbdbb3e23a5b4) Importer(815301076,1909f56bfc062723c751e8b465ee728b) [PhysX] Initialized MultithreadedTaskDispatcher with 16 workers.
[PhysX] Initialized MultithreadedTaskDispatcher with 16 workers.
[PhysX] Initialized MultithreadedTaskDispatcher with 16 workers.
[PhysX] Initialized MultithreadedTaskDispatcher with 16 workers.
[PhysX] Initialized MultithreadedTaskDispatcher with 16 workers.
 -> (artifact id: '405dfa47aa489f8363d5c5359d487d15') in 0.087951 seconds
Number of updated asset objects reloaded before import = 0
Number of asset objects unloaded after import = 48
========================================================================
Received Import Request.
  Time since last request: 0.000029 seconds.
  path: Packages/com.meta.xr.sdk.interaction/Runtime/Sample/Objects/Props/MapWithPins/Models/Map.fbx
  artifactKey: Guid(cd73f6b8f40287b4098cc37be5584120) Importer(815301076,1909f56bfc062723c751e8b465ee728b)
Start importing Packages/com.meta.xr.sdk.interaction/Runtime/Sample/Objects/Props/MapWithPins/Models/Map.fbx using Guid(cd73f6b8f40287b4098cc37be5584120) Importer(815301076,1909f56bfc062723c751e8b465ee728b) [PhysX] Initialized MultithreadedTaskDispatcher with 16 workers.
[PhysX] Initialized MultithreadedTaskDispatcher with 16 workers.
[PhysX] Initialized MultithreadedTaskDispatcher with 16 workers.
 -> (artifact id: 'bec21251d2a3ed7ba36d2cf56c6df375') in 0.020938 seconds
Number of updated asset objects reloaded before import = 0
Number of asset objects unloaded after import = 7
========================================================================
Received Import Request.
  Time since last request: 0.000017 seconds.
  path: Packages/com.meta.xr.sdk.interaction/Runtime/Sample/Objects/Props/IconBox/Models/iconBoxMesh.fbx
  artifactKey: Guid(f5ceaf081c5af184cb5b44b9e95931f8) Importer(815301076,1909f56bfc062723c751e8b465ee728b)
Start importing Packages/com.meta.xr.sdk.interaction/Runtime/Sample/Objects/Props/IconBox/Models/iconBoxMesh.fbx using Guid(f5ceaf081c5af184cb5b44b9e95931f8) Importer(815301076,1909f56bfc062723c751e8b465ee728b) [PhysX] Initialized MultithreadedTaskDispatcher with 16 workers.
[PhysX] Initialized MultithreadedTaskDispatcher with 16 workers.
[PhysX] Initialized MultithreadedTaskDispatcher with 16 workers.
[PhysX] Initialized MultithreadedTaskDispatcher with 16 workers.
 -> (artifact id: '89a51ec61afaa0b84563782e6f52c760') in 0.023519 seconds
Number of updated asset objects reloaded before import = 0
Number of asset objects unloaded after import = 8
========================================================================
Received Import Request.
  Time since last request: 0.000021 seconds.
  path: Packages/com.meta.xr.sdk.interaction/Runtime/Sample/Objects/Environment/Locomotion/Models/Meta_LocomotionRoom.fbx
  artifactKey: Guid(37813fb9636706d46b13c24b426e109a) Importer(815301076,1909f56bfc062723c751e8b465ee728b)
Start importing Packages/com.meta.xr.sdk.interaction/Runtime/Sample/Objects/Environment/Locomotion/Models/Meta_LocomotionRoom.fbx using Guid(37813fb9636706d46b13c24b426e109a) Importer(815301076,1909f56bfc062723c751e8b465ee728b) [PhysX] Initialized MultithreadedTaskDispatcher with 16 workers.
[PhysX] Initialized MultithreadedTaskDispatcher with 16 workers.
[PhysX] Initialized MultithreadedTaskDispatcher with 16 workers.
[PhysX] Initialized MultithreadedTaskDispatcher with 16 workers.
[PhysX] Initialized MultithreadedTaskDispatcher with 16 workers.
[PhysX] Initialized MultithreadedTaskDispatcher with 16 workers.
[PhysX] Initialized MultithreadedTaskDispatcher with 16 workers.
[PhysX] Initialized MultithreadedTaskDispatcher with 16 workers.
 -> (artifact id: '171c907505a4da394e5cbed90e441060') in 0.101700 seconds
Number of updated asset objects reloaded before import = 0
Number of asset objects unloaded after import = 24
========================================================================
Received Import Request.
  Time since last request: 0.000020 seconds.
  path: Packages/com.meta.xr.sdk.core/Meshes/MetaQuestTouchPro/Materials/MetaQuestProRight_Material.fbx
  artifactKey: Guid(6fce4d906dba56f4bb507682dbb5b81d) Importer(815301076,1909f56bfc062723c751e8b465ee728b)
Start importing Packages/com.meta.xr.sdk.core/Meshes/MetaQuestTouchPro/Materials/MetaQuestProRight_Material.fbx using Guid(6fce4d906dba56f4bb507682dbb5b81d) Importer(815301076,1909f56bfc062723c751e8b465ee728b) [PhysX] Initialized MultithreadedTaskDispatcher with 16 workers.
[PhysX] Initialized MultithreadedTaskDispatcher with 16 workers.
[PhysX] Initialized MultithreadedTaskDispatcher with 16 workers.
[PhysX] Initialized MultithreadedTaskDispatcher with 16 workers.
 -> (artifact id: '1fbdb2371d05bafa61d2e6fe062e0288') in 0.147874 seconds
Number of updated asset objects reloaded before import = 0
Number of asset objects unloaded after import = 10
========================================================================
Received Import Request.
  Time since last request: 0.000018 seconds.
  path: Packages/com.meta.xr.sdk.core/Meshes/OculusTouchForQuest2/Materials/OculusTouchForQuest2_MAT.fbx
  artifactKey: Guid(ad2069ba7fe0238489d3531897cea8cf) Importer(815301076,1909f56bfc062723c751e8b465ee728b)
Start importing Packages/com.meta.xr.sdk.core/Meshes/OculusTouchForQuest2/Materials/OculusTouchForQuest2_MAT.fbx using Guid(ad2069ba7fe0238489d3531897cea8cf) Importer(815301076,1909f56bfc062723c751e8b465ee728b) [PhysX] Initialized MultithreadedTaskDispatcher with 16 workers.
[PhysX] Initialized MultithreadedTaskDispatcher with 16 workers.
[PhysX] Initialized MultithreadedTaskDispatcher with 16 workers.
[PhysX] Initialized MultithreadedTaskDispatcher with 16 workers.
 -> (artifact id: '8e8b4643cf58a000175d1d2404ca76f4') in 0.037694 seconds
Number of updated asset objects reloaded before import = 0
Number of asset objects unloaded after import = 9
========================================================================
Received Import Request.
  Time since last request: 0.000026 seconds.
  path: Packages/com.meta.xr.sdk.interaction/Runtime/Sample/Objects/Props/PingPong/PingPngBall.fbx
  artifactKey: Guid(da3852b49eaeced4aba4d29c5814159c) Importer(815301076,1909f56bfc062723c751e8b465ee728b)
Start importing Packages/com.meta.xr.sdk.interaction/Runtime/Sample/Objects/Props/PingPong/PingPngBall.fbx using Guid(da3852b49eaeced4aba4d29c5814159c) Importer(815301076,1909f56bfc062723c751e8b465ee728b) [PhysX] Initialized MultithreadedTaskDispatcher with 16 workers.
[PhysX] Initialized MultithreadedTaskDispatcher with 16 workers.
[PhysX] Initialized MultithreadedTaskDispatcher with 16 workers.
 -> (artifact id: '5fc6e0ef19418913fe11e0c268d3f0e7') in 0.229450 seconds
Number of updated asset objects reloaded before import = 0
Number of asset objects unloaded after import = 18
========================================================================
Received Import Request.
  Time since last request: 0.000018 seconds.
  path: Packages/com.meta.xr.sdk.interaction/Runtime/Sample/Objects/Props/SprayBottle/SprayBottle.fbx
  artifactKey: Guid(9b4f7990d8eab1f4faf8c68946e53273) Importer(815301076,1909f56bfc062723c751e8b465ee728b)
Start importing Packages/com.meta.xr.sdk.interaction/Runtime/Sample/Objects/Props/SprayBottle/SprayBottle.fbx using Guid(9b4f7990d8eab1f4faf8c68946e53273) Importer(815301076,1909f56bfc062723c751e8b465ee728b) [PhysX] Initialized MultithreadedTaskDispatcher with 16 workers.
[PhysX] Initialized MultithreadedTaskDispatcher with 16 workers.
[PhysX] Initialized MultithreadedTaskDispatcher with 16 workers.
[PhysX] Initialized MultithreadedTaskDispatcher with 16 workers.
[PhysX] Initialized MultithreadedTaskDispatcher with 16 workers.
[PhysX] Initialized MultithreadedTaskDispatcher with 16 workers.
[PhysX] Initialized MultithreadedTaskDispatcher with 16 workers.
[PhysX] Initialized MultithreadedTaskDispatcher with 16 workers.
[PhysX] Initialized MultithreadedTaskDispatcher with 16 workers.
 -> (artifact id: '8701589778f7d21e02ee7f4913423c3a') in 0.086399 seconds
Number of updated asset objects reloaded before import = 0
Number of asset objects unloaded after import = 32
========================================================================
Received Import Request.
  Time since last request: 0.000025 seconds.
  path: Packages/com.meta.xr.sdk.interaction/Runtime/Sample/Meshes/capsule_affordance.fbx
  artifactKey: Guid(dffb75200a9c0da4ea0ddfa9d7060cb3) Importer(815301076,1909f56bfc062723c751e8b465ee728b)
Start importing Packages/com.meta.xr.sdk.interaction/Runtime/Sample/Meshes/capsule_affordance.fbx using Guid(dffb75200a9c0da4ea0ddfa9d7060cb3) Importer(815301076,1909f56bfc062723c751e8b465ee728b) [PhysX] Initialized MultithreadedTaskDispatcher with 16 workers.
[PhysX] Initialized MultithreadedTaskDispatcher with 16 workers.
[PhysX] Initialized MultithreadedTaskDispatcher with 16 workers.
[PhysX] Initialized MultithreadedTaskDispatcher with 16 workers.
 -> (artifact id: '9f538afc0d23eb6057a22b113a57962f') in 0.025031 seconds
Number of updated asset objects reloaded before import = 0
Number of asset objects unloaded after import = 18
========================================================================
Received Import Request.
  Time since last request: 0.000017 seconds.
  path: Packages/com.meta.xr.sdk.interaction/Runtime/Sample/Objects/Props/PingPong/Materials/PingPngMaterial.fbx
  artifactKey: Guid(49544f7c35ed0ea438c0a8d5336dca23) Importer(815301076,1909f56bfc062723c751e8b465ee728b)
Start importing Packages/com.meta.xr.sdk.interaction/Runtime/Sample/Objects/Props/PingPong/Materials/PingPngMaterial.fbx using Guid(49544f7c35ed0ea438c0a8d5336dca23) Importer(815301076,1909f56bfc062723c751e8b465ee728b) [PhysX] Initialized MultithreadedTaskDispatcher with 16 workers.
[PhysX] Initialized MultithreadedTaskDispatcher with 16 workers.
[PhysX] Initialized MultithreadedTaskDispatcher with 16 workers.
[PhysX] Initialized MultithreadedTaskDispatcher with 16 workers.
 -> (artifact id: '4584475f3f4b78e716142720abc7a270') in 0.032992 seconds
Number of updated asset objects reloaded before import = 0
Number of asset objects unloaded after import = 12
========================================================================
Received Import Request.
  Time since last request: 0.000018 seconds.
  path: Packages/com.meta.xr.sdk.interaction/Runtime/Meshes/OculusHandPinchArrowBlended.fbx
  artifactKey: Guid(dca3d72ce32048e409eaaf754210cfe8) Importer(815301076,1909f56bfc062723c751e8b465ee728b)
Start importing Packages/com.meta.xr.sdk.interaction/Runtime/Meshes/OculusHandPinchArrowBlended.fbx using Guid(dca3d72ce32048e409eaaf754210cfe8) Importer(815301076,1909f56bfc062723c751e8b465ee728b) [PhysX] Initialized MultithreadedTaskDispatcher with 16 workers.
[PhysX] Initialized MultithreadedTaskDispatcher with 16 workers.
[PhysX] Initialized MultithreadedTaskDispatcher with 16 workers.
 -> (artifact id: '2889dc761ece38fb5b04cd0959998f87') in 0.021049 seconds
Number of updated asset objects reloaded before import = 0
Number of asset objects unloaded after import = 6
========================================================================
Received Import Request.
  Time since last request: 0.000018 seconds.
  path: Packages/com.meta.xr.sdk.interaction/Runtime/Sample/Objects/Props/BigStone/Materials/BigStoneMat.fbx
  artifactKey: Guid(267e2151ff1c046c282a725a08fb90bc) Importer(815301076,1909f56bfc062723c751e8b465ee728b)
Start importing Packages/com.meta.xr.sdk.interaction/Runtime/Sample/Objects/Props/BigStone/Materials/BigStoneMat.fbx using Guid(267e2151ff1c046c282a725a08fb90bc) Importer(815301076,1909f56bfc062723c751e8b465ee728b) [PhysX] Initialized MultithreadedTaskDispatcher with 16 workers.
[PhysX] Initialized MultithreadedTaskDispatcher with 16 workers.
[PhysX] Initialized MultithreadedTaskDispatcher with 16 workers.
[PhysX] Initialized MultithreadedTaskDispatcher with 16 workers.
 -> (artifact id: 'c1cf260b40380e228d5d01d6e3dadbc3') in 0.031103 seconds
Number of updated asset objects reloaded before import = 0
Number of asset objects unloaded after import = 9
========================================================================
Received Import Request.
  Time since last request: 0.000018 seconds.
  path: Packages/com.meta.xr.sdk.interaction/Runtime/Sample/Materials/Planet.fbx
  artifactKey: Guid(b18ecf061c91da1439b820dd542f206d) Importer(815301076,1909f56bfc062723c751e8b465ee728b)
Start importing Packages/com.meta.xr.sdk.interaction/Runtime/Sample/Materials/Planet.fbx using Guid(b18ecf061c91da1439b820dd542f206d) Importer(815301076,1909f56bfc062723c751e8b465ee728b) [PhysX] Initialized MultithreadedTaskDispatcher with 16 workers.
[PhysX] Initialized MultithreadedTaskDispatcher with 16 workers.
[PhysX] Initialized MultithreadedTaskDispatcher with 16 workers.
[PhysX] Initialized MultithreadedTaskDispatcher with 16 workers.
 -> (artifact id: 'edc835436d206712b2e334826276e7ae') in 0.026333 seconds
Number of updated asset objects reloaded before import = 0
Number of asset objects unloaded after import = 9
========================================================================
Received Import Request.
  Time since last request: 0.000017 seconds.
  path: Packages/com.meta.xr.sdk.interaction/Runtime/Sample/Objects/Props/ChessPiece/Materials/ChessPieceMaterial.fbx
  artifactKey: Guid(817c954a31a114577b56080dd5ca87c3) Importer(815301076,1909f56bfc062723c751e8b465ee728b)
Start importing Packages/com.meta.xr.sdk.interaction/Runtime/Sample/Objects/Props/ChessPiece/Materials/ChessPieceMaterial.fbx using Guid(817c954a31a114577b56080dd5ca87c3) Importer(815301076,1909f56bfc062723c751e8b465ee728b) [PhysX] Initialized MultithreadedTaskDispatcher with 16 workers.
[PhysX] Initialized MultithreadedTaskDispatcher with 16 workers.
[PhysX] Initialized MultithreadedTaskDispatcher with 16 workers.
[PhysX] Initialized MultithreadedTaskDispatcher with 16 workers.
 -> (artifact id: '95478e0879656efdbc5f591e1c088e71') in 0.031591 seconds
Number of updated asset objects reloaded before import = 0
Number of asset objects unloaded after import = 9
========================================================================
Received Import Request.
  Time since last request: 0.000017 seconds.
  path: Packages/com.meta.xr.sdk.interaction/Runtime/Meshes/OVRHand_R.fbx
  artifactKey: Guid(0b567a7c6d47e774ca65c81546f02af5) Importer(815301076,1909f56bfc062723c751e8b465ee728b)
Start importing Packages/com.meta.xr.sdk.interaction/Runtime/Meshes/OVRHand_R.fbx using Guid(0b567a7c6d47e774ca65c81546f02af5) Importer(815301076,1909f56bfc062723c751e8b465ee728b) [PhysX] Initialized MultithreadedTaskDispatcher with 16 workers.
[PhysX] Initialized MultithreadedTaskDispatcher with 16 workers.
[PhysX] Initialized MultithreadedTaskDispatcher with 16 workers.
[PhysX] Initialized MultithreadedTaskDispatcher with 16 workers.
[PhysX] Initialized MultithreadedTaskDispatcher with 16 workers.
 -> (artifact id: 'dd2490a0a57535d0d139f185400ed464') in 0.029837 seconds
Number of updated asset objects reloaded before import = 0
Number of asset objects unloaded after import = 167
========================================================================
Received Import Request.
  Time since last request: 0.000021 seconds.
  path: Packages/com.meta.xr.sdk.interaction/Runtime/Sample/Objects/Environment/MRDesk/Models/MRDeskShadow.fbx
  artifactKey: Guid(7e589f294e82af44da827505993fac92) Importer(815301076,1909f56bfc062723c751e8b465ee728b)
Start importing Packages/com.meta.xr.sdk.interaction/Runtime/Sample/Objects/Environment/MRDesk/Models/MRDeskShadow.fbx using Guid(7e589f294e82af44da827505993fac92) Importer(815301076,1909f56bfc062723c751e8b465ee728b) [PhysX] Initialized MultithreadedTaskDispatcher with 16 workers.
[PhysX] Initialized MultithreadedTaskDispatcher with 16 workers.
[PhysX] Initialized MultithreadedTaskDispatcher with 16 workers.
[PhysX] Initialized MultithreadedTaskDispatcher with 16 workers.
 -> (artifact id: '831d6b32de3811d31a0febda32d2ba15') in 0.025429 seconds
Number of updated asset objects reloaded before import = 0
Number of asset objects unloaded after import = 8
========================================================================
Received Import Request.
  Time since last request: 0.000033 seconds.
  path: Packages/com.meta.xr.sdk.interaction/Runtime/Sample/Objects/Props/Locomotion/Materials/MetaLocoTutorialUIMat.fbx
  artifactKey: Guid(7cee51529ca3046bd8a94b96d93191ea) Importer(815301076,1909f56bfc062723c751e8b465ee728b)
Start importing Packages/com.meta.xr.sdk.interaction/Runtime/Sample/Objects/Props/Locomotion/Materials/MetaLocoTutorialUIMat.fbx using Guid(7cee51529ca3046bd8a94b96d93191ea) Importer(815301076,1909f56bfc062723c751e8b465ee728b) [PhysX] Initialized MultithreadedTaskDispatcher with 16 workers.
[PhysX] Initialized MultithreadedTaskDispatcher with 16 workers.
[PhysX] Initialized MultithreadedTaskDispatcher with 16 workers.
[PhysX] Initialized MultithreadedTaskDispatcher with 16 workers.
 -> (artifact id: '04a9fe25aa78ab5f87a975933a5a8692') in 0.034940 seconds
Number of updated asset objects reloaded before import = 0
Number of asset objects unloaded after import = 8
========================================================================
Received Import Request.
  Time since last request: 0.000017 seconds.
  path: Packages/com.meta.xr.sdk.core/Meshes/Cone.obj
  artifactKey: Guid(c28fa8d61f81fb742b1180a6d4516625) Importer(815301076,1909f56bfc062723c751e8b465ee728b)
Start importing Packages/com.meta.xr.sdk.core/Meshes/Cone.obj using Guid(c28fa8d61f81fb742b1180a6d4516625) Importer(815301076,1909f56bfc062723c751e8b465ee728b) [PhysX] Initialized MultithreadedTaskDispatcher with 16 workers.
[PhysX] Initialized MultithreadedTaskDispatcher with 16 workers.
[PhysX] Initialized MultithreadedTaskDispatcher with 16 workers.
[PhysX] Initialized MultithreadedTaskDispatcher with 16 workers.
 -> (artifact id: 'ccdcfcfee3d01717d2b0f70814ad3a37') in 0.024535 seconds
Number of updated asset objects reloaded before import = 0
Number of asset objects unloaded after import = 11
========================================================================
Received Import Request.
  Time since last request: 0.000022 seconds.
  path: Packages/com.meta.xr.sdk.interaction/Runtime/Meshes/OVRHand_L.fbx
  artifactKey: Guid(13f92dc3773e94e4bb99958bbd939c29) Importer(815301076,1909f56bfc062723c751e8b465ee728b)
Start importing Packages/com.meta.xr.sdk.interaction/Runtime/Meshes/OVRHand_L.fbx using Guid(13f92dc3773e94e4bb99958bbd939c29) Importer(815301076,1909f56bfc062723c751e8b465ee728b) [PhysX] Initialized MultithreadedTaskDispatcher with 16 workers.
[PhysX] Initialized MultithreadedTaskDispatcher with 16 workers.
[PhysX] Initialized MultithreadedTaskDispatcher with 16 workers.
[PhysX] Initialized MultithreadedTaskDispatcher with 16 workers.
[PhysX] Initialized MultithreadedTaskDispatcher with 16 workers.
 -> (artifact id: '9a8ade2a6b6798378a0354b14585402a') in 0.040695 seconds
Number of updated asset objects reloaded before import = 0
Number of asset objects unloaded after import = 167
========================================================================
Received Import Request.
  Time since last request: 0.000023 seconds.
  path: Packages/com.meta.xr.sdk.interaction/Runtime/Sample/Meshes/scale_affordance.fbx
  artifactKey: Guid(a09465b609758fe4b8ac049ea245d647) Importer(815301076,1909f56bfc062723c751e8b465ee728b)
Start importing Packages/com.meta.xr.sdk.interaction/Runtime/Sample/Meshes/scale_affordance.fbx using Guid(a09465b609758fe4b8ac049ea245d647) Importer(815301076,1909f56bfc062723c751e8b465ee728b) [PhysX] Initialized MultithreadedTaskDispatcher with 16 workers.
[PhysX] Initialized MultithreadedTaskDispatcher with 16 workers.
[PhysX] Initialized MultithreadedTaskDispatcher with 16 workers.
[PhysX] Initialized MultithreadedTaskDispatcher with 16 workers.
 -> (artifact id: 'cb786b68b011d9fb46702412606257cb') in 0.037636 seconds
Number of updated asset objects reloaded before import = 0
Number of asset objects unloaded after import = 19
========================================================================
Received Import Request.
  Time since last request: 0.000027 seconds.
  path: Packages/com.meta.xr.sdk.interaction/Runtime/Sample/Objects/Props/ChessPiece/Models/simpleGrabKnight.fbx
  artifactKey: Guid(c55aaa44df61b8942a6d1c8d53612600) Importer(815301076,1909f56bfc062723c751e8b465ee728b)
Start importing Packages/com.meta.xr.sdk.interaction/Runtime/Sample/Objects/Props/ChessPiece/Models/simpleGrabKnight.fbx using Guid(c55aaa44df61b8942a6d1c8d53612600) Importer(815301076,1909f56bfc062723c751e8b465ee728b) [PhysX] Initialized MultithreadedTaskDispatcher with 16 workers.
[PhysX] Initialized MultithreadedTaskDispatcher with 16 workers.
[PhysX] Initialized MultithreadedTaskDispatcher with 16 workers.
 -> (artifact id: '6002f6fc3bb8ab58e5e55c0004073ea6') in 0.020442 seconds
Number of updated asset objects reloaded before import = 0
Number of asset objects unloaded after import = 7
========================================================================
Received Import Request.
  Time since last request: 0.000020 seconds.
  path: Packages/com.meta.xr.mrutilitykit/Tests/Meshes/bevelcube.fbx
  artifactKey: Guid(c1e06f36f6a71234ab15a7826c4871d9) Importer(815301076,1909f56bfc062723c751e8b465ee728b)
Start importing Packages/com.meta.xr.mrutilitykit/Tests/Meshes/bevelcube.fbx using Guid(c1e06f36f6a71234ab15a7826c4871d9) Importer(815301076,1909f56bfc062723c751e8b465ee728b) [PhysX] Initialized MultithreadedTaskDispatcher with 16 workers.
[PhysX] Initialized MultithreadedTaskDispatcher with 16 workers.
[PhysX] Initialized MultithreadedTaskDispatcher with 16 workers.
 -> (artifact id: 'b4a239e6df56fab7d368dffdd4eccc27') in 0.019881 seconds
Number of updated asset objects reloaded before import = 0
Number of asset objects unloaded after import = 7
========================================================================
Received Import Request.
  Time since last request: 0.000017 seconds.
  path: Packages/com.meta.xr.sdk.interaction/Runtime/Sample/Objects/UISet/Prefabs/Button/UnityUIToggleBased/BorderlessButton_IconAndLabel_LeftAligned.prefab
  artifactKey: Guid(9751b51ddd005974bb2afb20cc27e4f5) Importer(815301076,1909f56bfc062723c751e8b465ee728b)
Start importing Packages/com.meta.xr.sdk.interaction/Runtime/Sample/Objects/UISet/Prefabs/Button/UnityUIToggleBased/BorderlessButton_IconAndLabel_LeftAligned.prefab using Guid(9751b51ddd005974bb2afb20cc27e4f5) Importer(815301076,1909f56bfc062723c751e8b465ee728b) [PhysX] Initialized MultithreadedTaskDispatcher with 16 workers.
 -> (artifact id: '0f08725406624b1d012f6a4ec7c47584') in 0.008613 seconds
Number of updated asset objects reloaded before import = 0
Number of asset objects unloaded after import = 195
========================================================================
Received Import Request.
  Time since last request: 0.000016 seconds.
  path: Packages/com.meta.xr.sdk.interaction/Runtime/Sample/Objects/UISet/Prefabs/Patterns/ContentUIExample-HorizonOS3.prefab
  artifactKey: Guid(015d50c6ae209554ca438fae7e311d27) Importer(815301076,1909f56bfc062723c751e8b465ee728b)
Start importing Packages/com.meta.xr.sdk.interaction/Runtime/Sample/Objects/UISet/Prefabs/Patterns/ContentUIExample-HorizonOS3.prefab using Guid(015d50c6ae209554ca438fae7e311d27) Importer(815301076,1909f56bfc062723c751e8b465ee728b) [PhysX] Initialized MultithreadedTaskDispatcher with 16 workers.
 -> (artifact id: '9c3caf63f0ee7f625ec0007306847dd1') in 0.038448 seconds
Number of updated asset objects reloaded before import = 0
Number of asset objects unloaded after import = 1565
========================================================================
Received Import Request.
  Time since last request: 0.000018 seconds.
  path: Packages/com.meta.xr.sdk.interaction/Runtime/Sample/Audio/Prefabs/BasicGrabReleaseAudio.prefab
  artifactKey: Guid(4c10bc37c0e8b774387330f749138159) Importer(815301076,1909f56bfc062723c751e8b465ee728b)
Start importing Packages/com.meta.xr.sdk.interaction/Runtime/Sample/Audio/Prefabs/BasicGrabReleaseAudio.prefab using Guid(4c10bc37c0e8b774387330f749138159) Importer(815301076,1909f56bfc062723c751e8b465ee728b) [PhysX] Initialized MultithreadedTaskDispatcher with 16 workers.
 -> (artifact id: '0be6d72ea32fc3c93ecccecd88028da2') in 0.009650 seconds
Number of updated asset objects reloaded before import = 0
Number of asset objects unloaded after import = 11
========================================================================
Received Import Request.
  Time since last request: 0.000026 seconds.
  path: Packages/com.meta.xr.sdk.interaction/Runtime/Sample/Objects/Props/Box/Box.prefab
  artifactKey: Guid(be890165f0b028b4c959cf9729b55f4d) Importer(815301076,1909f56bfc062723c751e8b465ee728b)
Start importing Packages/com.meta.xr.sdk.interaction/Runtime/Sample/Objects/Props/Box/Box.prefab using Guid(be890165f0b028b4c959cf9729b55f4d) Importer(815301076,1909f56bfc062723c751e8b465ee728b) [PhysX] Initialized MultithreadedTaskDispatcher with 16 workers.
[PhysX] Initialized MultithreadedTaskDispatcher with 16 workers.
 -> (artifact id: '06dd2077aa903d5bf0fa5f57edef3c12') in 0.197698 seconds
Number of updated asset objects reloaded before import = 0
Number of asset objects unloaded after import = 117
========================================================================
Received Import Request.
  Time since last request: 0.000018 seconds.
  path: Packages/com.meta.xr.sdk.interaction/Runtime/Sample/Audio/Prefabs/BasicPokeButtonPressAudio.prefab
  artifactKey: Guid(4b2ec9cc45d57c047b74113a934b6887) Importer(815301076,1909f56bfc062723c751e8b465ee728b)
Start importing Packages/com.meta.xr.sdk.interaction/Runtime/Sample/Audio/Prefabs/BasicPokeButtonPressAudio.prefab using Guid(4b2ec9cc45d57c047b74113a934b6887) Importer(815301076,1909f56bfc062723c751e8b465ee728b) [PhysX] Initialized MultithreadedTaskDispatcher with 16 workers.
 -> (artifact id: '4a23a953d47c8d2bd272a38e5348e49f') in 0.003658 seconds
Number of updated asset objects reloaded before import = 0
Number of asset objects unloaded after import = 7
========================================================================
Received Import Request.
  Time since last request: 0.000016 seconds.
  path: Packages/com.meta.xr.sdk.interaction/Runtime/Sample/Audio/Prefabs/ComplexGrabDollGrabAudio.prefab
  artifactKey: Guid(9fdd9006dc8671941ab523fa2e51e3a8) Importer(815301076,1909f56bfc062723c751e8b465ee728b)
Start importing Packages/com.meta.xr.sdk.interaction/Runtime/Sample/Audio/Prefabs/ComplexGrabDollGrabAudio.prefab using Guid(9fdd9006dc8671941ab523fa2e51e3a8) Importer(815301076,1909f56bfc062723c751e8b465ee728b) [PhysX] Initialized MultithreadedTaskDispatcher with 16 workers.
 -> (artifact id: 'a3cac15d4dca609c8d08f9a7356d0bd1') in 0.010867 seconds
Number of updated asset objects reloaded before import = 0
Number of asset objects unloaded after import = 11
========================================================================
Received Import Request.
  Time since last request: 0.000025 seconds.
  path: Packages/com.meta.xr.mrutilitykit/Core/Rooms/Prefabs/Bedroom/Bedroom01.prefab
  artifactKey: Guid(bb2157b25c29dac439b7f4da3bae4f95) Importer(815301076,1909f56bfc062723c751e8b465ee728b)
Start importing Packages/com.meta.xr.mrutilitykit/Core/Rooms/Prefabs/Bedroom/Bedroom01.prefab using Guid(bb2157b25c29dac439b7f4da3bae4f95) Importer(815301076,1909f56bfc062723c751e8b465ee728b) [PhysX] Initialized MultithreadedTaskDispatcher with 16 workers.
[PhysX] Initialized MultithreadedTaskDispatcher with 16 workers.
 -> (artifact id: '6bf078083ba72350cceb38e6768b91ac') in 0.029531 seconds
Number of updated asset objects reloaded before import = 0
Number of asset objects unloaded after import = 86
========================================================================
Received Import Request.
  Time since last request: 0.001149 seconds.
  path: Packages/com.meta.xr.sdk.interaction/Runtime/Sample/Objects/UISet/Prefabs/Patterns/ContentUIExample2.prefab
  artifactKey: Guid(71d814cc718e6ea45b6a1a719d081f29) Importer(815301076,1909f56bfc062723c751e8b465ee728b)
Start importing Packages/com.meta.xr.sdk.interaction/Runtime/Sample/Objects/UISet/Prefabs/Patterns/ContentUIExample2.prefab using Guid(71d814cc718e6ea45b6a1a719d081f29) Importer(815301076,1909f56bfc062723c751e8b465ee728b) [PhysX] Initialized MultithreadedTaskDispatcher with 16 workers.
 -> (artifact id: 'bcf6389a8ba03e51b864f0d17ae6aa28') in 0.016897 seconds
Number of updated asset objects reloaded before import = 0
Number of asset objects unloaded after import = 490
========================================================================
Received Import Request.
  Time since last request: 0.000024 seconds.
  path: Packages/com.meta.xr.sdk.interaction/Runtime/Sample/Objects/Props/Box/Models/Box.fbx
  artifactKey: Guid(34f423504d6e44f4785eaa3006c79119) Importer(815301076,1909f56bfc062723c751e8b465ee728b)
Start importing Packages/com.meta.xr.sdk.interaction/Runtime/Sample/Objects/Props/Box/Models/Box.fbx using Guid(34f423504d6e44f4785eaa3006c79119) Importer(815301076,1909f56bfc062723c751e8b465ee728b) [PhysX] Initialized MultithreadedTaskDispatcher with 16 workers.
[PhysX] Initialized MultithreadedTaskDispatcher with 16 workers.
[PhysX] Initialized MultithreadedTaskDispatcher with 16 workers.
[PhysX] Initialized MultithreadedTaskDispatcher with 16 workers.
[PhysX] Initialized MultithreadedTaskDispatcher with 16 workers.
[PhysX] Initialized MultithreadedTaskDispatcher with 16 workers.
[PhysX] Initialized MultithreadedTaskDispatcher with 16 workers.
[PhysX] Initialized MultithreadedTaskDispatcher with 16 workers.
[PhysX] Initialized MultithreadedTaskDispatcher with 16 workers.
[PhysX] Initialized MultithreadedTaskDispatcher with 16 workers.
 -> (artifact id: 'c9a240e0fdcf1cc16dfa2d5fca693641') in 0.043354 seconds
Number of updated asset objects reloaded before import = 0
Number of asset objects unloaded after import = 24
========================================================================
Received Import Request.
  Time since last request: 0.000018 seconds.
  path: Packages/com.meta.xr.sdk.interaction/Runtime/Sample/Materials/AffordanceHandleMaterial.mat
  artifactKey: Guid(c445a32ed5ecf43439655d6f588f7e4a) Importer(815301076,1909f56bfc062723c751e8b465ee728b)
Start importing Packages/com.meta.xr.sdk.interaction/Runtime/Sample/Materials/AffordanceHandleMaterial.mat using Guid(c445a32ed5ecf43439655d6f588f7e4a) Importer(815301076,1909f56bfc062723c751e8b465ee728b) [PhysX] Initialized MultithreadedTaskDispatcher with 16 workers.
[PhysX] Initialized MultithreadedTaskDispatcher with 16 workers.
 -> (artifact id: '77c5c399b975b89412be5465ab675bf2') in 0.014479 seconds
Number of updated asset objects reloaded before import = 0
Number of asset objects unloaded after import = 1
========================================================================
Received Import Request.
  Time since last request: 0.000022 seconds.
  path: Packages/com.meta.xr.sdk.interaction/Runtime/Prefabs/Poke/ControllerPokeInteractor.prefab
  artifactKey: Guid(caf1104dfe6d01c4e9dabd59f18e535a) Importer(815301076,1909f56bfc062723c751e8b465ee728b)
Start importing Packages/com.meta.xr.sdk.interaction/Runtime/Prefabs/Poke/ControllerPokeInteractor.prefab using Guid(caf1104dfe6d01c4e9dabd59f18e535a) Importer(815301076,1909f56bfc062723c751e8b465ee728b) [PhysX] Initialized MultithreadedTaskDispatcher with 16 workers.
[PhysX] Initialized MultithreadedTaskDispatcher with 16 workers.
 -> (artifact id: 'c835fbc8d68e4cf60a75fdb03769e1db') in 0.017848 seconds
Number of updated asset objects reloaded before import = 0
Number of asset objects unloaded after import = 13
========================================================================
Received Import Request.
  Time since last request: 0.000018 seconds.
  path: Packages/com.meta.xr.sdk.interaction/Runtime/Sample/Objects/Props/StonePolyhedra/Models/StonePolyhedra.fbx
  artifactKey: Guid(6800e9c67be6f054384523c73d34583f) Importer(815301076,1909f56bfc062723c751e8b465ee728b)
Start importing Packages/com.meta.xr.sdk.interaction/Runtime/Sample/Objects/Props/StonePolyhedra/Models/StonePolyhedra.fbx using Guid(6800e9c67be6f054384523c73d34583f) Importer(815301076,1909f56bfc062723c751e8b465ee728b) [PhysX] Initialized MultithreadedTaskDispatcher with 16 workers.
[PhysX] Initialized MultithreadedTaskDispatcher with 16 workers.
[PhysX] Initialized MultithreadedTaskDispatcher with 16 workers.
[PhysX] Initialized MultithreadedTaskDispatcher with 16 workers.
[PhysX] Initialized MultithreadedTaskDispatcher with 16 workers.
[PhysX] Initialized MultithreadedTaskDispatcher with 16 workers.
[PhysX] Initialized MultithreadedTaskDispatcher with 16 workers.
[PhysX] Initialized MultithreadedTaskDispatcher with 16 workers.
[PhysX] Initialized MultithreadedTaskDispatcher with 16 workers.
[PhysX] Initialized MultithreadedTaskDispatcher with 16 workers.
[PhysX] Initialized MultithreadedTaskDispatcher with 16 workers.
[PhysX] Initialized MultithreadedTaskDispatcher with 16 workers.
[PhysX] Initialized MultithreadedTaskDispatcher with 16 workers.
[PhysX] Initialized MultithreadedTaskDispatcher with 16 workers.
 -> (artifact id: '27eba38b896ee2daf61927c6ee30d739') in 0.051439 seconds
Number of updated asset objects reloaded before import = 0
Number of asset objects unloaded after import = 34
========================================================================
Received Import Request.
  Time since last request: 0.000017 seconds.
  path: Packages/com.meta.xr.mrutilitykit/Core/Materials/BROWN_Door.mat
  artifactKey: Guid(b40c172f3bf2e754ba937f81a100a40e) Importer(815301076,1909f56bfc062723c751e8b465ee728b)
Start importing Packages/com.meta.xr.mrutilitykit/Core/Materials/BROWN_Door.mat using Guid(b40c172f3bf2e754ba937f81a100a40e) Importer(815301076,1909f56bfc062723c751e8b465ee728b) [PhysX] Initialized MultithreadedTaskDispatcher with 16 workers.
[PhysX] Initialized MultithreadedTaskDispatcher with 16 workers.
 -> (artifact id: '185dc00c7e6b15440564edb5233c3f0d') in 0.016473 seconds
Number of updated asset objects reloaded before import = 0
Number of asset objects unloaded after import = 1
========================================================================
Received Import Request.
  Time since last request: 0.000019 seconds.
  path: Packages/com.meta.xr.mrutilitykit/Core/Materials/BLACK_Window.mat
  artifactKey: Guid(6f3598ad6e94e974faad4f84d8e07b77) Importer(815301076,1909f56bfc062723c751e8b465ee728b)
Start importing Packages/com.meta.xr.mrutilitykit/Core/Materials/BLACK_Window.mat using Guid(6f3598ad6e94e974faad4f84d8e07b77) Importer(815301076,1909f56bfc062723c751e8b465ee728b) [PhysX] Initialized MultithreadedTaskDispatcher with 16 workers.
[PhysX] Initialized MultithreadedTaskDispatcher with 16 workers.
 -> (artifact id: '542bc9fd56f9cbb197d312c848d796a7') in 0.014866 seconds
Number of updated asset objects reloaded before import = 0
Number of asset objects unloaded after import = 1
========================================================================
Received Import Request.
  Time since last request: 0.000028 seconds.
  path: Packages/com.meta.xr.sdk.core/Meshes/OculusTouchForQuestAndRiftS/OculusTouchForQuestAndRiftS_Left.fbx
  artifactKey: Guid(32fbc8bcebb64584da5868aeeb086cda) Importer(815301076,1909f56bfc062723c751e8b465ee728b)
Start importing Packages/com.meta.xr.sdk.core/Meshes/OculusTouchForQuestAndRiftS/OculusTouchForQuestAndRiftS_Left.fbx using Guid(32fbc8bcebb64584da5868aeeb086cda) Importer(815301076,1909f56bfc062723c751e8b465ee728b) [PhysX] Initialized MultithreadedTaskDispatcher with 16 workers.
[PhysX] Initialized MultithreadedTaskDispatcher with 16 workers.
[PhysX] Initialized MultithreadedTaskDispatcher with 16 workers.
[PhysX] Initialized MultithreadedTaskDispatcher with 16 workers.
 -> (artifact id: '94c4fc91c481b541eaf4afa5e7ae32c6') in 0.056617 seconds
Number of updated asset objects reloaded before import = 0
Number of asset objects unloaded after import = 51
========================================================================
Received Import Request.
  Time since last request: 0.000017 seconds.
  path: Packages/com.meta.xr.sdk.core/Materials/cursor_timer_material.mat
  artifactKey: Guid(9531aa878fd5c4749b288b72024e8d2f) Importer(815301076,1909f56bfc062723c751e8b465ee728b)
Start importing Packages/com.meta.xr.sdk.core/Materials/cursor_timer_material.mat using Guid(9531aa878fd5c4749b288b72024e8d2f) Importer(815301076,1909f56bfc062723c751e8b465ee728b) [PhysX] Initialized MultithreadedTaskDispatcher with 16 workers.
[PhysX] Initialized MultithreadedTaskDispatcher with 16 workers.
 -> (artifact id: '87078c17a5bba91c363bd1fbee52b819') in 0.035746 seconds
Number of updated asset objects reloaded before import = 0
Number of asset objects unloaded after import = 3
========================================================================
Received Import Request.
  Time since last request: 0.000018 seconds.
  path: Packages/com.meta.xr.mrutilitykit/Core/Rooms/Prefabs/Bedroom/Bedroom04.prefab
  artifactKey: Guid(e522ab26ed3a6994c8318dbec3f71fda) Importer(815301076,1909f56bfc062723c751e8b465ee728b)
Start importing Packages/com.meta.xr.mrutilitykit/Core/Rooms/Prefabs/Bedroom/Bedroom04.prefab using Guid(e522ab26ed3a6994c8318dbec3f71fda) Importer(815301076,1909f56bfc062723c751e8b465ee728b) [PhysX] Initialized MultithreadedTaskDispatcher with 16 workers.
[PhysX] Initialized MultithreadedTaskDispatcher with 16 workers.
 -> (artifact id: 'c9bc06fe9466bd3fdb105e57a03b32dc') in 0.085197 seconds
Number of updated asset objects reloaded before import = 0
Number of asset objects unloaded after import = 91
========================================================================
Received Import Request.
  Time since last request: 0.000018 seconds.
  path: Packages/com.meta.xr.sdk.interaction/Runtime/Sample/Materials/FramePoseTwoHandedParticle.mat
  artifactKey: Guid(4f0bfa166f8d21e4f8b433ae64c0c0c0) Importer(815301076,1909f56bfc062723c751e8b465ee728b)
Start importing Packages/com.meta.xr.sdk.interaction/Runtime/Sample/Materials/FramePoseTwoHandedParticle.mat using Guid(4f0bfa166f8d21e4f8b433ae64c0c0c0) Importer(815301076,1909f56bfc062723c751e8b465ee728b) [PhysX] Initialized MultithreadedTaskDispatcher with 16 workers.
[PhysX] Initialized MultithreadedTaskDispatcher with 16 workers.
 -> (artifact id: '9106e4108df6eb4e65975c1f6f8d96c9') in 0.065923 seconds
Number of updated asset objects reloaded before import = 0
Number of asset objects unloaded after import = 2
========================================================================
Received Import Request.
  Time since last request: 0.000023 seconds.
  path: Packages/com.meta.xr.mrutilitykit/Core/Materials/GREEN_Plant.mat
  artifactKey: Guid(af187e204a0603d438d2d211f02948e7) Importer(815301076,1909f56bfc062723c751e8b465ee728b)
Start importing Packages/com.meta.xr.mrutilitykit/Core/Materials/GREEN_Plant.mat using Guid(af187e204a0603d438d2d211f02948e7) Importer(815301076,1909f56bfc062723c751e8b465ee728b) [PhysX] Initialized MultithreadedTaskDispatcher with 16 workers.
[PhysX] Initialized MultithreadedTaskDispatcher with 16 workers.
 -> (artifact id: '60ff5ee1b493806732ae1150883681b2') in 0.016034 seconds
Number of updated asset objects reloaded before import = 0
Number of asset objects unloaded after import = 1
========================================================================
Received Import Request.
  Time since last request: 0.000026 seconds.
  path: Packages/com.meta.xr.sdk.interaction/Runtime/Sample/Objects/UISet/Prefabs/ContextMenu/ContextMenuIconAnd2LineText.prefab
  artifactKey: Guid(0634c2c686f2e05429f5b680e69380be) Importer(815301076,1909f56bfc062723c751e8b465ee728b)
Start importing Packages/com.meta.xr.sdk.interaction/Runtime/Sample/Objects/UISet/Prefabs/ContextMenu/ContextMenuIconAnd2LineText.prefab using Guid(0634c2c686f2e05429f5b680e69380be) Importer(815301076,1909f56bfc062723c751e8b465ee728b) [PhysX] Initialized MultithreadedTaskDispatcher with 16 workers.
 -> (artifact id: 'bc5146b1c63f53dd33728455103ac76f') in 0.014963 seconds
Number of updated asset objects reloaded before import = 0
Number of asset objects unloaded after import = 570
========================================================================
Received Import Request.
  Time since last request: 0.000016 seconds.
  path: Packages/com.meta.xr.sdk.interaction/Runtime/Materials/HotspotMaterial.mat
  artifactKey: Guid(099a76900c67577498a4e81d119935d6) Importer(815301076,1909f56bfc062723c751e8b465ee728b)
Start importing Packages/com.meta.xr.sdk.interaction/Runtime/Materials/HotspotMaterial.mat using Guid(099a76900c67577498a4e81d119935d6) Importer(815301076,1909f56bfc062723c751e8b465ee728b) [PhysX] Initialized MultithreadedTaskDispatcher with 16 workers.
[PhysX] Initialized MultithreadedTaskDispatcher with 16 workers.
 -> (artifact id: 'bfcd90c11a47c26a5a38518b68d6de1d') in 0.209155 seconds
Number of updated asset objects reloaded before import = 0
Number of asset objects unloaded after import = 2
========================================================================
Received Import Request.
  Time since last request: 0.000021 seconds.
  path: Packages/com.meta.xr.sdk.interaction/Runtime/Sample/Objects/Environment/Locomotion/Models/Materials/LocomotionFloorMat.mat
  artifactKey: Guid(af517cb464bac334f905a338f89ff4e8) Importer(815301076,1909f56bfc062723c751e8b465ee728b)
Start importing Packages/com.meta.xr.sdk.interaction/Runtime/Sample/Objects/Environment/Locomotion/Models/Materials/LocomotionFloorMat.mat using Guid(af517cb464bac334f905a338f89ff4e8) Importer(815301076,1909f56bfc062723c751e8b465ee728b) [PhysX] Initialized MultithreadedTaskDispatcher with 16 workers.
[PhysX] Initialized MultithreadedTaskDispatcher with 16 workers.
 -> (artifact id: '97850b867e92cd93f6c9b41486176abf') in 0.066050 seconds
Number of updated asset objects reloaded before import = 0
Number of asset objects unloaded after import = 3
========================================================================
Received Import Request.
  Time since last request: 0.000034 seconds.
  path: Packages/com.meta.xr.sdk.interaction/Runtime/Sample/Objects/Props/MapWithPins/Materials/MapFrameMat.mat
  artifactKey: Guid(40fece458fc28b244be0f13bec5a2975) Importer(815301076,1909f56bfc062723c751e8b465ee728b)
Start importing Packages/com.meta.xr.sdk.interaction/Runtime/Sample/Objects/Props/MapWithPins/Materials/MapFrameMat.mat using Guid(40fece458fc28b244be0f13bec5a2975) Importer(815301076,1909f56bfc062723c751e8b465ee728b) [PhysX] Initialized MultithreadedTaskDispatcher with 16 workers.
[PhysX] Initialized MultithreadedTaskDispatcher with 16 workers.
 -> (artifact id: '9f5229400bb36f66f6966a084aa9de78') in 0.033163 seconds
Number of updated asset objects reloaded before import = 0
Number of asset objects unloaded after import = 2
========================================================================
Received Import Request.
  Time since last request: 0.000016 seconds.
  path: Packages/com.meta.xr.sdk.interaction/Runtime/Sample/Objects/Environment/Locomotion/Models/Materials/LocomotionRoomMat.mat
  artifactKey: Guid(e01361b17470e4e48bbd0a322bcd94ea) Importer(815301076,1909f56bfc062723c751e8b465ee728b)
Start importing Packages/com.meta.xr.sdk.interaction/Runtime/Sample/Objects/Environment/Locomotion/Models/Materials/LocomotionRoomMat.mat using Guid(e01361b17470e4e48bbd0a322bcd94ea) Importer(815301076,1909f56bfc062723c751e8b465ee728b) [PhysX] Initialized MultithreadedTaskDispatcher with 16 workers.
[PhysX] Initialized MultithreadedTaskDispatcher with 16 workers.
 -> (artifact id: 'cbd658101c6035e95fc8476dffe33b0a') in 0.035509 seconds
Number of updated asset objects reloaded before import = 0
Number of asset objects unloaded after import = 2
========================================================================
Received Import Request.
  Time since last request: 0.000019 seconds.
  path: Packages/com.meta.xr.sdk.interaction/Runtime/Sample/Objects/Environment/Locomotion/Models/Materials/LocomotionDoorLightMat.mat
  artifactKey: Guid(ea28082bb5e60b0498e2572d11c502ae) Importer(815301076,1909f56bfc062723c751e8b465ee728b)
Start importing Packages/com.meta.xr.sdk.interaction/Runtime/Sample/Objects/Environment/Locomotion/Models/Materials/LocomotionDoorLightMat.mat using Guid(ea28082bb5e60b0498e2572d11c502ae) Importer(815301076,1909f56bfc062723c751e8b465ee728b) [PhysX] Initialized MultithreadedTaskDispatcher with 16 workers.
[PhysX] Initialized MultithreadedTaskDispatcher with 16 workers.
 -> (artifact id: '6d0f9723f52910436101307cf3cad0c0') in 0.030376 seconds
Number of updated asset objects reloaded before import = 0
Number of asset objects unloaded after import = 3
========================================================================
Received Import Request.
  Time since last request: 0.000019 seconds.
  path: Packages/com.meta.xr.sdk.interaction/Runtime/Sample/Objects/Environment/Locomotion/Models/Materials/InteriorDoorMat.mat
  artifactKey: Guid(2f8f24c4b695e264e905df001683ba11) Importer(815301076,1909f56bfc062723c751e8b465ee728b)
Start importing Packages/com.meta.xr.sdk.interaction/Runtime/Sample/Objects/Environment/Locomotion/Models/Materials/InteriorDoorMat.mat using Guid(2f8f24c4b695e264e905df001683ba11) Importer(815301076,1909f56bfc062723c751e8b465ee728b) [PhysX] Initialized MultithreadedTaskDispatcher with 16 workers.
[PhysX] Initialized MultithreadedTaskDispatcher with 16 workers.
 -> (artifact id: '0910bb12feed48f309141a8bfdba6821') in 0.039493 seconds
Number of updated asset objects reloaded before import = 0
Number of asset objects unloaded after import = 3
========================================================================
Received Import Request.
  Time since last request: 0.005429 seconds.
  path: Packages/com.meta.xr.sdk.interaction/Runtime/Meshes/Locomotion/Materials/MetaSecondaryGradientMat.mat
  artifactKey: Guid(8dc22c820b620ed47bc3d6d66d49d671) Importer(815301076,1909f56bfc062723c751e8b465ee728b)
Start importing Packages/com.meta.xr.sdk.interaction/Runtime/Meshes/Locomotion/Materials/MetaSecondaryGradientMat.mat using Guid(8dc22c820b620ed47bc3d6d66d49d671) Importer(815301076,1909f56bfc062723c751e8b465ee728b) [PhysX] Initialized MultithreadedTaskDispatcher with 16 workers.
[PhysX] Initialized MultithreadedTaskDispatcher with 16 workers.
 -> (artifact id: 'bfa8c4aedd36f9450ceee56a083a85d5') in 0.019347 seconds
Number of updated asset objects reloaded before import = 0
Number of asset objects unloaded after import = 1
========================================================================
Received Import Request.
  Time since last request: 0.000024 seconds.
  path: Packages/com.meta.xr.sdk.interaction/Runtime/Sample/Materials/MRDeskTransparent.mat
  artifactKey: Guid(32f3c3c2771c8c8419bbb708b84b1eb5) Importer(815301076,1909f56bfc062723c751e8b465ee728b)
Start importing Packages/com.meta.xr.sdk.interaction/Runtime/Sample/Materials/MRDeskTransparent.mat using Guid(32f3c3c2771c8c8419bbb708b84b1eb5) Importer(815301076,1909f56bfc062723c751e8b465ee728b) [PhysX] Initialized MultithreadedTaskDispatcher with 16 workers.
[PhysX] Initialized MultithreadedTaskDispatcher with 16 workers.
 -> (artifact id: 'ae846bd6dac185e6a6b7c6d52f7a37f5') in 0.025230 seconds
Number of updated asset objects reloaded before import = 0
Number of asset objects unloaded after import = 3
========================================================================
Received Import Request.
  Time since last request: 0.000018 seconds.
  path: Packages/com.meta.xr.sdk.interaction/Runtime/Sample/Materials/LinearGradientUIDark.mat
  artifactKey: Guid(28ed54c87b1e69c4f9268fd670606ddb) Importer(815301076,1909f56bfc062723c751e8b465ee728b)
Start importing Packages/com.meta.xr.sdk.interaction/Runtime/Sample/Materials/LinearGradientUIDark.mat using Guid(28ed54c87b1e69c4f9268fd670606ddb) Importer(815301076,1909f56bfc062723c751e8b465ee728b) [PhysX] Initialized MultithreadedTaskDispatcher with 16 workers.
[PhysX] Initialized MultithreadedTaskDispatcher with 16 workers.
 -> (artifact id: 'e4f06bea1e7a62db0270e5022277e89e') in 0.015597 seconds
Number of updated asset objects reloaded before import = 0
Number of asset objects unloaded after import = 1
========================================================================
Received Import Request.
  Time since last request: 0.000021 seconds.
  path: Packages/com.meta.xr.sdk.interaction/Runtime/Sample/Objects/Props/Box/Materials/BoxMat.mat
  artifactKey: Guid(64a4f62f5089fb64cad9a5aef7953fac) Importer(815301076,1909f56bfc062723c751e8b465ee728b)
Start importing Packages/com.meta.xr.sdk.interaction/Runtime/Sample/Objects/Props/Box/Materials/BoxMat.mat using Guid(64a4f62f5089fb64cad9a5aef7953fac) Importer(815301076,1909f56bfc062723c751e8b465ee728b) [PhysX] Initialized MultithreadedTaskDispatcher with 16 workers.
[PhysX] Initialized MultithreadedTaskDispatcher with 16 workers.
 -> (artifact id: 'd05168ed9ac7f763fb3407b09f2a5823') in 0.039128 seconds
Number of updated asset objects reloaded before import = 0
Number of asset objects unloaded after import = 3
========================================================================
Received Import Request.
  Time since last request: 0.000028 seconds.
  path: Packages/com.meta.xr.sdk.interaction/Runtime/Sample/Prefabs/CircularUIToggle.prefab
  artifactKey: Guid(5ecfe098c1e1aff41930d8943fbcc18a) Importer(815301076,1909f56bfc062723c751e8b465ee728b)
Start importing Packages/com.meta.xr.sdk.interaction/Runtime/Sample/Prefabs/CircularUIToggle.prefab using Guid(5ecfe098c1e1aff41930d8943fbcc18a) Importer(815301076,1909f56bfc062723c751e8b465ee728b) [PhysX] Initialized MultithreadedTaskDispatcher with 16 workers.
 -> (artifact id: '3a166940cfd32ea4613b26feaf77b05e') in 0.013566 seconds
Number of updated asset objects reloaded before import = 0
Number of asset objects unloaded after import = 21
========================================================================
Received Import Request.
  Time since last request: 0.000022 seconds.
  path: Packages/com.meta.xr.sdk.interaction/Runtime/Materials/GrabDebugSphere.mat
  artifactKey: Guid(f4b49debff9d269449879fc6f5991a83) Importer(815301076,1909f56bfc062723c751e8b465ee728b)
Start importing Packages/com.meta.xr.sdk.interaction/Runtime/Materials/GrabDebugSphere.mat using Guid(f4b49debff9d269449879fc6f5991a83) Importer(815301076,1909f56bfc062723c751e8b465ee728b) [PhysX] Initialized MultithreadedTaskDispatcher with 16 workers.
[PhysX] Initialized MultithreadedTaskDispatcher with 16 workers.
 -> (artifact id: '3d8dafbcee18a22688807ec24ec44eea') in 0.018319 seconds
Number of updated asset objects reloaded before import = 0
Number of asset objects unloaded after import = 1
========================================================================
Received Import Request.
  Time since last request: 0.000025 seconds.
  path: Packages/com.meta.xr.sdk.core/Meshes/MetaQuestTouchPro/Materials/MetaQuestProLeft_Material.fbx
  artifactKey: Guid(2fadc56f841e8224ea1ff539811fc765) Importer(815301076,1909f56bfc062723c751e8b465ee728b)
Start importing Packages/com.meta.xr.sdk.core/Meshes/MetaQuestTouchPro/Materials/MetaQuestProLeft_Material.fbx using Guid(2fadc56f841e8224ea1ff539811fc765) Importer(815301076,1909f56bfc062723c751e8b465ee728b) [PhysX] Initialized MultithreadedTaskDispatcher with 16 workers.
[PhysX] Initialized MultithreadedTaskDispatcher with 16 workers.
[PhysX] Initialized MultithreadedTaskDispatcher with 16 workers.
[PhysX] Initialized MultithreadedTaskDispatcher with 16 workers.
 -> (artifact id: 'efff76193f0d098e6dd1e311f342c39f') in 0.081550 seconds
Number of updated asset objects reloaded before import = 0
Number of asset objects unloaded after import = 10
========================================================================
Received Import Request.
  Time since last request: 0.011107 seconds.
  path: Packages/com.meta.xr.sdk.interaction/Runtime/Sample/Materials/InteractionLabelMaterial.mat
  artifactKey: Guid(30f92f92e33677c4fb334dc96f67e6ac) Importer(815301076,1909f56bfc062723c751e8b465ee728b)
Start importing Packages/com.meta.xr.sdk.interaction/Runtime/Sample/Materials/InteractionLabelMaterial.mat using Guid(30f92f92e33677c4fb334dc96f67e6ac) Importer(815301076,1909f56bfc062723c751e8b465ee728b) [PhysX] Initialized MultithreadedTaskDispatcher with 16 workers.
[PhysX] Initialized MultithreadedTaskDispatcher with 16 workers.
 -> (artifact id: '7e037de37f553a052f85547676ed81f1') in 0.022319 seconds
Number of updated asset objects reloaded before import = 0
Number of asset objects unloaded after import = 1
========================================================================
Received Import Request.
  Time since last request: 0.000020 seconds.
  path: Packages/com.meta.xr.sdk.interaction/Runtime/Sample/Objects/UISet/Prefabs/Button/UnityUIToggleBased/DestructiveButton_IconAndLabel.prefab
  artifactKey: Guid(1afe17518a14213478afccad59687b1c) Importer(815301076,1909f56bfc062723c751e8b465ee728b)
Start importing Packages/com.meta.xr.sdk.interaction/Runtime/Sample/Objects/UISet/Prefabs/Button/UnityUIToggleBased/DestructiveButton_IconAndLabel.prefab using Guid(1afe17518a14213478afccad59687b1c) Importer(815301076,1909f56bfc062723c751e8b465ee728b) [PhysX] Initialized MultithreadedTaskDispatcher with 16 workers.
 -> (artifact id: '69f0a49df591744b0fb916f1ed2897d4') in 0.006964 seconds
Number of updated asset objects reloaded before import = 0
Number of asset objects unloaded after import = 119
========================================================================
Received Import Request.
  Time since last request: 0.000020 seconds.
  path: Packages/com.meta.xr.sdk.core/Meshes/HandTracking/OculusHand_R.fbx
  artifactKey: Guid(88e2e1bfe11ec6c438b0ade27eaeded1) Importer(815301076,1909f56bfc062723c751e8b465ee728b)
Start importing Packages/com.meta.xr.sdk.core/Meshes/HandTracking/OculusHand_R.fbx using Guid(88e2e1bfe11ec6c438b0ade27eaeded1) Importer(815301076,1909f56bfc062723c751e8b465ee728b) [PhysX] Initialized MultithreadedTaskDispatcher with 16 workers.
[PhysX] Initialized MultithreadedTaskDispatcher with 16 workers.
[PhysX] Initialized MultithreadedTaskDispatcher with 16 workers.
[PhysX] Initialized MultithreadedTaskDispatcher with 16 workers.
[PhysX] Initialized MultithreadedTaskDispatcher with 16 workers.
 -> (artifact id: '8e59d3c8b304cb3344d8f2a5750beb92') in 0.034172 seconds
Number of updated asset objects reloaded before import = 0
Number of asset objects unloaded after import = 167
========================================================================
Received Import Request.
  Time since last request: 0.000040 seconds.
  path: Packages/com.meta.xr.sdk.interaction/Runtime/Sample/Audio/Prefabs/ComplexGrabBoxOpenAudio.prefab
  artifactKey: Guid(90d935fa9881f0f41b1b06b5b64c7bc9) Importer(815301076,1909f56bfc062723c751e8b465ee728b)
Start importing Packages/com.meta.xr.sdk.interaction/Runtime/Sample/Audio/Prefabs/ComplexGrabBoxOpenAudio.prefab using Guid(90d935fa9881f0f41b1b06b5b64c7bc9) Importer(815301076,1909f56bfc062723c751e8b465ee728b) [PhysX] Initialized MultithreadedTaskDispatcher with 16 workers.
 -> (artifact id: '5de7dd0a24caedfa3959bb125153213c') in 0.008178 seconds
Number of updated asset objects reloaded before import = 0
Number of asset objects unloaded after import = 9
========================================================================
Received Import Request.
  Time since last request: 0.000023 seconds.
  path: Packages/com.meta.xr.sdk.interaction/Runtime/Sample/Objects/Props/Mug/Materials/mugMaterial.fbx
  artifactKey: Guid(94316792d4481f1438588c12b8e732b4) Importer(815301076,1909f56bfc062723c751e8b465ee728b)
Start importing Packages/com.meta.xr.sdk.interaction/Runtime/Sample/Objects/Props/Mug/Materials/mugMaterial.fbx using Guid(94316792d4481f1438588c12b8e732b4) Importer(815301076,1909f56bfc062723c751e8b465ee728b) [PhysX] Initialized MultithreadedTaskDispatcher with 16 workers.
[PhysX] Initialized MultithreadedTaskDispatcher with 16 workers.
[PhysX] Initialized MultithreadedTaskDispatcher with 16 workers.
[PhysX] Initialized MultithreadedTaskDispatcher with 16 workers.
 -> (artifact id: '97e7d7868a62074e55f663a78dc57da5') in 0.042249 seconds
Number of updated asset objects reloaded before import = 0
Number of asset objects unloaded after import = 9
========================================================================
Received Import Request.
  Time since last request: 0.000017 seconds.
  path: Packages/com.meta.xr.sdk.core/Meshes/OculusTouchForQuest2/OculusTouchForQuest2_Right.fbx
  artifactKey: Guid(25b5eb0761edb6346b0b3444af76b55e) Importer(815301076,1909f56bfc062723c751e8b465ee728b)
Start importing Packages/com.meta.xr.sdk.core/Meshes/OculusTouchForQuest2/OculusTouchForQuest2_Right.fbx using Guid(25b5eb0761edb6346b0b3444af76b55e) Importer(815301076,1909f56bfc062723c751e8b465ee728b) [PhysX] Initialized MultithreadedTaskDispatcher with 16 workers.
[PhysX] Initialized MultithreadedTaskDispatcher with 16 workers.
[PhysX] Initialized MultithreadedTaskDispatcher with 16 workers.
[PhysX] Initialized MultithreadedTaskDispatcher with 16 workers.
 -> (artifact id: '5c9e8f0be696a6303b869ff55085f308') in 0.049390 seconds
Number of updated asset objects reloaded before import = 0
Number of asset objects unloaded after import = 49
========================================================================
Received Import Request.
  Time since last request: 0.000015 seconds.
  path: Packages/com.meta.xr.sdk.core/Meshes/MetaQuestTouchPlus/Materials/MetaQuestTouchPlusMATphong_left.mat
  artifactKey: Guid(5487a7af70ff7364996d8da93d056fa9) Importer(815301076,1909f56bfc062723c751e8b465ee728b)
Start importing Packages/com.meta.xr.sdk.core/Meshes/MetaQuestTouchPlus/Materials/MetaQuestTouchPlusMATphong_left.mat using Guid(5487a7af70ff7364996d8da93d056fa9) Importer(815301076,1909f56bfc062723c751e8b465ee728b) [PhysX] Initialized MultithreadedTaskDispatcher with 16 workers.
[PhysX] Initialized MultithreadedTaskDispatcher with 16 workers.
 -> (artifact id: '9d36c8f12a2d38e1217d9e3e3e1bbbfa') in 0.332336 seconds
Number of updated asset objects reloaded before import = 0
Number of asset objects unloaded after import = 4
========================================================================
Received Import Request.
  Time since last request: 0.000019 seconds.
  path: Packages/com.meta.xr.sdk.interaction/Runtime/Sample/Audio/Prefabs/BasicRayBackAudio.prefab
  artifactKey: Guid(1d7be4acb4bd00648841123ed349dc57) Importer(815301076,1909f56bfc062723c751e8b465ee728b)
Start importing Packages/com.meta.xr.sdk.interaction/Runtime/Sample/Audio/Prefabs/BasicRayBackAudio.prefab using Guid(1d7be4acb4bd00648841123ed349dc57) Importer(815301076,1909f56bfc062723c751e8b465ee728b) [PhysX] Initialized MultithreadedTaskDispatcher with 16 workers.
 -> (artifact id: '352b3caee864e3716d3b50c5d9cc1a7c') in 0.024572 seconds
Number of updated asset objects reloaded before import = 0
Number of asset objects unloaded after import = 7
========================================================================
Received Import Request.
  Time since last request: 0.000021 seconds.
  path: Packages/com.meta.xr.mrutilitykit/Core/Materials/FakeGuardian.mat
  artifactKey: Guid(07e415bcbeb844f969df36f3565e4bf1) Importer(815301076,1909f56bfc062723c751e8b465ee728b)
Start importing Packages/com.meta.xr.mrutilitykit/Core/Materials/FakeGuardian.mat using Guid(07e415bcbeb844f969df36f3565e4bf1) Importer(815301076,1909f56bfc062723c751e8b465ee728b) [PhysX] Initialized MultithreadedTaskDispatcher with 16 workers.
[PhysX] Initialized MultithreadedTaskDispatcher with 16 workers.
 -> (artifact id: 'cf31550b7f8916c62f08ec7e99093ab3') in 0.028371 seconds
Number of updated asset objects reloaded before import = 0
Number of asset objects unloaded after import = 1
========================================================================
Received Import Request.
  Time since last request: 0.000022 seconds.
  path: Packages/com.meta.xr.sdk.voice/Lib/Wit.ai/Art/SHUB_Sample/TPOSE_v3.fbx
  artifactKey: Guid(25e6fa8d93797b5408956303a37d70b4) Importer(815301076,1909f56bfc062723c751e8b465ee728b)
Start importing Packages/com.meta.xr.sdk.voice/Lib/Wit.ai/Art/SHUB_Sample/TPOSE_v3.fbx using Guid(25e6fa8d93797b5408956303a37d70b4) Importer(815301076,1909f56bfc062723c751e8b465ee728b) [PhysX] Initialized MultithreadedTaskDispatcher with 16 workers.
[PhysX] Initialized MultithreadedTaskDispatcher with 16 workers.
[PhysX] Initialized MultithreadedTaskDispatcher with 16 workers.
[PhysX] Initialized MultithreadedTaskDispatcher with 16 workers.
[PhysX] Initialized MultithreadedTaskDispatcher with 16 workers.
[PhysX] Initialized MultithreadedTaskDispatcher with 16 workers.
[PhysX] Initialized MultithreadedTaskDispatcher with 16 workers.
[PhysX] Initialized MultithreadedTaskDispatcher with 16 workers.
[PhysX] Initialized MultithreadedTaskDispatcher with 16 workers.
[PhysX] Initialized MultithreadedTaskDispatcher with 16 workers.
[PhysX] Initialized MultithreadedTaskDispatcher with 16 workers.
[PhysX] Initialized MultithreadedTaskDispatcher with 16 workers.
[PhysX] Initialized MultithreadedTaskDispatcher with 16 workers.
[PhysX] Initialized MultithreadedTaskDispatcher with 16 workers.
 -> (artifact id: '5945a4b11eb2c5a76df6583cbbb24642') in 0.614454 seconds
Number of updated asset objects reloaded before import = 0
Number of asset objects unloaded after import = 170
========================================================================
Received Import Request.
  Time since last request: 0.000022 seconds.
  path: Packages/com.meta.xr.mrutilitykit/Core/Materials/GRAY_Wall.mat
  artifactKey: Guid(b4595016ef5b8214fb56ad03c84e04c3) Importer(815301076,1909f56bfc062723c751e8b465ee728b)
Start importing Packages/com.meta.xr.mrutilitykit/Core/Materials/GRAY_Wall.mat using Guid(b4595016ef5b8214fb56ad03c84e04c3) Importer(815301076,1909f56bfc062723c751e8b465ee728b) [PhysX] Initialized MultithreadedTaskDispatcher with 16 workers.
[PhysX] Initialized MultithreadedTaskDispatcher with 16 workers.
 -> (artifact id: '940ae669296672865ea5e7c7f585412a') in 0.022591 seconds
Number of updated asset objects reloaded before import = 0
Number of asset objects unloaded after import = 1
========================================================================
Received Import Request.
  Time since last request: 0.000031 seconds.
  path: Packages/com.meta.xr.sdk.interaction/Runtime/Prefabs/VelocityCalculators/ControllerVelocityCalculator.prefab
  artifactKey: Guid(b6e5411f1b2c1fd4ab99a43d2142ea16) Importer(815301076,1909f56bfc062723c751e8b465ee728b)
Start importing Packages/com.meta.xr.sdk.interaction/Runtime/Prefabs/VelocityCalculators/ControllerVelocityCalculator.prefab using Guid(b6e5411f1b2c1fd4ab99a43d2142ea16) Importer(815301076,1909f56bfc062723c751e8b465ee728b) [PhysX] Initialized MultithreadedTaskDispatcher with 16 workers.
 -> (artifact id: '233606706265ea065fe4bfeb28492acd') in 0.004348 seconds
Number of updated asset objects reloaded before import = 0
Number of asset objects unloaded after import = 6
========================================================================
Received Import Request.
  Time since last request: 0.000019 seconds.
  path: Packages/com.meta.xr.mrutilitykit/Core/Prefabs/[Obsolete] PTRLGlobalMesh.prefab
  artifactKey: Guid(b3d4154573486a54b8a50156e475bcf3) Importer(815301076,1909f56bfc062723c751e8b465ee728b)
Start importing Packages/com.meta.xr.mrutilitykit/Core/Prefabs/[Obsolete] PTRLGlobalMesh.prefab using Guid(b3d4154573486a54b8a50156e475bcf3) Importer(815301076,1909f56bfc062723c751e8b465ee728b) [PhysX] Initialized MultithreadedTaskDispatcher with 16 workers.
 -> (artifact id: '31d46596ffc1f08517671ca477f09b9d') in 0.003445 seconds
Number of updated asset objects reloaded before import = 0
Number of asset objects unloaded after import = 10
========================================================================
Received Import Request.
  Time since last request: 0.000018 seconds.
  path: Packages/com.meta.xr.sdk.interaction/Runtime/Sample/Objects/Props/ChessPiece/Models/simpleGrabKnightConvexHulls.fbx
  artifactKey: Guid(6626c40df85db304a9ab41baa2178c45) Importer(815301076,1909f56bfc062723c751e8b465ee728b)
Start importing Packages/com.meta.xr.sdk.interaction/Runtime/Sample/Objects/Props/ChessPiece/Models/simpleGrabKnightConvexHulls.fbx using Guid(6626c40df85db304a9ab41baa2178c45) Importer(815301076,1909f56bfc062723c751e8b465ee728b) [PhysX] Initialized MultithreadedTaskDispatcher with 16 workers.
[PhysX] Initialized MultithreadedTaskDispatcher with 16 workers.
[PhysX] Initialized MultithreadedTaskDispatcher with 16 workers.
[PhysX] Initialized MultithreadedTaskDispatcher with 16 workers.
[PhysX] Initialized MultithreadedTaskDispatcher with 16 workers.
[PhysX] Initialized MultithreadedTaskDispatcher with 16 workers.
[PhysX] Initialized MultithreadedTaskDispatcher with 16 workers.
[PhysX] Initialized MultithreadedTaskDispatcher with 16 workers.
[PhysX] Initialized MultithreadedTaskDispatcher with 16 workers.
[PhysX] Initialized MultithreadedTaskDispatcher with 16 workers.
 -> (artifact id: 'b45324c4ff55629f51cda40cd76c459e') in 0.052005 seconds
Number of updated asset objects reloaded before import = 0
Number of asset objects unloaded after import = 24
========================================================================
Received Import Request.
  Time since last request: 0.000022 seconds.
  path: Packages/com.meta.xr.mrutilitykit/Core/Rooms/Prefabs/Bedroom/Bedroom02.prefab
  artifactKey: Guid(35e526707112ea84db34e4fb31f699b3) Importer(815301076,1909f56bfc062723c751e8b465ee728b)
Start importing Packages/com.meta.xr.mrutilitykit/Core/Rooms/Prefabs/Bedroom/Bedroom02.prefab using Guid(35e526707112ea84db34e4fb31f699b3) Importer(815301076,1909f56bfc062723c751e8b465ee728b) [PhysX] Initialized MultithreadedTaskDispatcher with 16 workers.
[PhysX] Initialized MultithreadedTaskDispatcher with 16 workers.
 -> (artifact id: '384eabd86d5791af5aee10d8ef331975') in 0.021895 seconds
Number of updated asset objects reloaded before import = 0
Number of asset objects unloaded after import = 91
========================================================================
Received Import Request.
  Time since last request: 0.000017 seconds.
  path: Packages/com.meta.xr.sdk.core/Meshes/OculusTouchForRift/right_touch_controller_model_skel.fbx
  artifactKey: Guid(c3798d66af7bbe54bbfe22a3b302300b) Importer(815301076,1909f56bfc062723c751e8b465ee728b)
Start importing Packages/com.meta.xr.sdk.core/Meshes/OculusTouchForRift/right_touch_controller_model_skel.fbx using Guid(c3798d66af7bbe54bbfe22a3b302300b) Importer(815301076,1909f56bfc062723c751e8b465ee728b) [PhysX] Initialized MultithreadedTaskDispatcher with 16 workers.
[PhysX] Initialized MultithreadedTaskDispatcher with 16 workers.
[PhysX] Initialized MultithreadedTaskDispatcher with 16 workers.
[PhysX] Initialized MultithreadedTaskDispatcher with 16 workers.
 -> (artifact id: 'e0bc254d5ea610549edc64d1944a0949') in 0.044211 seconds
Number of updated asset objects reloaded before import = 0
Number of asset objects unloaded after import = 47
========================================================================
Received Import Request.
  Time since last request: 0.000019 seconds.
  path: Packages/com.meta.xr.sdk.core/Scripts/BuildingBlocks/MultiplayerBlocks/Shared/NetworkedAvatar/AvatarSDK/Prefabs/Rendering/AVATAR_LOD_DEBUG_CANVAS.prefab
  artifactKey: Guid(bc69bed182ea859469880da3ad5f2f7c) Importer(815301076,1909f56bfc062723c751e8b465ee728b)
Start importing Packages/com.meta.xr.sdk.core/Scripts/BuildingBlocks/MultiplayerBlocks/Shared/NetworkedAvatar/AvatarSDK/Prefabs/Rendering/AVATAR_LOD_DEBUG_CANVAS.prefab using Guid(bc69bed182ea859469880da3ad5f2f7c) Importer(815301076,1909f56bfc062723c751e8b465ee728b) [PhysX] Initialized MultithreadedTaskDispatcher with 16 workers.
 -> (artifact id: '13a4464774f5c640d7fb05e112595f23') in 0.004422 seconds
Number of updated asset objects reloaded before import = 0
Number of asset objects unloaded after import = 12
========================================================================
Received Import Request.
  Time since last request: 0.000016 seconds.
  path: Packages/com.meta.xr.sdk.interaction/Runtime/Prefabs/Controllers.prefab
  artifactKey: Guid(ad9b966cab9674348856e3325c3cb4ba) Importer(815301076,1909f56bfc062723c751e8b465ee728b)
Start importing Packages/com.meta.xr.sdk.interaction/Runtime/Prefabs/Controllers.prefab using Guid(ad9b966cab9674348856e3325c3cb4ba) Importer(815301076,1909f56bfc062723c751e8b465ee728b) [PhysX] Initialized MultithreadedTaskDispatcher with 16 workers.
 -> (artifact id: '34cec7b104642c1440cab93889068706') in 0.003726 seconds
Number of updated asset objects reloaded before import = 0
Number of asset objects unloaded after import = 18
========================================================================
Received Import Request.
  Time since last request: 0.000016 seconds.
  path: Packages/com.meta.xr.sdk.interaction/Runtime/Sample/Objects/Props/Doll/Materials/DollMat.mat
  artifactKey: Guid(9b71addb332f4584da09a4e6689d6e70) Importer(815301076,1909f56bfc062723c751e8b465ee728b)
Start importing Packages/com.meta.xr.sdk.interaction/Runtime/Sample/Objects/Props/Doll/Materials/DollMat.mat using Guid(9b71addb332f4584da09a4e6689d6e70) Importer(815301076,1909f56bfc062723c751e8b465ee728b) [PhysX] Initialized MultithreadedTaskDispatcher with 16 workers.
[PhysX] Initialized MultithreadedTaskDispatcher with 16 workers.
 -> (artifact id: '430b7c5d03f2ddd65ef30ee493d54629') in 0.026071 seconds
Number of updated asset objects reloaded before import = 0
Number of asset objects unloaded after import = 2
========================================================================
Received Import Request.
  Time since last request: 0.000017 seconds.
  path: Packages/com.meta.xr.sdk.interaction/Runtime/Sample/Objects/Environment/Tooltips/Dialog.prefab
  artifactKey: Guid(b16424dcc3deba241b1457370a8e5b5e) Importer(815301076,1909f56bfc062723c751e8b465ee728b)
Start importing Packages/com.meta.xr.sdk.interaction/Runtime/Sample/Objects/Environment/Tooltips/Dialog.prefab using Guid(b16424dcc3deba241b1457370a8e5b5e) Importer(815301076,1909f56bfc062723c751e8b465ee728b) [PhysX] Initialized MultithreadedTaskDispatcher with 16 workers.
 -> (artifact id: 'feb4df62556e7688858fea4c2f9a1acf') in 0.015081 seconds
Number of updated asset objects reloaded before import = 0
Number of asset objects unloaded after import = 48
========================================================================
Received Import Request.
  Time since last request: 0.000014 seconds.
  path: Packages/com.meta.xr.sdk.core/Materials/OVRTrackedKeyboard/BillboardMask.mat
  artifactKey: Guid(e5efaaa7295b60c4b99c88ff76db4d0c) Importer(815301076,1909f56bfc062723c751e8b465ee728b)
Start importing Packages/com.meta.xr.sdk.core/Materials/OVRTrackedKeyboard/BillboardMask.mat using Guid(e5efaaa7295b60c4b99c88ff76db4d0c) Importer(815301076,1909f56bfc062723c751e8b465ee728b) [PhysX] Initialized MultithreadedTaskDispatcher with 16 workers.
[PhysX] Initialized MultithreadedTaskDispatcher with 16 workers.
 -> (artifact id: '04107f7355edd2a487cd1772d687f1af') in 0.067403 seconds
Number of updated asset objects reloaded before import = 0
Number of asset objects unloaded after import = 1
========================================================================
Received Import Request.
  Time since last request: 0.000030 seconds.
  path: Packages/com.meta.xr.sdk.interaction/Runtime/Materials/LocomotionIndicatorMaterial.mat
  artifactKey: Guid(e0c493fb22c458946bd44e502efbecd7) Importer(815301076,1909f56bfc062723c751e8b465ee728b)
Start importing Packages/com.meta.xr.sdk.interaction/Runtime/Materials/LocomotionIndicatorMaterial.mat using Guid(e0c493fb22c458946bd44e502efbecd7) Importer(815301076,1909f56bfc062723c751e8b465ee728b) [PhysX] Initialized MultithreadedTaskDispatcher with 16 workers.
[PhysX] Initialized MultithreadedTaskDispatcher with 16 workers.
 -> (artifact id: '2f6709e758c7a701e7ef0755e6e5e637') in 0.018595 seconds
Number of updated asset objects reloaded before import = 0
Number of asset objects unloaded after import = 1
========================================================================
Received Import Request.
  Time since last request: 0.000036 seconds.
  path: Packages/com.meta.xr.sdk.core/Editor/BuildingBlocks/BlockData/HandTracking/Materials/DefaultHandMaterial.mat
  artifactKey: Guid(aa70c70787230f248b33d8a0ce1a6c3d) Importer(815301076,1909f56bfc062723c751e8b465ee728b)
Start importing Packages/com.meta.xr.sdk.core/Editor/BuildingBlocks/BlockData/HandTracking/Materials/DefaultHandMaterial.mat using Guid(aa70c70787230f248b33d8a0ce1a6c3d) Importer(815301076,1909f56bfc062723c751e8b465ee728b) [PhysX] Initialized MultithreadedTaskDispatcher with 16 workers.
[PhysX] Initialized MultithreadedTaskDispatcher with 16 workers.
 -> (artifact id: '973ab760c59a6a211a8cb72c94f7c999') in 0.022472 seconds
Number of updated asset objects reloaded before import = 0
Number of asset objects unloaded after import = 1
========================================================================
Received Import Request.
  Time since last request: 0.000018 seconds.
  path: Packages/com.meta.xr.sdk.interaction/Runtime/Sample/Objects/Props/Materials/CubeMaterialGreen.mat
  artifactKey: Guid(2cc7f2461925b5c45a164db3cf15d942) Importer(815301076,1909f56bfc062723c751e8b465ee728b)
Start importing Packages/com.meta.xr.sdk.interaction/Runtime/Sample/Objects/Props/Materials/CubeMaterialGreen.mat using Guid(2cc7f2461925b5c45a164db3cf15d942) Importer(815301076,1909f56bfc062723c751e8b465ee728b) [PhysX] Initialized MultithreadedTaskDispatcher with 16 workers.
[PhysX] Initialized MultithreadedTaskDispatcher with 16 workers.
 -> (artifact id: '3ab4d089d58e11b7d646a78538b8565a') in 0.024322 seconds
Number of updated asset objects reloaded before import = 0
Number of asset objects unloaded after import = 2
========================================================================
Received Import Request.
  Time since last request: 0.000021 seconds.
  path: Packages/com.meta.xr.sdk.voice/Lib/Wit.ai/Art/SHUB_Sample/Materials/mouth_closed_mtl.mat
  artifactKey: Guid(50e850ca7abf6e7489becd31da622e6a) Importer(815301076,1909f56bfc062723c751e8b465ee728b)
Start importing Packages/com.meta.xr.sdk.voice/Lib/Wit.ai/Art/SHUB_Sample/Materials/mouth_closed_mtl.mat using Guid(50e850ca7abf6e7489becd31da622e6a) Importer(815301076,1909f56bfc062723c751e8b465ee728b) [PhysX] Initialized MultithreadedTaskDispatcher with 16 workers.
[PhysX] Initialized MultithreadedTaskDispatcher with 16 workers.
 -> (artifact id: '35230ffb21dad2692b84af208f5aaec5') in 0.182538 seconds
Number of updated asset objects reloaded before import = 0
Number of asset objects unloaded after import = 2
========================================================================
Received Import Request.
  Time since last request: 0.000023 seconds.
  path: Packages/com.meta.xr.sdk.core/Materials/BasicHandMaterial.mat
  artifactKey: Guid(5ba7d209f622bb44e87b47ce27ee27b7) Importer(815301076,1909f56bfc062723c751e8b465ee728b)
Start importing Packages/com.meta.xr.sdk.core/Materials/BasicHandMaterial.mat using Guid(5ba7d209f622bb44e87b47ce27ee27b7) Importer(815301076,1909f56bfc062723c751e8b465ee728b) [PhysX] Initialized MultithreadedTaskDispatcher with 16 workers.
[PhysX] Initialized MultithreadedTaskDispatcher with 16 workers.
 -> (artifact id: '385c75c82b64ff2673dd62be4415c4ca') in 0.052957 seconds
Number of updated asset objects reloaded before import = 0
Number of asset objects unloaded after import = 2
========================================================================
Received Import Request.
  Time since last request: 0.000030 seconds.
  path: Packages/com.meta.xr.sdk.interaction/Runtime/Sample/Objects/Props/Materials/CubeMaterialBlue.mat
  artifactKey: Guid(d4b438dc8ad501b49a2690e746518b8e) Importer(815301076,1909f56bfc062723c751e8b465ee728b)
Start importing Packages/com.meta.xr.sdk.interaction/Runtime/Sample/Objects/Props/Materials/CubeMaterialBlue.mat using Guid(d4b438dc8ad501b49a2690e746518b8e) Importer(815301076,1909f56bfc062723c751e8b465ee728b) [PhysX] Initialized MultithreadedTaskDispatcher with 16 workers.
[PhysX] Initialized MultithreadedTaskDispatcher with 16 workers.
 -> (artifact id: 'cbfa97d88fb150a836202e0baff97049') in 0.019106 seconds
Number of updated asset objects reloaded before import = 0
Number of asset objects unloaded after import = 2
========================================================================
Received Import Request.
  Time since last request: 0.000023 seconds.
  path: Packages/com.meta.xr.sdk.interaction/Runtime/Sample/Objects/Props/MapWithPins/Materials/MapFrameMat.fbx
  artifactKey: Guid(ca40bcaab931f664bb8884b77b720e18) Importer(815301076,1909f56bfc062723c751e8b465ee728b)
Start importing Packages/com.meta.xr.sdk.interaction/Runtime/Sample/Objects/Props/MapWithPins/Materials/MapFrameMat.fbx using Guid(ca40bcaab931f664bb8884b77b720e18) Importer(815301076,1909f56bfc062723c751e8b465ee728b) [PhysX] Initialized MultithreadedTaskDispatcher with 16 workers.
[PhysX] Initialized MultithreadedTaskDispatcher with 16 workers.
[PhysX] Initialized MultithreadedTaskDispatcher with 16 workers.
[PhysX] Initialized MultithreadedTaskDispatcher with 16 workers.
 -> (artifact id: 'f5494b383e91a1513c0e59469832683f') in 0.038858 seconds
Number of updated asset objects reloaded before import = 0
Number of asset objects unloaded after import = 9
========================================================================
Received Import Request.
  Time since last request: 0.000019 seconds.
  path: Packages/com.meta.xr.sdk.interaction/Runtime/Meshes/OpenXRLeftHand.fbx
  artifactKey: Guid(63d10a535aa014c4f9e3f04185131351) Importer(815301076,1909f56bfc062723c751e8b465ee728b)
Start importing Packages/com.meta.xr.sdk.interaction/Runtime/Meshes/OpenXRLeftHand.fbx using Guid(63d10a535aa014c4f9e3f04185131351) Importer(815301076,1909f56bfc062723c751e8b465ee728b) [PhysX] Initialized MultithreadedTaskDispatcher with 16 workers.
[PhysX] Initialized MultithreadedTaskDispatcher with 16 workers.
[PhysX] Initialized MultithreadedTaskDispatcher with 16 workers.
[PhysX] Initialized MultithreadedTaskDispatcher with 16 workers.
 -> (artifact id: 'b2c7ecdf84cd7e32913151b57b35258a') in 0.031527 seconds
Number of updated asset objects reloaded before import = 0
Number of asset objects unloaded after import = 62
========================================================================
Received Import Request.
  Time since last request: 0.000018 seconds.
  path: Packages/com.meta.xr.sdk.core/Scripts/BuildingBlocks/MultiplayerBlocks/Shared/Colocation/ColocationPackage/Prefabs/AnchorUp.mat
  artifactKey: Guid(2b0f877ff73c16b4caad198b306c9357) Importer(815301076,1909f56bfc062723c751e8b465ee728b)
Start importing Packages/com.meta.xr.sdk.core/Scripts/BuildingBlocks/MultiplayerBlocks/Shared/Colocation/ColocationPackage/Prefabs/AnchorUp.mat using Guid(2b0f877ff73c16b4caad198b306c9357) Importer(815301076,1909f56bfc062723c751e8b465ee728b) [PhysX] Initialized MultithreadedTaskDispatcher with 16 workers.
[PhysX] Initialized MultithreadedTaskDispatcher with 16 workers.
 -> (artifact id: '1b10dbb9187381d4c25d5a7b165e8ae4') in 0.017827 seconds
Number of updated asset objects reloaded before import = 0
Number of asset objects unloaded after import = 1
========================================================================
Received Import Request.
  Time since last request: 0.000017 seconds.
  path: Packages/com.meta.xr.sdk.interaction/Runtime/Sample/Objects/Props/MapWithPins/Materials/MapPointerMat.fbx
  artifactKey: Guid(afcf09e55a190704e99cfd047692166c) Importer(815301076,1909f56bfc062723c751e8b465ee728b)
Start importing Packages/com.meta.xr.sdk.interaction/Runtime/Sample/Objects/Props/MapWithPins/Materials/MapPointerMat.fbx using Guid(afcf09e55a190704e99cfd047692166c) Importer(815301076,1909f56bfc062723c751e8b465ee728b) [PhysX] Initialized MultithreadedTaskDispatcher with 16 workers.
[PhysX] Initialized MultithreadedTaskDispatcher with 16 workers.
[PhysX] Initialized MultithreadedTaskDispatcher with 16 workers.
[PhysX] Initialized MultithreadedTaskDispatcher with 16 workers.
 -> (artifact id: '556142f7e1ee589d5410c447b24248a9') in 0.045450 seconds
Number of updated asset objects reloaded before import = 0
Number of asset objects unloaded after import = 9
========================================================================
Received Import Request.
  Time since last request: 0.000026 seconds.
  path: Packages/com.meta.xr.sdk.core/Scripts/ImmersiveDebugger/UserInterface/Resources/Fonts/RobotoMono-VariableFont_wght.ttf
  artifactKey: Guid(d7b7c71c81d721f439d51761df04d4d6) Importer(815301076,1909f56bfc062723c751e8b465ee728b)
Start importing Packages/com.meta.xr.sdk.core/Scripts/ImmersiveDebugger/UserInterface/Resources/Fonts/RobotoMono-VariableFont_wght.ttf using Guid(d7b7c71c81d721f439d51761df04d4d6) Importer(815301076,1909f56bfc062723c751e8b465ee728b) [PhysX] Initialized MultithreadedTaskDispatcher with 16 workers.
[PhysX] Initialized MultithreadedTaskDispatcher with 16 workers.
[PhysX] Initialized MultithreadedTaskDispatcher with 16 workers.
 -> (artifact id: 'e2a6f28d612bb318f32204d6546d9458') in 0.040423 seconds
Number of updated asset objects reloaded before import = 0
Number of asset objects unloaded after import = 4
========================================================================
Received Import Request.
  Time since last request: 0.000019 seconds.
  path: Packages/com.meta.xr.sdk.interaction/Runtime/Sample/Objects/Environment/Locomotion/Models/Materials/LocomotionMirrorMat.mat
  artifactKey: Guid(116ea48a5d0307d4b99006d38bafbb80) Importer(815301076,1909f56bfc062723c751e8b465ee728b)
Start importing Packages/com.meta.xr.sdk.interaction/Runtime/Sample/Objects/Environment/Locomotion/Models/Materials/LocomotionMirrorMat.mat using Guid(116ea48a5d0307d4b99006d38bafbb80) Importer(815301076,1909f56bfc062723c751e8b465ee728b) [PhysX] Initialized MultithreadedTaskDispatcher with 16 workers.
[PhysX] Initialized MultithreadedTaskDispatcher with 16 workers.
 -> (artifact id: 'c6cdd4748027991fda99b13d2c3bc85e') in 0.019900 seconds
Number of updated asset objects reloaded before import = 0
Number of asset objects unloaded after import = 1
========================================================================
Received Import Request.
  Time since last request: 0.000028 seconds.
  path: Packages/com.meta.xr.sdk.interaction/Runtime/Sample/Objects/Props/TennisBall/TennisBall.fbx
  artifactKey: Guid(6b5750d4379112e44993b8d4081f09b4) Importer(815301076,1909f56bfc062723c751e8b465ee728b)
Start importing Packages/com.meta.xr.sdk.interaction/Runtime/Sample/Objects/Props/TennisBall/TennisBall.fbx using Guid(6b5750d4379112e44993b8d4081f09b4) Importer(815301076,1909f56bfc062723c751e8b465ee728b) [PhysX] Initialized MultithreadedTaskDispatcher with 16 workers.
[PhysX] Initialized MultithreadedTaskDispatcher with 16 workers.
[PhysX] Initialized MultithreadedTaskDispatcher with 16 workers.
 -> (artifact id: '78d41fb63a983255781ae149d3ad75ca') in 0.054977 seconds
Number of updated asset objects reloaded before import = 0
Number of asset objects unloaded after import = 9
========================================================================
Received Import Request.
  Time since last request: 0.000023 seconds.
  path: Packages/com.meta.xr.sdk.core/Editor/BuildingBlocks/BlockData/SampleSpatialAnchorController/Meshs/AnchorModel.fbx
  artifactKey: Guid(7d83cba011175b348a00dd821fe8cddd) Importer(815301076,1909f56bfc062723c751e8b465ee728b)
Start importing Packages/com.meta.xr.sdk.core/Editor/BuildingBlocks/BlockData/SampleSpatialAnchorController/Meshs/AnchorModel.fbx using Guid(7d83cba011175b348a00dd821fe8cddd) Importer(815301076,1909f56bfc062723c751e8b465ee728b) [PhysX] Initialized MultithreadedTaskDispatcher with 16 workers.
[PhysX] Initialized MultithreadedTaskDispatcher with 16 workers.
[PhysX] Initialized MultithreadedTaskDispatcher with 16 workers.
[PhysX] Initialized MultithreadedTaskDispatcher with 16 workers.
[PhysX] Initialized MultithreadedTaskDispatcher with 16 workers.
[PhysX] Initialized MultithreadedTaskDispatcher with 16 workers.
[PhysX] Initialized MultithreadedTaskDispatcher with 16 workers.
[PhysX] Initialized MultithreadedTaskDispatcher with 16 workers.
[PhysX] Initialized MultithreadedTaskDispatcher with 16 workers.
[PhysX] Initialized MultithreadedTaskDispatcher with 16 workers.
[PhysX] Initialized MultithreadedTaskDispatcher with 16 workers.
[PhysX] Initialized MultithreadedTaskDispatcher with 16 workers.
[PhysX] Initialized MultithreadedTaskDispatcher with 16 workers.
[PhysX] Initialized MultithreadedTaskDispatcher with 16 workers.
[PhysX] Initialized MultithreadedTaskDispatcher with 16 workers.
 -> (artifact id: 'a2688e1d75f67699dfe57c02dd73aff7') in 0.095609 seconds
Number of updated asset objects reloaded before import = 0
Number of asset objects unloaded after import = 31
========================================================================
Received Import Request.
  Time since last request: 0.000018 seconds.
  path: Packages/com.meta.xr.sdk.interaction/Runtime/Sample/Objects/Environment/Locomotion/Models/Meta_LocamotionBedroom.fbx
  artifactKey: Guid(401a8d8a1bfb7104bb0b059f9ceefba2) Importer(815301076,1909f56bfc062723c751e8b465ee728b)
Start importing Packages/com.meta.xr.sdk.interaction/Runtime/Sample/Objects/Environment/Locomotion/Models/Meta_LocamotionBedroom.fbx using Guid(401a8d8a1bfb7104bb0b059f9ceefba2) Importer(815301076,1909f56bfc062723c751e8b465ee728b) [PhysX] Initialized MultithreadedTaskDispatcher with 16 workers.
[PhysX] Initialized MultithreadedTaskDispatcher with 16 workers.
[PhysX] Initialized MultithreadedTaskDispatcher with 16 workers.
[PhysX] Initialized MultithreadedTaskDispatcher with 16 workers.
[PhysX] Initialized MultithreadedTaskDispatcher with 16 workers.
[PhysX] Initialized MultithreadedTaskDispatcher with 16 workers.
 -> (artifact id: '4f27ffff2fa9a844bcc64646cf12b116') in 0.068825 seconds
Number of updated asset objects reloaded before import = 0
Number of asset objects unloaded after import = 17
========================================================================
Received Import Request.
  Time since last request: 0.000018 seconds.
  path: Packages/com.meta.xr.sdk.interaction/Runtime/Sample/Objects/Environment/Locomotion/Models/Meta_LocomotionInteriorDoors.fbx
  artifactKey: Guid(3a3482bc28b685d4e9599a050db6d5f8) Importer(815301076,1909f56bfc062723c751e8b465ee728b)
Start importing Packages/com.meta.xr.sdk.interaction/Runtime/Sample/Objects/Environment/Locomotion/Models/Meta_LocomotionInteriorDoors.fbx using Guid(3a3482bc28b685d4e9599a050db6d5f8) Importer(815301076,1909f56bfc062723c751e8b465ee728b) [PhysX] Initialized MultithreadedTaskDispatcher with 16 workers.
[PhysX] Initialized MultithreadedTaskDispatcher with 16 workers.
[PhysX] Initialized MultithreadedTaskDispatcher with 16 workers.
[PhysX] Initialized MultithreadedTaskDispatcher with 16 workers.
[PhysX] Initialized MultithreadedTaskDispatcher with 16 workers.
[PhysX] Initialized MultithreadedTaskDispatcher with 16 workers.
[PhysX] Initialized MultithreadedTaskDispatcher with 16 workers.
 -> (artifact id: '9e65b1f65245becc9a244dfb7f395cba') in 0.051093 seconds
Number of updated asset objects reloaded before import = 0
Number of asset objects unloaded after import = 26
========================================================================
Received Import Request.
  Time since last request: 0.000023 seconds.
  path: Packages/com.meta.xr.sdk.core/Scripts/BuildingBlocks/MultiplayerBlocks/Shared/Colocation/ColocationPackage/Prefabs/AnchorLeft.mat
  artifactKey: Guid(2ae051fef5184a0468090e879c694ddc) Importer(815301076,1909f56bfc062723c751e8b465ee728b)
Start importing Packages/com.meta.xr.sdk.core/Scripts/BuildingBlocks/MultiplayerBlocks/Shared/Colocation/ColocationPackage/Prefabs/AnchorLeft.mat using Guid(2ae051fef5184a0468090e879c694ddc) Importer(815301076,1909f56bfc062723c751e8b465ee728b) [PhysX] Initialized MultithreadedTaskDispatcher with 16 workers.
[PhysX] Initialized MultithreadedTaskDispatcher with 16 workers.
 -> (artifact id: 'dfd864e003f69b96790f113a9220bba6') in 0.017322 seconds
Number of updated asset objects reloaded before import = 0
Number of asset objects unloaded after import = 1
========================================================================
Received Import Request.
  Time since last request: 0.000018 seconds.
  path: Packages/com.meta.xr.sdk.core/Materials/gaze_cursor.mat
  artifactKey: Guid(7f31de375e167154aa45929466af30e4) Importer(815301076,1909f56bfc062723c751e8b465ee728b)
Start importing Packages/com.meta.xr.sdk.core/Materials/gaze_cursor.mat using Guid(7f31de375e167154aa45929466af30e4) Importer(815301076,1909f56bfc062723c751e8b465ee728b) [PhysX] Initialized MultithreadedTaskDispatcher with 16 workers.
[PhysX] Initialized MultithreadedTaskDispatcher with 16 workers.
 -> (artifact id: '2f74bad961212a4f071f9b324f9b0b68') in 0.031900 seconds
Number of updated asset objects reloaded before import = 0
Number of asset objects unloaded after import = 2
========================================================================
Received Import Request.
  Time since last request: 0.000025 seconds.
  path: Packages/com.meta.xr.sdk.interaction/Runtime/Meshes/Locomotion/LocomotionCross.fbx
  artifactKey: Guid(2b65669b2ea8c2a4f98c14c2873b1d97) Importer(815301076,1909f56bfc062723c751e8b465ee728b)
Start importing Packages/com.meta.xr.sdk.interaction/Runtime/Meshes/Locomotion/LocomotionCross.fbx using Guid(2b65669b2ea8c2a4f98c14c2873b1d97) Importer(815301076,1909f56bfc062723c751e8b465ee728b) [PhysX] Initialized MultithreadedTaskDispatcher with 16 workers.
[PhysX] Initialized MultithreadedTaskDispatcher with 16 workers.
[PhysX] Initialized MultithreadedTaskDispatcher with 16 workers.
[PhysX] Initialized MultithreadedTaskDispatcher with 16 workers.
 -> (artifact id: 'eb7f5c3b84db3928436a2a16c6b221a5') in 0.025915 seconds
Number of updated asset objects reloaded before import = 0
Number of asset objects unloaded after import = 9
========================================================================
Received Import Request.
  Time since last request: 0.000021 seconds.
  path: Packages/com.meta.xr.sdk.core/Meshes/MetaQuestTouchPro/Materials/MetaQuestProLeft_Material.mat
  artifactKey: Guid(b58fdf466c162d447913b955fc10ad96) Importer(815301076,1909f56bfc062723c751e8b465ee728b)
Start importing Packages/com.meta.xr.sdk.core/Meshes/MetaQuestTouchPro/Materials/MetaQuestProLeft_Material.mat using Guid(b58fdf466c162d447913b955fc10ad96) Importer(815301076,1909f56bfc062723c751e8b465ee728b) [PhysX] Initialized MultithreadedTaskDispatcher with 16 workers.
[PhysX] Initialized MultithreadedTaskDispatcher with 16 workers.
 -> (artifact id: '62785ed0b0c7bcf184d808e7225ab725') in 0.335652 seconds
Number of updated asset objects reloaded before import = 0
Number of asset objects unloaded after import = 3
========================================================================
Received Import Request.
  Time since last request: 0.000036 seconds.
  path: Packages/com.meta.xr.sdk.core/Editor/BuildingBlocks/BlockData/EyeGaze/Prefabs/bb_prefab_eyegaze.prefab
  artifactKey: Guid(cd20efabdb0a60745a5015c0d733df31) Importer(815301076,1909f56bfc062723c751e8b465ee728b)
Start importing Packages/com.meta.xr.sdk.core/Editor/BuildingBlocks/BlockData/EyeGaze/Prefabs/bb_prefab_eyegaze.prefab using Guid(cd20efabdb0a60745a5015c0d733df31) Importer(815301076,1909f56bfc062723c751e8b465ee728b) [PhysX] Initialized MultithreadedTaskDispatcher with 16 workers.
 -> (artifact id: 'e657c32a3d9516ee4cd2710c786d50b7') in 0.005234 seconds
Number of updated asset objects reloaded before import = 0
Number of asset objects unloaded after import = 5
========================================================================
Received Import Request.
  Time since last request: 0.000027 seconds.
  path: Packages/com.meta.xr.sdk.interaction/Runtime/Sample/Objects/Environment/BasicPoseDetectionPoses.prefab
  artifactKey: Guid(48779c4e9105c1d4c986f52958bba9a3) Importer(815301076,1909f56bfc062723c751e8b465ee728b)
Start importing Packages/com.meta.xr.sdk.interaction/Runtime/Sample/Objects/Environment/BasicPoseDetectionPoses.prefab using Guid(48779c4e9105c1d4c986f52958bba9a3) Importer(815301076,1909f56bfc062723c751e8b465ee728b) [PhysX] Initialized MultithreadedTaskDispatcher with 16 workers.
 -> (artifact id: 'f81ff96207ef86c79b87fa10bd2a2a04') in 0.585028 seconds
Number of updated asset objects reloaded before import = 0
Number of asset objects unloaded after import = 216
========================================================================
Received Import Request.
  Time since last request: 0.000029 seconds.
  path: Packages/com.meta.xr.mrutilitykit/Core/Materials/InvisibleOccluder.mat
  artifactKey: Guid(ccf589b723c074315bad425b4e7654cf) Importer(815301076,1909f56bfc062723c751e8b465ee728b)
Start importing Packages/com.meta.xr.mrutilitykit/Core/Materials/InvisibleOccluder.mat using Guid(ccf589b723c074315bad425b4e7654cf) Importer(815301076,1909f56bfc062723c751e8b465ee728b) [PhysX] Initialized MultithreadedTaskDispatcher with 16 workers.
[PhysX] Initialized MultithreadedTaskDispatcher with 16 workers.
 -> (artifact id: 'b110f9f5714edc4be2de961e13db5bcc') in 0.020376 seconds
Number of updated asset objects reloaded before import = 0
Number of asset objects unloaded after import = 1
========================================================================
Received Import Request.
  Time since last request: 0.000031 seconds.
  path: Packages/com.meta.xr.sdk.interaction/Runtime/Sample/Objects/UISet/Prefabs/ContextMenu/ContextMenuIconAnd1LineText.prefab
  artifactKey: Guid(f5afee37ea736084481e54ff6620d9e5) Importer(815301076,1909f56bfc062723c751e8b465ee728b)
Start importing Packages/com.meta.xr.sdk.interaction/Runtime/Sample/Objects/UISet/Prefabs/ContextMenu/ContextMenuIconAnd1LineText.prefab using Guid(f5afee37ea736084481e54ff6620d9e5) Importer(815301076,1909f56bfc062723c751e8b465ee728b) [PhysX] Initialized MultithreadedTaskDispatcher with 16 workers.
 -> (artifact id: 'c073b36915c49f3348091cf1dbf69342') in 0.021239 seconds
Number of updated asset objects reloaded before import = 0
Number of asset objects unloaded after import = 923
========================================================================
Received Import Request.
  Time since last request: 0.000017 seconds.
  path: Packages/com.meta.xr.sdk.interaction/Runtime/Sample/Objects/Props/Mug/Models/mugMeshConvexHulls.fbx
  artifactKey: Guid(16157b39a59f3c348a4a148eaa1770a1) Importer(815301076,1909f56bfc062723c751e8b465ee728b)
Start importing Packages/com.meta.xr.sdk.interaction/Runtime/Sample/Objects/Props/Mug/Models/mugMeshConvexHulls.fbx using Guid(16157b39a59f3c348a4a148eaa1770a1) Importer(815301076,1909f56bfc062723c751e8b465ee728b) [PhysX] Initialized MultithreadedTaskDispatcher with 16 workers.
[PhysX] Initialized MultithreadedTaskDispatcher with 16 workers.
[PhysX] Initialized MultithreadedTaskDispatcher with 16 workers.
[PhysX] Initialized MultithreadedTaskDispatcher with 16 workers.
[PhysX] Initialized MultithreadedTaskDispatcher with 16 workers.
[PhysX] Initialized MultithreadedTaskDispatcher with 16 workers.
[PhysX] Initialized MultithreadedTaskDispatcher with 16 workers.
[PhysX] Initialized MultithreadedTaskDispatcher with 16 workers.
[PhysX] Initialized MultithreadedTaskDispatcher with 16 workers.
[PhysX] Initialized MultithreadedTaskDispatcher with 16 workers.
[PhysX] Initialized MultithreadedTaskDispatcher with 16 workers.
[PhysX] Initialized MultithreadedTaskDispatcher with 16 workers.
[PhysX] Initialized MultithreadedTaskDispatcher with 16 workers.
[PhysX] Initialized MultithreadedTaskDispatcher with 16 workers.
[PhysX] Initialized MultithreadedTaskDispatcher with 16 workers.
[PhysX] Initialized MultithreadedTaskDispatcher with 16 workers.
[PhysX] Initialized MultithreadedTaskDispatcher with 16 workers.
[PhysX] Initialized MultithreadedTaskDispatcher with 16 workers.
[PhysX] Initialized MultithreadedTaskDispatcher with 16 workers.
[PhysX] Initialized MultithreadedTaskDispatcher with 16 workers.
[PhysX] Initialized MultithreadedTaskDispatcher with 16 workers.
[PhysX] Initialized MultithreadedTaskDispatcher with 16 workers.
[PhysX] Initialized MultithreadedTaskDispatcher with 16 workers.
[PhysX] Initialized MultithreadedTaskDispatcher with 16 workers.
[PhysX] Initialized MultithreadedTaskDispatcher with 16 workers.
[PhysX] Initialized MultithreadedTaskDispatcher with 16 workers.
[PhysX] Initialized MultithreadedTaskDispatcher with 16 workers.
[PhysX] Initialized MultithreadedTaskDispatcher with 16 workers.
 -> (artifact id: 'a092e36d7ced9ebebb207e3d775df0bd') in 0.110684 seconds
Number of updated asset objects reloaded before import = 0
Number of asset objects unloaded after import = 69
========================================================================
Received Import Request.
  Time since last request: 0.000021 seconds.
  path: Packages/com.meta.xr.sdk.core/Meshes/MetaQuestTouchPro/MetaQuestTouchPro_Right.fbx
  artifactKey: Guid(c933168a9a0f1e04bb793786b96e2f4b) Importer(815301076,1909f56bfc062723c751e8b465ee728b)
Start importing Packages/com.meta.xr.sdk.core/Meshes/MetaQuestTouchPro/MetaQuestTouchPro_Right.fbx using Guid(c933168a9a0f1e04bb793786b96e2f4b) Importer(815301076,1909f56bfc062723c751e8b465ee728b) [PhysX] Initialized MultithreadedTaskDispatcher with 16 workers.
[PhysX] Initialized MultithreadedTaskDispatcher with 16 workers.
[PhysX] Initialized MultithreadedTaskDispatcher with 16 workers.
[PhysX] Initialized MultithreadedTaskDispatcher with 16 workers.
[PhysX] Initialized MultithreadedTaskDispatcher with 16 workers.
[PhysX] Initialized MultithreadedTaskDispatcher with 16 workers.
[PhysX] Initialized MultithreadedTaskDispatcher with 16 workers.
[PhysX] Initialized MultithreadedTaskDispatcher with 16 workers.
 -> (artifact id: '4bae603aedb08f12287e6564da16691c') in 0.157021 seconds
Number of updated asset objects reloaded before import = 0
Number of asset objects unloaded after import = 58
========================================================================
Received Import Request.
  Time since last request: 0.000024 seconds.
  path: Packages/com.meta.xr.sdk.interaction/Runtime/Sample/Objects/Environment/Locomotion/Models/Materials/LocomotionRugMat.mat
  artifactKey: Guid(62dbb38de162ebe4a8477298e58468be) Importer(815301076,1909f56bfc062723c751e8b465ee728b)
Start importing Packages/com.meta.xr.sdk.interaction/Runtime/Sample/Objects/Environment/Locomotion/Models/Materials/LocomotionRugMat.mat using Guid(62dbb38de162ebe4a8477298e58468be) Importer(815301076,1909f56bfc062723c751e8b465ee728b) [PhysX] Initialized MultithreadedTaskDispatcher with 16 workers.
[PhysX] Initialized MultithreadedTaskDispatcher with 16 workers.
 -> (artifact id: '509ced4834cc525cc08ebbc0ee0f0d33') in 0.042847 seconds
Number of updated asset objects reloaded before import = 0
Number of asset objects unloaded after import = 3
========================================================================
Received Import Request.
  Time since last request: 0.000028 seconds.
  path: Packages/com.meta.xr.sdk.interaction.ovr/Editor/Blocks/InteractableItems/Prefabs/[BB] Pokeable Plane.prefab
  artifactKey: Guid(7aec9913f7f564a05883130bcdaf2347) Importer(815301076,1909f56bfc062723c751e8b465ee728b)
Start importing Packages/com.meta.xr.sdk.interaction.ovr/Editor/Blocks/InteractableItems/Prefabs/[BB] Pokeable Plane.prefab using Guid(7aec9913f7f564a05883130bcdaf2347) Importer(815301076,1909f56bfc062723c751e8b465ee728b) [PhysX] Initialized MultithreadedTaskDispatcher with 16 workers.
[PhysX] Initialized MultithreadedTaskDispatcher with 16 workers.
 -> (artifact id: '13a405724461f5fb0328d44bd645067f') in 0.017082 seconds
Number of updated asset objects reloaded before import = 0
Number of asset objects unloaded after import = 23
========================================================================
Received Import Request.
  Time since last request: 46.236216 seconds.
  path: Packages/com.meta.xr.sdk.interaction.ovr/Runtime/Oculus.Interaction.OVR.asmdef
  artifactKey: Guid(7040c93f6035f5749888e6fdf5ef28f8) Importer(815301076,1909f56bfc062723c751e8b465ee728b)
Start importing Packages/com.meta.xr.sdk.interaction.ovr/Runtime/Oculus.Interaction.OVR.asmdef using Guid(7040c93f6035f5749888e6fdf5ef28f8) Importer(815301076,1909f56bfc062723c751e8b465ee728b) [PhysX] Initialized MultithreadedTaskDispatcher with 16 workers.
 -> (artifact id: '19fa48de731f0b26834777229ad0fff5') in 0.000722 seconds
Number of updated asset objects reloaded before import = 0
Number of asset objects unloaded after import = 0
========================================================================
Received Import Request.
  Time since last request: 0.006196 seconds.
  path: Packages/com.meta.xr.sdk.interaction.ovr/Editor/Oculus.Interaction.OVR.Editor.asmdef
  artifactKey: Guid(ac6f6d26602ccd34383cd68b90e9941b) Importer(815301076,1909f56bfc062723c751e8b465ee728b)
Start importing Packages/com.meta.xr.sdk.interaction.ovr/Editor/Oculus.Interaction.OVR.Editor.asmdef using Guid(ac6f6d26602ccd34383cd68b90e9941b) Importer(815301076,1909f56bfc062723c751e8b465ee728b) [PhysX] Initialized MultithreadedTaskDispatcher with 16 workers.
 -> (artifact id: 'af8ae5cc452182558baa97568568e755') in 0.000666 seconds
Number of updated asset objects reloaded before import = 0
Number of asset objects unloaded after import = 0
========================================================================
Received Import Request.
  Time since last request: 0.006481 seconds.
  path: Packages/com.meta.xr.sdk.interaction.ovr/Runtime/Sample/Scripts/Oculus.Interaction.OVR.Samples.asmdef
  artifactKey: Guid(da48b4fc4ed07ff45bd973316e2991be) Importer(815301076,1909f56bfc062723c751e8b465ee728b)
Start importing Packages/com.meta.xr.sdk.interaction.ovr/Runtime/Sample/Scripts/Oculus.Interaction.OVR.Samples.asmdef using Guid(da48b4fc4ed07ff45bd973316e2991be) Importer(815301076,1909f56bfc062723c751e8b465ee728b) [PhysX] Initialized MultithreadedTaskDispatcher with 16 workers.
 -> (artifact id: 'c7518a4c764e36e803533e392a16cdff') in 0.000633 seconds
Number of updated asset objects reloaded before import = 0
Number of asset objects unloaded after import = 0
========================================================================
Received Import Request.
  Time since last request: 0.006109 seconds.
  path: Packages/com.meta.xr.sdk.core/Prefabs/OVR Sample Canvas.prefab
  artifactKey: Guid(90e50ed5da21320459bef15430974648) Importer(815301076,1909f56bfc062723c751e8b465ee728b)
Start importing Packages/com.meta.xr.sdk.core/Prefabs/OVR Sample Canvas.prefab using Guid(90e50ed5da21320459bef15430974648) Importer(815301076,1909f56bfc062723c751e8b465ee728b) [PhysX] Initialized MultithreadedTaskDispatcher with 16 workers.
 -> (artifact id: '18b0e4cca31b33b1b17d7cb0e134f763') in 0.020578 seconds
Number of updated asset objects reloaded before import = 0
Number of asset objects unloaded after import = 47
========================================================================
Received Import Request.
  Time since last request: 0.000015 seconds.
  path: Packages/com.meta.xr.sdk.core/Editor/BuildingBlocks/Icons/ovr_bb_icon.png
  artifactKey: Guid(6557dba7c7035a3448c0583098600c6c) Importer(815301076,1909f56bfc062723c751e8b465ee728b)
Start importing Packages/com.meta.xr.sdk.core/Editor/BuildingBlocks/Icons/ovr_bb_icon.png using Guid(6557dba7c7035a3448c0583098600c6c) Importer(815301076,1909f56bfc062723c751e8b465ee728b) [PhysX] Initialized MultithreadedTaskDispatcher with 16 workers.
[PhysX] Initialized MultithreadedTaskDispatcher with 16 workers.
 -> (artifact id: '209838d538fdefd13fddaac85923013f') in 0.025921 seconds
Number of updated asset objects reloaded before import = 0
Number of asset objects unloaded after import = 2
========================================================================
Received Import Request.
  Time since last request: 0.000019 seconds.
  path: Packages/com.meta.xr.sdk.core/Editor/BuildingBlocks/Icons/ovr_bb_sqr_back.png
  artifactKey: Guid(17dfbad93fe658c4f81fe0b8809ad59c) Importer(815301076,1909f56bfc062723c751e8b465ee728b)
Start importing Packages/com.meta.xr.sdk.core/Editor/BuildingBlocks/Icons/ovr_bb_sqr_back.png using Guid(17dfbad93fe658c4f81fe0b8809ad59c) Importer(815301076,1909f56bfc062723c751e8b465ee728b) [PhysX] Initialized MultithreadedTaskDispatcher with 16 workers.
[PhysX] Initialized MultithreadedTaskDispatcher with 16 workers.
 -> (artifact id: '4b6f42074258dff03aef2d05ab805616') in 0.013804 seconds
Number of updated asset objects reloaded before import = 0
Number of asset objects unloaded after import = 2
========================================================================
Received Import Request.
  Time since last request: 0.000015 seconds.
  path: Packages/com.meta.xr.sdk.core/Editor/BuildingBlocks/Icons/ovr_bb_icon_back.png
  artifactKey: Guid(fff83ae4821057b4f86aeb3433707b7e) Importer(815301076,1909f56bfc062723c751e8b465ee728b)
Start importing Packages/com.meta.xr.sdk.core/Editor/BuildingBlocks/Icons/ovr_bb_icon_back.png using Guid(fff83ae4821057b4f86aeb3433707b7e) Importer(815301076,1909f56bfc062723c751e8b465ee728b) [PhysX] Initialized MultithreadedTaskDispatcher with 16 workers.
[PhysX] Initialized MultithreadedTaskDispatcher with 16 workers.
 -> (artifact id: 'ece602e9bdd8e9e592cca113d95a0570') in 0.013447 seconds
Number of updated asset objects reloaded before import = 0
Number of asset objects unloaded after import = 2
========================================================================
Received Import Request.
  Time since last request: 0.000014 seconds.
  path: Packages/com.meta.xr.sdk.core/Editor/Guide/Icons/ovr_bullet.png
  artifactKey: Guid(dab18177eef03d947876924e480bc73d) Importer(815301076,1909f56bfc062723c751e8b465ee728b)
Start importing Packages/com.meta.xr.sdk.core/Editor/Guide/Icons/ovr_bullet.png using Guid(dab18177eef03d947876924e480bc73d) Importer(815301076,1909f56bfc062723c751e8b465ee728b) [PhysX] Initialized MultithreadedTaskDispatcher with 16 workers.
[PhysX] Initialized MultithreadedTaskDispatcher with 16 workers.
 -> (artifact id: 'a6db35acd0e75cb012b10bd26042d126') in 0.016150 seconds
Number of updated asset objects reloaded before import = 0
Number of asset objects unloaded after import = 2
========================================================================
Received Import Request.
  Time since last request: 0.000018 seconds.
  path: Packages/com.meta.xr.sdk.core/Editor/BuildingBlocks/Icons/ovr_icon_break_bb_connection.png
  artifactKey: Guid(2cc13611e3cb1f041b9d309a74761cf8) Importer(815301076,1909f56bfc062723c751e8b465ee728b)
Start importing Packages/com.meta.xr.sdk.core/Editor/BuildingBlocks/Icons/ovr_icon_break_bb_connection.png using Guid(2cc13611e3cb1f041b9d309a74761cf8) Importer(815301076,1909f56bfc062723c751e8b465ee728b) [PhysX] Initialized MultithreadedTaskDispatcher with 16 workers.
[PhysX] Initialized MultithreadedTaskDispatcher with 16 workers.
 -> (artifact id: '6957b875e4c04da7586baffc6835067c') in 0.016416 seconds
Number of updated asset objects reloaded before import = 0
Number of asset objects unloaded after import = 2
========================================================================
Received Import Request.
  Time since last request: 0.000021 seconds.
  path: Packages/com.meta.xr.sdk.core/Editor/BuildingBlocks/Icons/ovr_icon_addblock.png
  artifactKey: Guid(8de3361e4c791f94d85338238347dd7a) Importer(815301076,1909f56bfc062723c751e8b465ee728b)
Start importing Packages/com.meta.xr.sdk.core/Editor/BuildingBlocks/Icons/ovr_icon_addblock.png using Guid(8de3361e4c791f94d85338238347dd7a) Importer(815301076,1909f56bfc062723c751e8b465ee728b) [PhysX] Initialized MultithreadedTaskDispatcher with 16 workers.
[PhysX] Initialized MultithreadedTaskDispatcher with 16 workers.
 -> (artifact id: 'd063e27268a2278b025d2f21cc74faab') in 0.020792 seconds
Number of updated asset objects reloaded before import = 0
Number of asset objects unloaded after import = 2
========================================================================
Received Import Request.
  Time since last request: 0.000024 seconds.
  path: Packages/com.meta.xr.sdk.core/Editor/OVRProjectSetup/Icons/ovr_icon_category_neutral.png
  artifactKey: Guid(a5c6b8a6ed5d33749ac1f5783e1675f2) Importer(815301076,1909f56bfc062723c751e8b465ee728b)
Start importing Packages/com.meta.xr.sdk.core/Editor/OVRProjectSetup/Icons/ovr_icon_category_neutral.png using Guid(a5c6b8a6ed5d33749ac1f5783e1675f2) Importer(815301076,1909f56bfc062723c751e8b465ee728b) [PhysX] Initialized MultithreadedTaskDispatcher with 16 workers.
[PhysX] Initialized MultithreadedTaskDispatcher with 16 workers.
 -> (artifact id: '3aa62c7e5a75bcf0aa0b74932ead1b61') in 0.025110 seconds
Number of updated asset objects reloaded before import = 0
Number of asset objects unloaded after import = 2
========================================================================
Received Import Request.
  Time since last request: 0.000023 seconds.
  path: Packages/com.meta.xr.sdk.core/Editor/BuildingBlocks/Icons/ovr_icon_debug.png
  artifactKey: Guid(0b8379dd3ae32f641890e80597408d28) Importer(815301076,1909f56bfc062723c751e8b465ee728b)
Start importing Packages/com.meta.xr.sdk.core/Editor/BuildingBlocks/Icons/ovr_icon_debug.png using Guid(0b8379dd3ae32f641890e80597408d28) Importer(815301076,1909f56bfc062723c751e8b465ee728b) [PhysX] Initialized MultithreadedTaskDispatcher with 16 workers.
[PhysX] Initialized MultithreadedTaskDispatcher with 16 workers.
 -> (artifact id: 'c7b5b345dd9febd965e0fdc671808990') in 0.023037 seconds
Number of updated asset objects reloaded before import = 0
Number of asset objects unloaded after import = 2
========================================================================
Received Import Request.
  Time since last request: 0.000038 seconds.
  path: Packages/com.meta.xr.sdk.core/Editor/Icons/ovr_icon_experimental.png
  artifactKey: Guid(2341668e4b51a124f9cd335ab4f496f0) Importer(815301076,1909f56bfc062723c751e8b465ee728b)
Start importing Packages/com.meta.xr.sdk.core/Editor/Icons/ovr_icon_experimental.png using Guid(2341668e4b51a124f9cd335ab4f496f0) Importer(815301076,1909f56bfc062723c751e8b465ee728b) [PhysX] Initialized MultithreadedTaskDispatcher with 16 workers.
[PhysX] Initialized MultithreadedTaskDispatcher with 16 workers.
 -> (artifact id: 'a0c337c44817851528eddb42817da013') in 0.019565 seconds
Number of updated asset objects reloaded before import = 0
Number of asset objects unloaded after import = 2
========================================================================
Received Import Request.
  Time since last request: 0.000022 seconds.
  path: Packages/com.meta.xr.sdk.core/Editor/Icons/ovr_icon_hmd.png
  artifactKey: Guid(5cf4fc0475468f348b67c4c32ffbf3e1) Importer(815301076,1909f56bfc062723c751e8b465ee728b)
Start importing Packages/com.meta.xr.sdk.core/Editor/Icons/ovr_icon_hmd.png using Guid(5cf4fc0475468f348b67c4c32ffbf3e1) Importer(815301076,1909f56bfc062723c751e8b465ee728b) [PhysX] Initialized MultithreadedTaskDispatcher with 16 workers.
[PhysX] Initialized MultithreadedTaskDispatcher with 16 workers.
 -> (artifact id: '6b2c05fa8a6bf92ef4d8d936b49b913d') in 0.038116 seconds
Number of updated asset objects reloaded before import = 0
Number of asset objects unloaded after import = 2
========================================================================
Received Import Request.
  Time since last request: 0.000028 seconds.
  path: Packages/com.meta.xr.sdk.core/Editor/ImmersiveDebugger/Icons/ovr_icon_idf.png
  artifactKey: Guid(ae02a93846efad14a80656e6cc227135) Importer(815301076,1909f56bfc062723c751e8b465ee728b)
Start importing Packages/com.meta.xr.sdk.core/Editor/ImmersiveDebugger/Icons/ovr_icon_idf.png using Guid(ae02a93846efad14a80656e6cc227135) Importer(815301076,1909f56bfc062723c751e8b465ee728b) [PhysX] Initialized MultithreadedTaskDispatcher with 16 workers.
[PhysX] Initialized MultithreadedTaskDispatcher with 16 workers.
 -> (artifact id: 'b8e2118042b9a15a6f144ef59f945845') in 0.017455 seconds
Number of updated asset objects reloaded before import = 0
Number of asset objects unloaded after import = 2
========================================================================
Received Import Request.
  Time since last request: 0.000021 seconds.
  path: Packages/com.meta.xr.sdk.core/Editor/Icons/ovr_icon_info.png
  artifactKey: Guid(4e8211b51c2ed194ca614f7c0f36d56f) Importer(815301076,1909f56bfc062723c751e8b465ee728b)
Start importing Packages/com.meta.xr.sdk.core/Editor/Icons/ovr_icon_info.png using Guid(4e8211b51c2ed194ca614f7c0f36d56f) Importer(815301076,1909f56bfc062723c751e8b465ee728b) [PhysX] Initialized MultithreadedTaskDispatcher with 16 workers.
[PhysX] Initialized MultithreadedTaskDispatcher with 16 workers.
 -> (artifact id: '626eddf63fbc3d949ce4fcbd2317213a') in 0.020929 seconds
Number of updated asset objects reloaded before import = 0
Number of asset objects unloaded after import = 2
========================================================================
Received Import Request.
  Time since last request: 0.000020 seconds.
  path: Packages/com.meta.xr.sdk.core/Editor/ImmersiveDebugger/Icons/ovr_icon_inspect.png
  artifactKey: Guid(56f26e1a664e09549971c9c656fa86e8) Importer(815301076,1909f56bfc062723c751e8b465ee728b)
Start importing Packages/com.meta.xr.sdk.core/Editor/ImmersiveDebugger/Icons/ovr_icon_inspect.png using Guid(56f26e1a664e09549971c9c656fa86e8) Importer(815301076,1909f56bfc062723c751e8b465ee728b) [PhysX] Initialized MultithreadedTaskDispatcher with 16 workers.
[PhysX] Initialized MultithreadedTaskDispatcher with 16 workers.
 -> (artifact id: '1139f53c7449fac91c34dfdf741efa8c') in 0.022247 seconds
Number of updated asset objects reloaded before import = 0
Number of asset objects unloaded after import = 2
========================================================================
Received Import Request.
  Time since last request: 0.000020 seconds.
  path: Packages/com.meta.xr.sdk.core/Editor/BuildingBlocks/Icons/ovr_icon_experimental.png
  artifactKey: Guid(6dd511e1b7109d74cb260c2800c50f63) Importer(815301076,1909f56bfc062723c751e8b465ee728b)
Start importing Packages/com.meta.xr.sdk.core/Editor/BuildingBlocks/Icons/ovr_icon_experimental.png using Guid(6dd511e1b7109d74cb260c2800c50f63) Importer(815301076,1909f56bfc062723c751e8b465ee728b) [PhysX] Initialized MultithreadedTaskDispatcher with 16 workers.
[PhysX] Initialized MultithreadedTaskDispatcher with 16 workers.
 -> (artifact id: '01369839c0daa7ceda9d463924bc42cc') in 0.009467 seconds
Number of updated asset objects reloaded before import = 0
Number of asset objects unloaded after import = 2
========================================================================
Received Import Request.
  Time since last request: 0.000030 seconds.
  path: Packages/com.meta.xr.sdk.core/Editor/ImmersiveDebugger/Icons/ovr_icon_inspect_raw.png
  artifactKey: Guid(619d122462e69de49a4a53d04f051f2f) Importer(815301076,1909f56bfc062723c751e8b465ee728b)
Start importing Packages/com.meta.xr.sdk.core/Editor/ImmersiveDebugger/Icons/ovr_icon_inspect_raw.png using Guid(619d122462e69de49a4a53d04f051f2f) Importer(815301076,1909f56bfc062723c751e8b465ee728b) [PhysX] Initialized MultithreadedTaskDispatcher with 16 workers.
[PhysX] Initialized MultithreadedTaskDispatcher with 16 workers.
 -> (artifact id: '5dcdb09a857c53976b891ce283d4b71b') in 0.024492 seconds
Number of updated asset objects reloaded before import = 0
Number of asset objects unloaded after import = 2
========================================================================
Received Import Request.
  Time since last request: 0.000029 seconds.
  path: Packages/com.meta.xr.sdk.core/Editor/Icons/ovr_icon_monitor.png
  artifactKey: Guid(63cd68e5c0d2313478120493df466a68) Importer(815301076,1909f56bfc062723c751e8b465ee728b)
Start importing Packages/com.meta.xr.sdk.core/Editor/Icons/ovr_icon_monitor.png using Guid(63cd68e5c0d2313478120493df466a68) Importer(815301076,1909f56bfc062723c751e8b465ee728b) [PhysX] Initialized MultithreadedTaskDispatcher with 16 workers.
[PhysX] Initialized MultithreadedTaskDispatcher with 16 workers.
 -> (artifact id: '8b6e6a1fd499a0169e4dde385b153cc2') in 0.020036 seconds
Number of updated asset objects reloaded before import = 0
Number of asset objects unloaded after import = 2
========================================================================
Received Import Request.
  Time since last request: 0.000031 seconds.
  path: Packages/com.meta.xr.sdk.core/Editor/Icons/ovr_icon_pill.png
  artifactKey: Guid(27bed237a429f964088ed9cc5acfa0d8) Importer(815301076,1909f56bfc062723c751e8b465ee728b)
Start importing Packages/com.meta.xr.sdk.core/Editor/Icons/ovr_icon_pill.png using Guid(27bed237a429f964088ed9cc5acfa0d8) Importer(815301076,1909f56bfc062723c751e8b465ee728b) [PhysX] Initialized MultithreadedTaskDispatcher with 16 workers.
[PhysX] Initialized MultithreadedTaskDispatcher with 16 workers.
 -> (artifact id: '6c8f94e9853cb0f266e7eafbe8e18f78') in 0.022027 seconds
Number of updated asset objects reloaded before import = 0
Number of asset objects unloaded after import = 2
========================================================================
Received Import Request.
  Time since last request: 0.000027 seconds.
  path: Packages/com.meta.xr.sdk.core/Editor/Icons/ovr_icon_simulator.png
  artifactKey: Guid(00091c5d0e93c2e41af0edf6907f8852) Importer(815301076,1909f56bfc062723c751e8b465ee728b)
Start importing Packages/com.meta.xr.sdk.core/Editor/Icons/ovr_icon_simulator.png using Guid(00091c5d0e93c2e41af0edf6907f8852) Importer(815301076,1909f56bfc062723c751e8b465ee728b) [PhysX] Initialized MultithreadedTaskDispatcher with 16 workers.
[PhysX] Initialized MultithreadedTaskDispatcher with 16 workers.
 -> (artifact id: '8e3b0a6f0a067a878171b09b71e592f7') in 0.035341 seconds
Number of updated asset objects reloaded before import = 0
Number of asset objects unloaded after import = 2
========================================================================
Received Import Request.
  Time since last request: 0.000036 seconds.
  path: Packages/com.meta.xr.sdk.core/Editor/OVRProjectSetup/Icons/ovr_icon_upst.png
  artifactKey: Guid(daccb634c40170b40a52151fdcb6ea99) Importer(815301076,1909f56bfc062723c751e8b465ee728b)
Start importing Packages/com.meta.xr.sdk.core/Editor/OVRProjectSetup/Icons/ovr_icon_upst.png using Guid(daccb634c40170b40a52151fdcb6ea99) Importer(815301076,1909f56bfc062723c751e8b465ee728b) [PhysX] Initialized MultithreadedTaskDispatcher with 16 workers.
[PhysX] Initialized MultithreadedTaskDispatcher with 16 workers.
 -> (artifact id: '2ef440bccadf69102e44a00830e0f56f') in 0.023789 seconds
Number of updated asset objects reloaded before import = 0
Number of asset objects unloaded after import = 2
========================================================================
Received Import Request.
  Time since last request: 0.000023 seconds.
  path: Packages/com.meta.xr.sdk.core/Editor/BuildingBlocks/Icons/ovr_icon_utilities.png
  artifactKey: Guid(606c9f0621fda674cb8bce50d9f0a9dd) Importer(815301076,1909f56bfc062723c751e8b465ee728b)
Start importing Packages/com.meta.xr.sdk.core/Editor/BuildingBlocks/Icons/ovr_icon_utilities.png using Guid(606c9f0621fda674cb8bce50d9f0a9dd) Importer(815301076,1909f56bfc062723c751e8b465ee728b) [PhysX] Initialized MultithreadedTaskDispatcher with 16 workers.
[PhysX] Initialized MultithreadedTaskDispatcher with 16 workers.
 -> (artifact id: '2948d7a7275f3939b223478c6f7e5225') in 0.023366 seconds
Number of updated asset objects reloaded before import = 0
Number of asset objects unloaded after import = 2
========================================================================
Received Import Request.
  Time since last request: 0.000019 seconds.
  path: Packages/com.meta.xr.sdk.core/Editor/Guide/Icons/ovr_info.png
  artifactKey: Guid(4577a126956f8d348ad58f1fb4b8e269) Importer(815301076,1909f56bfc062723c751e8b465ee728b)
Start importing Packages/com.meta.xr.sdk.core/Editor/Guide/Icons/ovr_info.png using Guid(4577a126956f8d348ad58f1fb4b8e269) Importer(815301076,1909f56bfc062723c751e8b465ee728b) [PhysX] Initialized MultithreadedTaskDispatcher with 16 workers.
[PhysX] Initialized MultithreadedTaskDispatcher with 16 workers.
 -> (artifact id: '4953cf9f461c97d4d807d284aa2d097f') in 0.028089 seconds
Number of updated asset objects reloaded before import = 0
Number of asset objects unloaded after import = 2
========================================================================
Received Import Request.
  Time since last request: 0.000022 seconds.
  path: Packages/com.meta.xr.sdk.interaction.ovr/Runtime/Sample/Prefabs/Body/OVRBodyFromPose.prefab
  artifactKey: Guid(0e00cd252fc6ef144ba80184f765ddd8) Importer(815301076,1909f56bfc062723c751e8b465ee728b)
Start importing Packages/com.meta.xr.sdk.interaction.ovr/Runtime/Sample/Prefabs/Body/OVRBodyFromPose.prefab using Guid(0e00cd252fc6ef144ba80184f765ddd8) Importer(815301076,1909f56bfc062723c751e8b465ee728b) [PhysX] Initialized MultithreadedTaskDispatcher with 16 workers.
[PhysX] Initialized MultithreadedTaskDispatcher with 16 workers.
 -> (artifact id: '537b1af302cd32848011928b32d81cae') in 0.027208 seconds
Number of updated asset objects reloaded before import = 0
Number of asset objects unloaded after import = 494
========================================================================
Received Import Request.
  Time since last request: 0.000021 seconds.
  path: Packages/com.meta.xr.sdk.interaction.ovr/Runtime/Prefabs/Legacy/OVRCameraRigInteraction.prefab
  artifactKey: Guid(f54012181eacade4ea242c65f804720f) Importer(815301076,1909f56bfc062723c751e8b465ee728b)
Start importing Packages/com.meta.xr.sdk.interaction.ovr/Runtime/Prefabs/Legacy/OVRCameraRigInteraction.prefab using Guid(f54012181eacade4ea242c65f804720f) Importer(815301076,1909f56bfc062723c751e8b465ee728b) [PhysX] Initialized MultithreadedTaskDispatcher with 16 workers.
[PhysX] Initialized MultithreadedTaskDispatcher with 16 workers.
 -> (artifact id: '9ef75b436272126d3d1f5456d5953a81') in 1.018347 seconds
Number of updated asset objects reloaded before import = 0
Number of asset objects unloaded after import = 20989
========================================================================
Received Import Request.
  Time since last request: 4.685968 seconds.
  path: Packages/com.meta.xr.sdk.core/Prefabs/OVRControllerPrefab.prefab
  artifactKey: Guid(d9809c5e8418bb047bf2c8ba1d1a2cec) Importer(815301076,1909f56bfc062723c751e8b465ee728b)
Start importing Packages/com.meta.xr.sdk.core/Prefabs/OVRControllerPrefab.prefab using Guid(d9809c5e8418bb047bf2c8ba1d1a2cec) Importer(815301076,1909f56bfc062723c751e8b465ee728b) [PhysX] Initialized MultithreadedTaskDispatcher with 16 workers.
[PhysX] Initialized MultithreadedTaskDispatcher with 16 workers.
 -> (artifact id: 'f7b135a4140f706b96ba64d19a6b29ef') in 0.490677 seconds
Number of updated asset objects reloaded before import = 0
Number of asset objects unloaded after import = 1008
========================================================================
Received Import Request.
  Time since last request: 0.000028 seconds.
  path: Packages/com.meta.xr.sdk.interaction.ovr/Runtime/Prefabs/Controller/OVRControllerVisual.prefab
  artifactKey: Guid(a3cb63fbc355e984e9e5c2ca9e016b73) Importer(815301076,1909f56bfc062723c751e8b465ee728b)
Start importing Packages/com.meta.xr.sdk.interaction.ovr/Runtime/Prefabs/Controller/OVRControllerVisual.prefab using Guid(a3cb63fbc355e984e9e5c2ca9e016b73) Importer(815301076,1909f56bfc062723c751e8b465ee728b) [PhysX] Initialized MultithreadedTaskDispatcher with 16 workers.
[PhysX] Initialized MultithreadedTaskDispatcher with 16 workers.
 -> (artifact id: 'ea114ecacb5f17013c6c9d6e69a79e12') in 0.324739 seconds
Number of updated asset objects reloaded before import = 0
Number of asset objects unloaded after import = 1266
