Using pre-set license
Built from '2022.3/staging' branch; Version is '2022.3.36f1 (95a4219250e5) revision 9806881'; Using compiler version '192829333'; Build Type 'Release'
OS: 'Windows 11  (10.0.22631) 64bit Enterprise' Language: 'en' Physical Memory: 32678 MB
BatchMode: 1, IsHumanControllingUs: 0, StartBugReporterOnCrash: 0, Is64bit: 1, IsPro: 1

COMMAND LINE ARGUMENTS:
C:\Program Files\Unity\Hub\Editor\2022.3.36f1\Editor\Unity.exe
-adb2
-batchMode
-noUpm
-name
AssetImportWorker4
-projectPath
C:/Users/806395/Workspace/Quest3_MRLabs
-logFile
Logs/AssetImportWorker4.log
-srvPort
56122
Successfully changed project path to: C:/Users/806395/Workspace/Quest3_MRLabs
C:/Users/806395/Workspace/Quest3_MRLabs
[UnityMemory] Configuration Parameters - Can be set up in boot.config
    "memorysetup-bucket-allocator-granularity=16"
    "memorysetup-bucket-allocator-bucket-count=8"
    "memorysetup-bucket-allocator-block-size=33554432"
    "memorysetup-bucket-allocator-block-count=8"
    "memorysetup-main-allocator-block-size=16777216"
    "memorysetup-thread-allocator-block-size=16777216"
    "memorysetup-gfx-main-allocator-block-size=16777216"
    "memorysetup-gfx-thread-allocator-block-size=16777216"
    "memorysetup-cache-allocator-block-size=4194304"
    "memorysetup-typetree-allocator-block-size=2097152"
    "memorysetup-profiler-bucket-allocator-granularity=16"
    "memorysetup-profiler-bucket-allocator-bucket-count=8"
    "memorysetup-profiler-bucket-allocator-block-size=33554432"
    "memorysetup-profiler-bucket-allocator-block-count=8"
    "memorysetup-profiler-allocator-block-size=16777216"
    "memorysetup-profiler-editor-allocator-block-size=1048576"
    "memorysetup-temp-allocator-size-main=16777216"
    "memorysetup-job-temp-allocator-block-size=2097152"
    "memorysetup-job-temp-allocator-block-size-background=1048576"
    "memorysetup-job-temp-allocator-reduction-small-platforms=262144"
    "memorysetup-allocator-temp-initial-block-size-main=262144"
    "memorysetup-allocator-temp-initial-block-size-worker=262144"
    "memorysetup-temp-allocator-size-background-worker=32768"
    "memorysetup-temp-allocator-size-job-worker=262144"
    "memorysetup-temp-allocator-size-preload-manager=33554432"
    "memorysetup-temp-allocator-size-nav-mesh-worker=65536"
    "memorysetup-temp-allocator-size-audio-worker=65536"
    "memorysetup-temp-allocator-size-cloud-worker=32768"
    "memorysetup-temp-allocator-size-gi-baking-worker=262144"
    "memorysetup-temp-allocator-size-gfx=262144"
Player connection [6100] Host "[IP] 10.140.9.73 [Port] 0 [Flags] 2 [Guid] 4259588262 [EditorId] 4259588262 [Version] 1048832 [Id] WindowsEditor(7,RB-335-08) [Debug] 1 [PackageName] WindowsEditor [ProjectName] Editor" joined multi-casting on [225.0.0.222:54997]...

Player connection [6100] Host "[IP] 10.140.9.73 [Port] 0 [Flags] 2 [Guid] 4259588262 [EditorId] 4259588262 [Version] 1048832 [Id] WindowsEditor(7,RB-335-08) [Debug] 1 [PackageName] WindowsEditor [ProjectName] Editor" joined alternative multi-casting on [225.0.0.222:34997]...

[PhysX] Initialized MultithreadedTaskDispatcher with 16 workers.
Refreshing native plugins compatible for Editor in 18.64 ms, found 10 plugins.
Unity memory allocator detected: MetaXRAudio native memory allocations will be tracked.
Preloading 3 native plugins for Editor in 4.27 ms.
Initialize engine version: 2022.3.36f1 (95a4219250e5)
[Subsystems] Discovering subsystems at path C:/Program Files/Unity/Hub/Editor/2022.3.36f1/Editor/Data/Resources/UnitySubsystems
[Subsystems] Discovering subsystems at path C:/Users/806395/Workspace/Quest3_MRLabs/Assets
GfxDevice: creating device client; threaded=0; jobified=0
Direct3D:
    Version:  Direct3D 11.0 [level 11.1]
    Renderer: NVIDIA GeForce RTX 3070 (ID=0x2484)
    Vendor:   NVIDIA
    VRAM:     8018 MB
    Driver:   32.0.15.5612
Shader 'Meta/MRUK/Scene/HighlightsAndShadows': fallback shader 'Off' not found
Shader 'Oculus/OVRMRCameraFrameLit': fallback shader 'Alpha-Diffuse' not found
Initialize mono
Mono path[0] = 'C:/Program Files/Unity/Hub/Editor/2022.3.36f1/Editor/Data/Managed'
Mono path[1] = 'C:/Program Files/Unity/Hub/Editor/2022.3.36f1/Editor/Data/MonoBleedingEdge/lib/mono/unityjit-win32'
Mono config path = 'C:/Program Files/Unity/Hub/Editor/2022.3.36f1/Editor/Data/MonoBleedingEdge/etc'
Using monoOptions --debugger-agent=transport=dt_socket,embedding=1,server=y,suspend=n,address=127.0.0.1:56124
Begin MonoManager ReloadAssembly
Registering precompiled unity dll's ...
Register platform support module: C:/Program Files/Unity/Hub/Editor/2022.3.36f1/Editor/Data/PlaybackEngines/WebGLSupport/UnityEditor.WebGL.Extensions.dll
Register platform support module: C:/Program Files/Unity/Hub/Editor/2022.3.36f1/Editor/Data/PlaybackEngines/AndroidPlayer/UnityEditor.Android.Extensions.dll
Register platform support module: C:/Program Files/Unity/Hub/Editor/2022.3.36f1/Editor/Data/PlaybackEngines/WindowsStandaloneSupport/UnityEditor.WindowsStandalone.Extensions.dll
Register platform support module: C:/Program Files/Unity/Hub/Editor/2022.3.36f1/Editor/Data/PlaybackEngines/MetroSupport/UnityEditor.UWP.Extensions.dll
Registered in 0.018106 seconds.
- Loaded All Assemblies, in  0.385 seconds
Native extension for UWP target not found
Native extension for WindowsStandalone target not found
Native extension for Android target not found
Android Extension - Scanning For ADB Devices 579 ms
Native extension for WebGL target not found
Mono: successfully reloaded assembly
- Finished resetting the current domain, in  0.912 seconds
Domain Reload Profiling: 1294ms
	BeginReloadAssembly (118ms)
		ExecutionOrderSort (0ms)
		DisableScriptedObjects (0ms)
		BackupInstance (0ms)
		ReleaseScriptingObjects (0ms)
		CreateAndSetChildDomain (1ms)
	RebuildCommonClasses (39ms)
	RebuildNativeTypeToScriptingClass (12ms)
	initialDomainReloadingComplete (71ms)
	LoadAllAssembliesAndSetupDomain (141ms)
		LoadAssemblies (116ms)
		RebuildTransferFunctionScriptingTraits (0ms)
		AnalyzeDomain (138ms)
			TypeCache.Refresh (137ms)
				TypeCache.ScanAssembly (124ms)
			ScanForSourceGeneratedMonoScriptInfo (0ms)
			ResolveRequiredComponents (0ms)
	FinalizeReload (912ms)
		ReleaseScriptCaches (0ms)
		RebuildScriptCaches (0ms)
		SetupLoadedEditorAssemblies (861ms)
			LogAssemblyErrors (0ms)
			InitializePlatformSupportModulesInManaged (706ms)
			SetLoadedEditorAssemblies (3ms)
			RefreshPlugins (0ms)
			BeforeProcessingInitializeOnLoad (2ms)
			ProcessInitializeOnLoadAttributes (106ms)
			ProcessInitializeOnLoadMethodAttributes (43ms)
			AfterProcessingInitializeOnLoad (0ms)
			EditorAssembliesLoaded (0ms)
		ExecutionOrderSort2 (0ms)
		AwakeInstancesAfterBackupRestoration (0ms)
========================================================================
Worker process is ready to serve import requests
Begin MonoManager ReloadAssembly
Symbol file LoadedFromMemory is not a mono symbol file
- Loaded All Assemblies, in  0.573 seconds
Refreshing native plugins compatible for Editor in 15.03 ms, found 10 plugins.
Native extension for UWP target not found
Native extension for WindowsStandalone target not found
Native extension for Android target not found
Native extension for WebGL target not found
Package Manager log level set to [2]
[Package Manager] Server::EnsureServerProcessIsRunning -- launch failed, reason: Unity was launched with the -noUpm command-line argument
[Package Manager] UpmClient::Send -- Unable to send message (not connected to UPM process).
[Package Manager] Cannot connect to Unity Package Manager local server
[Package Manager] Server::EnsureServerProcessIsRunning -- launch failed, reason: Unity was launched with the -noUpm command-line argument
[Package Manager] UpmClient::Send -- Unable to send message (not connected to UPM process).
[Package Manager] Cannot connect to Unity Package Manager local server
[Synthetic Environments] got match start synth_env_server.exe Bedroom
UnityEngine.StackTraceUtility:ExtractStackTrace ()
UnityEngine.DebugLogHandler:LogFormat (UnityEngine.LogType,UnityEngine.Object,string,object[])
UnityEngine.Logger:Log (UnityEngine.LogType,object)
UnityEngine.Debug:Log (object)
Meta.XR.Simulator.Utils:ReportInfo (string,string) (at ./Library/PackageCache/com.meta.xr.simulator@74.0.0/Editor/Utils.cs:165)
Meta.XR.Simulator.Editor.SyntheticEnvironments.Installer:ParseSynthEnvScript (string) (at ./Library/PackageCache/com.meta.xr.simulator@74.0.0/Editor/SyntheticEnvironments/Installer.cs:98)
Meta.XR.Simulator.Editor.SyntheticEnvironments.Installer:BuildSyntheticEnvironments () (at ./Library/PackageCache/com.meta.xr.simulator@74.0.0/Editor/SyntheticEnvironments/Installer.cs:76)
Meta.XR.Simulator.Editor.SyntheticEnvironments.Registry:RegisterSyntheticEnvironments () (at ./Library/PackageCache/com.meta.xr.simulator@74.0.0/Editor/SyntheticEnvironments/Registry.cs:97)
Meta.XR.Simulator.Editor.SyntheticEnvironments.Registry:.cctor () (at ./Library/PackageCache/com.meta.xr.simulator@74.0.0/Editor/SyntheticEnvironments/Registry.cs:87)
System.Runtime.CompilerServices.RuntimeHelpers:RunClassConstructor (System.RuntimeTypeHandle)
UnityEditor.EditorAssemblies:ProcessInitializeOnLoadAttributes (System.Type[])

(Filename: ./Library/PackageCache/com.meta.xr.simulator@74.0.0/Editor/Utils.cs Line: 165)

[Synthetic Environments] got match start synth_env_server.exe GameRoom
UnityEngine.StackTraceUtility:ExtractStackTrace ()
UnityEngine.DebugLogHandler:LogFormat (UnityEngine.LogType,UnityEngine.Object,string,object[])
UnityEngine.Logger:Log (UnityEngine.LogType,object)
UnityEngine.Debug:Log (object)
Meta.XR.Simulator.Utils:ReportInfo (string,string) (at ./Library/PackageCache/com.meta.xr.simulator@74.0.0/Editor/Utils.cs:165)
Meta.XR.Simulator.Editor.SyntheticEnvironments.Installer:ParseSynthEnvScript (string) (at ./Library/PackageCache/com.meta.xr.simulator@74.0.0/Editor/SyntheticEnvironments/Installer.cs:98)
Meta.XR.Simulator.Editor.SyntheticEnvironments.Installer:BuildSyntheticEnvironments () (at ./Library/PackageCache/com.meta.xr.simulator@74.0.0/Editor/SyntheticEnvironments/Installer.cs:76)
Meta.XR.Simulator.Editor.SyntheticEnvironments.Registry:RegisterSyntheticEnvironments () (at ./Library/PackageCache/com.meta.xr.simulator@74.0.0/Editor/SyntheticEnvironments/Registry.cs:97)
Meta.XR.Simulator.Editor.SyntheticEnvironments.Registry:.cctor () (at ./Library/PackageCache/com.meta.xr.simulator@74.0.0/Editor/SyntheticEnvironments/Registry.cs:87)
System.Runtime.CompilerServices.RuntimeHelpers:RunClassConstructor (System.RuntimeTypeHandle)
UnityEditor.EditorAssemblies:ProcessInitializeOnLoadAttributes (System.Type[])

(Filename: ./Library/PackageCache/com.meta.xr.simulator@74.0.0/Editor/Utils.cs Line: 165)

[Synthetic Environments] got match start synth_env_server.exe LivingRoom
UnityEngine.StackTraceUtility:ExtractStackTrace ()
UnityEngine.DebugLogHandler:LogFormat (UnityEngine.LogType,UnityEngine.Object,string,object[])
UnityEngine.Logger:Log (UnityEngine.LogType,object)
UnityEngine.Debug:Log (object)
Meta.XR.Simulator.Utils:ReportInfo (string,string) (at ./Library/PackageCache/com.meta.xr.simulator@74.0.0/Editor/Utils.cs:165)
Meta.XR.Simulator.Editor.SyntheticEnvironments.Installer:ParseSynthEnvScript (string) (at ./Library/PackageCache/com.meta.xr.simulator@74.0.0/Editor/SyntheticEnvironments/Installer.cs:98)
Meta.XR.Simulator.Editor.SyntheticEnvironments.Installer:BuildSyntheticEnvironments () (at ./Library/PackageCache/com.meta.xr.simulator@74.0.0/Editor/SyntheticEnvironments/Installer.cs:76)
Meta.XR.Simulator.Editor.SyntheticEnvironments.Registry:RegisterSyntheticEnvironments () (at ./Library/PackageCache/com.meta.xr.simulator@74.0.0/Editor/SyntheticEnvironments/Registry.cs:97)
Meta.XR.Simulator.Editor.SyntheticEnvironments.Registry:.cctor () (at ./Library/PackageCache/com.meta.xr.simulator@74.0.0/Editor/SyntheticEnvironments/Registry.cs:87)
System.Runtime.CompilerServices.RuntimeHelpers:RunClassConstructor (System.RuntimeTypeHandle)
UnityEditor.EditorAssemblies:ProcessInitializeOnLoadAttributes (System.Type[])

(Filename: ./Library/PackageCache/com.meta.xr.simulator@74.0.0/Editor/Utils.cs Line: 165)

[Synthetic Environments] got match start synth_env_server_extra_rooms.exe XRoom2_3
UnityEngine.StackTraceUtility:ExtractStackTrace ()
UnityEngine.DebugLogHandler:LogFormat (UnityEngine.LogType,UnityEngine.Object,string,object[])
UnityEngine.Logger:Log (UnityEngine.LogType,object)
UnityEngine.Debug:Log (object)
Meta.XR.Simulator.Utils:ReportInfo (string,string) (at ./Library/PackageCache/com.meta.xr.simulator@74.0.0/Editor/Utils.cs:165)
Meta.XR.Simulator.Editor.SyntheticEnvironments.Installer:ParseSynthEnvScript (string) (at ./Library/PackageCache/com.meta.xr.simulator@74.0.0/Editor/SyntheticEnvironments/Installer.cs:98)
Meta.XR.Simulator.Editor.SyntheticEnvironments.Installer:BuildSyntheticEnvironments () (at ./Library/PackageCache/com.meta.xr.simulator@74.0.0/Editor/SyntheticEnvironments/Installer.cs:76)
Meta.XR.Simulator.Editor.SyntheticEnvironments.Registry:RegisterSyntheticEnvironments () (at ./Library/PackageCache/com.meta.xr.simulator@74.0.0/Editor/SyntheticEnvironments/Registry.cs:97)
Meta.XR.Simulator.Editor.SyntheticEnvironments.Registry:.cctor () (at ./Library/PackageCache/com.meta.xr.simulator@74.0.0/Editor/SyntheticEnvironments/Registry.cs:87)
System.Runtime.CompilerServices.RuntimeHelpers:RunClassConstructor (System.RuntimeTypeHandle)
UnityEditor.EditorAssemblies:ProcessInitializeOnLoadAttributes (System.Type[])

(Filename: ./Library/PackageCache/com.meta.xr.simulator@74.0.0/Editor/Utils.cs Line: 165)

[Synthetic Environments] got match start synth_env_server_extra_rooms.exe XRoom2_4
UnityEngine.StackTraceUtility:ExtractStackTrace ()
UnityEngine.DebugLogHandler:LogFormat (UnityEngine.LogType,UnityEngine.Object,string,object[])
UnityEngine.Logger:Log (UnityEngine.LogType,object)
UnityEngine.Debug:Log (object)
Meta.XR.Simulator.Utils:ReportInfo (string,string) (at ./Library/PackageCache/com.meta.xr.simulator@74.0.0/Editor/Utils.cs:165)
Meta.XR.Simulator.Editor.SyntheticEnvironments.Installer:ParseSynthEnvScript (string) (at ./Library/PackageCache/com.meta.xr.simulator@74.0.0/Editor/SyntheticEnvironments/Installer.cs:98)
Meta.XR.Simulator.Editor.SyntheticEnvironments.Installer:BuildSyntheticEnvironments () (at ./Library/PackageCache/com.meta.xr.simulator@74.0.0/Editor/SyntheticEnvironments/Installer.cs:76)
Meta.XR.Simulator.Editor.SyntheticEnvironments.Registry:RegisterSyntheticEnvironments () (at ./Library/PackageCache/com.meta.xr.simulator@74.0.0/Editor/SyntheticEnvironments/Registry.cs:97)
Meta.XR.Simulator.Editor.SyntheticEnvironments.Registry:.cctor () (at ./Library/PackageCache/com.meta.xr.simulator@74.0.0/Editor/SyntheticEnvironments/Registry.cs:87)
System.Runtime.CompilerServices.RuntimeHelpers:RunClassConstructor (System.RuntimeTypeHandle)
UnityEditor.EditorAssemblies:ProcessInitializeOnLoadAttributes (System.Type[])

(Filename: ./Library/PackageCache/com.meta.xr.simulator@74.0.0/Editor/Utils.cs Line: 165)

[Synthetic Environments] got match start synth_env_server_extra_rooms.exe XRoom5_6
UnityEngine.StackTraceUtility:ExtractStackTrace ()
UnityEngine.DebugLogHandler:LogFormat (UnityEngine.LogType,UnityEngine.Object,string,object[])
UnityEngine.Logger:Log (UnityEngine.LogType,object)
UnityEngine.Debug:Log (object)
Meta.XR.Simulator.Utils:ReportInfo (string,string) (at ./Library/PackageCache/com.meta.xr.simulator@74.0.0/Editor/Utils.cs:165)
Meta.XR.Simulator.Editor.SyntheticEnvironments.Installer:ParseSynthEnvScript (string) (at ./Library/PackageCache/com.meta.xr.simulator@74.0.0/Editor/SyntheticEnvironments/Installer.cs:98)
Meta.XR.Simulator.Editor.SyntheticEnvironments.Installer:BuildSyntheticEnvironments () (at ./Library/PackageCache/com.meta.xr.simulator@74.0.0/Editor/SyntheticEnvironments/Installer.cs:76)
Meta.XR.Simulator.Editor.SyntheticEnvironments.Registry:RegisterSyntheticEnvironments () (at ./Library/PackageCache/com.meta.xr.simulator@74.0.0/Editor/SyntheticEnvironments/Registry.cs:97)
Meta.XR.Simulator.Editor.SyntheticEnvironments.Registry:.cctor () (at ./Library/PackageCache/com.meta.xr.simulator@74.0.0/Editor/SyntheticEnvironments/Registry.cs:87)
System.Runtime.CompilerServices.RuntimeHelpers:RunClassConstructor (System.RuntimeTypeHandle)
UnityEditor.EditorAssemblies:ProcessInitializeOnLoadAttributes (System.Type[])

(Filename: ./Library/PackageCache/com.meta.xr.simulator@74.0.0/Editor/Utils.cs Line: 165)

[Synthetic Environments] got match start synth_env_server_extra_rooms.exe XRoom5_1
UnityEngine.StackTraceUtility:ExtractStackTrace ()
UnityEngine.DebugLogHandler:LogFormat (UnityEngine.LogType,UnityEngine.Object,string,object[])
UnityEngine.Logger:Log (UnityEngine.LogType,object)
UnityEngine.Debug:Log (object)
Meta.XR.Simulator.Utils:ReportInfo (string,string) (at ./Library/PackageCache/com.meta.xr.simulator@74.0.0/Editor/Utils.cs:165)
Meta.XR.Simulator.Editor.SyntheticEnvironments.Installer:ParseSynthEnvScript (string) (at ./Library/PackageCache/com.meta.xr.simulator@74.0.0/Editor/SyntheticEnvironments/Installer.cs:98)
Meta.XR.Simulator.Editor.SyntheticEnvironments.Installer:BuildSyntheticEnvironments () (at ./Library/PackageCache/com.meta.xr.simulator@74.0.0/Editor/SyntheticEnvironments/Installer.cs:76)
Meta.XR.Simulator.Editor.SyntheticEnvironments.Registry:RegisterSyntheticEnvironments () (at ./Library/PackageCache/com.meta.xr.simulator@74.0.0/Editor/SyntheticEnvironments/Registry.cs:97)
Meta.XR.Simulator.Editor.SyntheticEnvironments.Registry:.cctor () (at ./Library/PackageCache/com.meta.xr.simulator@74.0.0/Editor/SyntheticEnvironments/Registry.cs:87)
System.Runtime.CompilerServices.RuntimeHelpers:RunClassConstructor (System.RuntimeTypeHandle)
UnityEditor.EditorAssemblies:ProcessInitializeOnLoadAttributes (System.Type[])

(Filename: ./Library/PackageCache/com.meta.xr.simulator@74.0.0/Editor/Utils.cs Line: 165)

[Synthetic Environments] got match start synth_env_server_extra_rooms.exe XRoom3_1
UnityEngine.StackTraceUtility:ExtractStackTrace ()
UnityEngine.DebugLogHandler:LogFormat (UnityEngine.LogType,UnityEngine.Object,string,object[])
UnityEngine.Logger:Log (UnityEngine.LogType,object)
UnityEngine.Debug:Log (object)
Meta.XR.Simulator.Utils:ReportInfo (string,string) (at ./Library/PackageCache/com.meta.xr.simulator@74.0.0/Editor/Utils.cs:165)
Meta.XR.Simulator.Editor.SyntheticEnvironments.Installer:ParseSynthEnvScript (string) (at ./Library/PackageCache/com.meta.xr.simulator@74.0.0/Editor/SyntheticEnvironments/Installer.cs:98)
Meta.XR.Simulator.Editor.SyntheticEnvironments.Installer:BuildSyntheticEnvironments () (at ./Library/PackageCache/com.meta.xr.simulator@74.0.0/Editor/SyntheticEnvironments/Installer.cs:76)
Meta.XR.Simulator.Editor.SyntheticEnvironments.Registry:RegisterSyntheticEnvironments () (at ./Library/PackageCache/com.meta.xr.simulator@74.0.0/Editor/SyntheticEnvironments/Registry.cs:97)
Meta.XR.Simulator.Editor.SyntheticEnvironments.Registry:.cctor () (at ./Library/PackageCache/com.meta.xr.simulator@74.0.0/Editor/SyntheticEnvironments/Registry.cs:87)
System.Runtime.CompilerServices.RuntimeHelpers:RunClassConstructor (System.RuntimeTypeHandle)
UnityEditor.EditorAssemblies:ProcessInitializeOnLoadAttributes (System.Type[])

(Filename: ./Library/PackageCache/com.meta.xr.simulator@74.0.0/Editor/Utils.cs Line: 165)

[Synthetic Environments] got match start synth_env_server_extra_rooms.exe XRoom1_2
UnityEngine.StackTraceUtility:ExtractStackTrace ()
UnityEngine.DebugLogHandler:LogFormat (UnityEngine.LogType,UnityEngine.Object,string,object[])
UnityEngine.Logger:Log (UnityEngine.LogType,object)
UnityEngine.Debug:Log (object)
Meta.XR.Simulator.Utils:ReportInfo (string,string) (at ./Library/PackageCache/com.meta.xr.simulator@74.0.0/Editor/Utils.cs:165)
Meta.XR.Simulator.Editor.SyntheticEnvironments.Installer:ParseSynthEnvScript (string) (at ./Library/PackageCache/com.meta.xr.simulator@74.0.0/Editor/SyntheticEnvironments/Installer.cs:98)
Meta.XR.Simulator.Editor.SyntheticEnvironments.Installer:BuildSyntheticEnvironments () (at ./Library/PackageCache/com.meta.xr.simulator@74.0.0/Editor/SyntheticEnvironments/Installer.cs:76)
Meta.XR.Simulator.Editor.SyntheticEnvironments.Registry:RegisterSyntheticEnvironments () (at ./Library/PackageCache/com.meta.xr.simulator@74.0.0/Editor/SyntheticEnvironments/Registry.cs:97)
Meta.XR.Simulator.Editor.SyntheticEnvironments.Registry:.cctor () (at ./Library/PackageCache/com.meta.xr.simulator@74.0.0/Editor/SyntheticEnvironments/Registry.cs:87)
System.Runtime.CompilerServices.RuntimeHelpers:RunClassConstructor (System.RuntimeTypeHandle)
UnityEditor.EditorAssemblies:ProcessInitializeOnLoadAttributes (System.Type[])

(Filename: ./Library/PackageCache/com.meta.xr.simulator@74.0.0/Editor/Utils.cs Line: 165)

[Synthetic Environments] got match start synth_env_server_extra_rooms.exe XRoom1_1
UnityEngine.StackTraceUtility:ExtractStackTrace ()
UnityEngine.DebugLogHandler:LogFormat (UnityEngine.LogType,UnityEngine.Object,string,object[])
UnityEngine.Logger:Log (UnityEngine.LogType,object)
UnityEngine.Debug:Log (object)
Meta.XR.Simulator.Utils:ReportInfo (string,string) (at ./Library/PackageCache/com.meta.xr.simulator@74.0.0/Editor/Utils.cs:165)
Meta.XR.Simulator.Editor.SyntheticEnvironments.Installer:ParseSynthEnvScript (string) (at ./Library/PackageCache/com.meta.xr.simulator@74.0.0/Editor/SyntheticEnvironments/Installer.cs:98)
Meta.XR.Simulator.Editor.SyntheticEnvironments.Installer:BuildSyntheticEnvironments () (at ./Library/PackageCache/com.meta.xr.simulator@74.0.0/Editor/SyntheticEnvironments/Installer.cs:76)
Meta.XR.Simulator.Editor.SyntheticEnvironments.Registry:RegisterSyntheticEnvironments () (at ./Library/PackageCache/com.meta.xr.simulator@74.0.0/Editor/SyntheticEnvironments/Registry.cs:97)
Meta.XR.Simulator.Editor.SyntheticEnvironments.Registry:.cctor () (at ./Library/PackageCache/com.meta.xr.simulator@74.0.0/Editor/SyntheticEnvironments/Registry.cs:87)
System.Runtime.CompilerServices.RuntimeHelpers:RunClassConstructor (System.RuntimeTypeHandle)
UnityEditor.EditorAssemblies:ProcessInitializeOnLoadAttributes (System.Type[])

(Filename: ./Library/PackageCache/com.meta.xr.simulator@74.0.0/Editor/Utils.cs Line: 165)

[Synthetic Environments] got match start synth_env_server_extra_rooms.exe XRoom1_4
UnityEngine.StackTraceUtility:ExtractStackTrace ()
UnityEngine.DebugLogHandler:LogFormat (UnityEngine.LogType,UnityEngine.Object,string,object[])
UnityEngine.Logger:Log (UnityEngine.LogType,object)
UnityEngine.Debug:Log (object)
Meta.XR.Simulator.Utils:ReportInfo (string,string) (at ./Library/PackageCache/com.meta.xr.simulator@74.0.0/Editor/Utils.cs:165)
Meta.XR.Simulator.Editor.SyntheticEnvironments.Installer:ParseSynthEnvScript (string) (at ./Library/PackageCache/com.meta.xr.simulator@74.0.0/Editor/SyntheticEnvironments/Installer.cs:98)
Meta.XR.Simulator.Editor.SyntheticEnvironments.Installer:BuildSyntheticEnvironments () (at ./Library/PackageCache/com.meta.xr.simulator@74.0.0/Editor/SyntheticEnvironments/Installer.cs:76)
Meta.XR.Simulator.Editor.SyntheticEnvironments.Registry:RegisterSyntheticEnvironments () (at ./Library/PackageCache/com.meta.xr.simulator@74.0.0/Editor/SyntheticEnvironments/Registry.cs:97)
Meta.XR.Simulator.Editor.SyntheticEnvironments.Registry:.cctor () (at ./Library/PackageCache/com.meta.xr.simulator@74.0.0/Editor/SyntheticEnvironments/Registry.cs:87)
System.Runtime.CompilerServices.RuntimeHelpers:RunClassConstructor (System.RuntimeTypeHandle)
UnityEditor.EditorAssemblies:ProcessInitializeOnLoadAttributes (System.Type[])

(Filename: ./Library/PackageCache/com.meta.xr.simulator@74.0.0/Editor/Utils.cs Line: 165)

[Package Manager] Server::EnsureServerProcessIsRunning -- launch failed, reason: Unity was launched with the -noUpm command-line argument
[Package Manager] UpmClient::Send -- Unable to send message (not connected to UPM process).
[Package Manager] Cannot connect to Unity Package Manager local server
System.Reflection.TargetInvocationException: Exception has been thrown by the target of an invocation. ---> System.NullReferenceException: Object reference not set to an instance of an object
  at Unity.XR.Oculus.OculusLoader.AssetPathToAbsolutePath (System.String assetPath) [0x0003d] in .\Library\PackageCache\com.unity.xr.oculus@4.2.0\Runtime\OculusLoader.cs:298 
  at Unity.XR.Oculus.OculusLoader.EditorLoadOVRPlugin () [0x0008c] in .\Library\PackageCache\com.unity.xr.oculus@4.2.0\Runtime\OculusLoader.cs:283 
  at (wrapper managed-to-native) System.Reflection.RuntimeMethodInfo.InternalInvoke(System.Reflection.RuntimeMethodInfo,object,object[],System.Exception&)
  at System.Reflection.RuntimeMethodInfo.Invoke (System.Object obj, System.Reflection.BindingFlags invokeAttr, System.Reflection.Binder binder, System.Object[] parameters, System.Globalization.CultureInfo culture) [0x0006a] in <51fded79cd284d4d911c5949aff4cb21>:0 
   --- End of inner exception stack trace ---
  at System.Reflection.RuntimeMethodInfo.Invoke (System.Object obj, System.Reflection.BindingFlags invokeAttr, System.Reflection.Binder binder, System.Object[] parameters, System.Globalization.CultureInfo culture) [0x00083] in <51fded79cd284d4d911c5949aff4cb21>:0 
  at System.Reflection.MethodBase.Invoke (System.Object obj, System.Object[] parameters) [0x00000] in <51fded79cd284d4d911c5949aff4cb21>:0 
  at UnityEditor.EditorAssemblies.ProcessInitializeOnLoadMethodAttributes () [0x000a5] in <2201ab87e660427c974282df3bb3cf36>:0 
UnityEngine.StackTraceUtility:ExtractStackTrace ()
UnityEngine.DebugLogHandler:LogFormat (UnityEngine.LogType,UnityEngine.Object,string,object[])
UnityEngine.Logger:Log (UnityEngine.LogType,object)
UnityEngine.Debug:LogError (object)
UnityEditor.EditorAssemblies:ProcessInitializeOnLoadMethodAttributes ()

Mono: successfully reloaded assembly
[Package Manager] Server::EnsureServerProcessIsRunning -- launch failed, reason: Unity was launched with the -noUpm command-line argument
[Package Manager] UpmClient::Send -- Unable to send message (not connected to UPM process).
[Package Manager] Cannot connect to Unity Package Manager local server
[Package Manager] Server::EnsureServerProcessIsRunning -- launch failed, reason: Unity was launched with the -noUpm command-line argument
[Package Manager] UpmClient::Send -- Unable to send message (not connected to UPM process).
[Package Manager] Cannot connect to Unity Package Manager local server
- Finished resetting the current domain, in  0.863 seconds
Domain Reload Profiling: 1429ms
	BeginReloadAssembly (141ms)
		ExecutionOrderSort (0ms)
		DisableScriptedObjects (5ms)
		BackupInstance (0ms)
		ReleaseScriptingObjects (0ms)
		CreateAndSetChildDomain (20ms)
	RebuildCommonClasses (30ms)
	RebuildNativeTypeToScriptingClass (9ms)
	initialDomainReloadingComplete (39ms)
	LoadAllAssembliesAndSetupDomain (346ms)
		LoadAssemblies (296ms)
		RebuildTransferFunctionScriptingTraits (0ms)
		AnalyzeDomain (136ms)
			TypeCache.Refresh (96ms)
				TypeCache.ScanAssembly (77ms)
			ScanForSourceGeneratedMonoScriptInfo (27ms)
			ResolveRequiredComponents (13ms)
	FinalizeReload (864ms)
		ReleaseScriptCaches (0ms)
		RebuildScriptCaches (0ms)
		SetupLoadedEditorAssemblies (670ms)
			LogAssemblyErrors (0ms)
			InitializePlatformSupportModulesInManaged (31ms)
			SetLoadedEditorAssemblies (5ms)
			RefreshPlugins (0ms)
			BeforeProcessingInitializeOnLoad (89ms)
			ProcessInitializeOnLoadAttributes (500ms)
			ProcessInitializeOnLoadMethodAttributes (34ms)
			AfterProcessingInitializeOnLoad (10ms)
			EditorAssembliesLoaded (0ms)
		ExecutionOrderSort2 (0ms)
		AwakeInstancesAfterBackupRestoration (8ms)
Shader 'Oculus/OVRMRCameraFrameLit': fallback shader 'Alpha-Diffuse' not found
Shader 'Meta/MRUK/Scene/HighlightsAndShadows': fallback shader 'Off' not found
Launched and connected shader compiler UnityShaderCompiler.exe after 0.05 seconds
Refreshing native plugins compatible for Editor in 14.88 ms, found 10 plugins.
Preloading 3 native plugins for Editor in 0.22 ms.
Unloading 3167 Unused Serialized files (Serialized files now loaded: 0)
Unloading 62 unused Assets / (490.8 KB). Loaded Objects now: 3598.
Memory consumption went from 167.3 MB to 166.8 MB.
Total: 5.339700 ms (FindLiveObjects: 0.247800 ms CreateObjectMapping: 0.198600 ms MarkObjects: 4.622900 ms  DeleteObjects: 0.269700 ms)

AssetImportParameters requested are different than current active one (requested -> active):
  custom:video-decoder-webm-vp8: 9c59270c3fd7afecdb556c50c9e8de78 -> 
  custom:SearchIndexIgnoredProperties: e643bd26f0fe6173181afceb89e7c659 -> 
  custom:container-demuxer-ogg: 62fdf1f143b41e24485cea50d1cbac27 -> 
  custom:AudioImporter_EditorPlatform: d09bf68614088b80899f8185d706f6e7 -> 
  custom:video-codec-MediaFoundation-h265: 746d11721c4dcdbdad8f713fa42b33f4 -> 
  custom:video-decoder-ogg-theora: a1e56fd34408186e4bbccfd4996cb3dc -> 
  custom:framework-win-MediaFoundation: 216162199b28c13a410421893ffa2e32 -> 
  custom:video-encoder-webm-vp8: eb34c28f22e8b96e1ab97ce403110664 -> 
  custom:audio-decoder-ogg-vorbis: bf7c407c2cedff20999df2af8eb42d56 -> 
  custom:CustomObjectIndexerAttribute: 9a22284fe3817be447336de3de66b15e -> 
  custom:container-demuxer-webm: 4f35f7cbe854078d1ac9338744f61a02 -> 
  custom:audio-encoder-webm-vorbis: bf7c407c2cedff20999df2af8eb42d56 -> 
  custom:container-muxer-webm: aa71ff27fc2769a1b78a27578f13a17b -> 
========================================================================
Received Import Request.
  Time since last request: 22022.940387 seconds.
  path: Assets/Scenes/SpatialAnchorsLabs0.unity
  artifactKey: Guid(990a805f307f42741a49980bde6d0616) Importer(815301076,1909f56bfc062723c751e8b465ee728b)
Start importing Assets/Scenes/SpatialAnchorsLabs0.unity using Guid(990a805f307f42741a49980bde6d0616) Importer(815301076,1909f56bfc062723c751e8b465ee728b) [PhysX] Initialized MultithreadedTaskDispatcher with 16 workers.
 -> (artifact id: '11d8f7f756e08219505da47871174c40') in 0.002321 seconds
Number of updated asset objects reloaded before import = 0
Number of asset objects unloaded after import = 0
========================================================================
Received Import Request.
  Time since last request: 3.637075 seconds.
  path: Packages/com.meta.xr.sdk.core/Scripts/BuildingBlocks/SampleSpatialAnchorControllerScripts/SpatialAnchorSpawnerBuildingBlock.cs
  artifactKey: Guid(5bc6a23b88361f8498219ac2b71b4317) Importer(815301076,1909f56bfc062723c751e8b465ee728b)
Start importing Packages/com.meta.xr.sdk.core/Scripts/BuildingBlocks/SampleSpatialAnchorControllerScripts/SpatialAnchorSpawnerBuildingBlock.cs using Guid(5bc6a23b88361f8498219ac2b71b4317) Importer(815301076,1909f56bfc062723c751e8b465ee728b) [PhysX] Initialized MultithreadedTaskDispatcher with 16 workers.
 -> (artifact id: '350da1e058dfe7e7c85e774b268b0a07') in 0.000546 seconds
Number of updated asset objects reloaded before import = 0
Number of asset objects unloaded after import = 0
========================================================================
Received Import Request.
  Time since last request: 7.080767 seconds.
  path: Packages/com.meta.xr.sdk.core/Editor/BuildingBlocks/BlockData/SharedSpatialAnchorCore/Scripts/SharedSpatialAnchorSetupRules.cs
  artifactKey: Guid(a199c50f8f761274e84170e760c8fffc) Importer(815301076,1909f56bfc062723c751e8b465ee728b)
Start importing Packages/com.meta.xr.sdk.core/Editor/BuildingBlocks/BlockData/SharedSpatialAnchorCore/Scripts/SharedSpatialAnchorSetupRules.cs using Guid(a199c50f8f761274e84170e760c8fffc) Importer(815301076,1909f56bfc062723c751e8b465ee728b) [PhysX] Initialized MultithreadedTaskDispatcher with 16 workers.
 -> (artifact id: '841a5722af5669ea54324320b5da45af') in 0.000566 seconds
Number of updated asset objects reloaded before import = 0
Number of asset objects unloaded after import = 0
========================================================================
Received Import Request.
  Time since last request: 66.024665 seconds.
  path: Assets/SpecialAnchorLabs/SaveablePrefab.prefab
  artifactKey: Guid(bfa7fa6983b204a40a3f0570dd89a3f7) Importer(815301076,1909f56bfc062723c751e8b465ee728b)
Start importing Assets/SpecialAnchorLabs/SaveablePrefab.prefab using Guid(bfa7fa6983b204a40a3f0570dd89a3f7) Importer(815301076,1909f56bfc062723c751e8b465ee728b) [PhysX] Initialized MultithreadedTaskDispatcher with 16 workers.
 -> (artifact id: 'c2983ffbf7caedc43ff636cc1c08fc18') in 0.025967 seconds
Number of updated asset objects reloaded before import = 0
Number of asset objects unloaded after import = 4
========================================================================
Received Import Request.
  Time since last request: 15.209254 seconds.
  path: Assets/SpecialAnchorLabs/SaveablePrefab.prefab
  artifactKey: Guid(bfa7fa6983b204a40a3f0570dd89a3f7) Importer(815301076,1909f56bfc062723c751e8b465ee728b)
Start importing Assets/SpecialAnchorLabs/SaveablePrefab.prefab using Guid(bfa7fa6983b204a40a3f0570dd89a3f7) Importer(815301076,1909f56bfc062723c751e8b465ee728b) [PhysX] Initialized MultithreadedTaskDispatcher with 16 workers.
 -> (artifact id: '1363f008fd51267cdc9f102ea4f39a25') in 0.002071 seconds
Number of updated asset objects reloaded before import = 0
Number of asset objects unloaded after import = 4
========================================================================
Received Import Request.
  Time since last request: 3.616908 seconds.
  path: Assets/SpecialAnchorLabs/SaveablePrefab.prefab
  artifactKey: Guid(bfa7fa6983b204a40a3f0570dd89a3f7) Importer(815301076,1909f56bfc062723c751e8b465ee728b)
Start importing Assets/SpecialAnchorLabs/SaveablePrefab.prefab using Guid(bfa7fa6983b204a40a3f0570dd89a3f7) Importer(815301076,1909f56bfc062723c751e8b465ee728b) [PhysX] Initialized MultithreadedTaskDispatcher with 16 workers.
 -> (artifact id: '480eb0a61aa1d0ea953a381a60799dc6') in 0.001888 seconds
Number of updated asset objects reloaded before import = 0
Number of asset objects unloaded after import = 4
========================================================================
Received Import Request.
  Time since last request: 7.246736 seconds.
  path: Assets/SpecialAnchorLabs/SaveablePrefab.prefab
  artifactKey: Guid(bfa7fa6983b204a40a3f0570dd89a3f7) Importer(815301076,1909f56bfc062723c751e8b465ee728b)
Start importing Assets/SpecialAnchorLabs/SaveablePrefab.prefab using Guid(bfa7fa6983b204a40a3f0570dd89a3f7) Importer(815301076,1909f56bfc062723c751e8b465ee728b) [PhysX] Initialized MultithreadedTaskDispatcher with 16 workers.
 -> (artifact id: '7630572e1879b3c70c72e9df0b931bda') in 0.002283 seconds
Number of updated asset objects reloaded before import = 0
Number of asset objects unloaded after import = 4
========================================================================
Received Import Request.
  Time since last request: 4.025095 seconds.
  path: Assets/SpecialAnchorLabs/SaveablePrefab.prefab
  artifactKey: Guid(bfa7fa6983b204a40a3f0570dd89a3f7) Importer(815301076,1909f56bfc062723c751e8b465ee728b)
Start importing Assets/SpecialAnchorLabs/SaveablePrefab.prefab using Guid(bfa7fa6983b204a40a3f0570dd89a3f7) Importer(815301076,1909f56bfc062723c751e8b465ee728b) [PhysX] Initialized MultithreadedTaskDispatcher with 16 workers.
 -> (artifact id: 'b491dd1ff9f126c75e9f52ad037d48d0') in 0.001759 seconds
Number of updated asset objects reloaded before import = 0
Number of asset objects unloaded after import = 4
========================================================================
Received Import Request.
  Time since last request: 3.832289 seconds.
  path: Assets/SpecialAnchorLabs/SaveablePrefab.prefab
  artifactKey: Guid(bfa7fa6983b204a40a3f0570dd89a3f7) Importer(815301076,1909f56bfc062723c751e8b465ee728b)
Start importing Assets/SpecialAnchorLabs/SaveablePrefab.prefab using Guid(bfa7fa6983b204a40a3f0570dd89a3f7) Importer(815301076,1909f56bfc062723c751e8b465ee728b) [PhysX] Initialized MultithreadedTaskDispatcher with 16 workers.
 -> (artifact id: 'cb1e82a1551ca79e829deeec78b9bf14') in 0.001816 seconds
Number of updated asset objects reloaded before import = 0
Number of asset objects unloaded after import = 4
========================================================================
Received Import Request.
  Time since last request: 11.912928 seconds.
  path: Assets/SpecialAnchorLabs/SaveablePrefab.prefab
  artifactKey: Guid(bfa7fa6983b204a40a3f0570dd89a3f7) Importer(815301076,1909f56bfc062723c751e8b465ee728b)
Start importing Assets/SpecialAnchorLabs/SaveablePrefab.prefab using Guid(bfa7fa6983b204a40a3f0570dd89a3f7) Importer(815301076,1909f56bfc062723c751e8b465ee728b) [PhysX] Initialized MultithreadedTaskDispatcher with 16 workers.
 -> (artifact id: '75f8f7313561f1c46fd94e887ec1c452') in 0.001939 seconds
Number of updated asset objects reloaded before import = 0
Number of asset objects unloaded after import = 4
========================================================================
Received Import Request.
  Time since last request: 8.186747 seconds.
  path: Assets/SpecialAnchorLabs/SaveablePrefab.prefab
  artifactKey: Guid(bfa7fa6983b204a40a3f0570dd89a3f7) Importer(815301076,1909f56bfc062723c751e8b465ee728b)
Start importing Assets/SpecialAnchorLabs/SaveablePrefab.prefab using Guid(bfa7fa6983b204a40a3f0570dd89a3f7) Importer(815301076,1909f56bfc062723c751e8b465ee728b) [PhysX] Initialized MultithreadedTaskDispatcher with 16 workers.
[PhysX] Initialized MultithreadedTaskDispatcher with 16 workers.
 -> (artifact id: 'bdb8a1f8e36441bd3dfd697ad5abf538') in 0.060551 seconds
Number of updated asset objects reloaded before import = 0
Number of asset objects unloaded after import = 9
========================================================================
Received Import Request.
  Time since last request: 102.565015 seconds.
  path: Assets/SpecialAnchorLabs/SaveablePrefab.prefab
  artifactKey: Guid(bfa7fa6983b204a40a3f0570dd89a3f7) Importer(815301076,1909f56bfc062723c751e8b465ee728b)
Start importing Assets/SpecialAnchorLabs/SaveablePrefab.prefab using Guid(bfa7fa6983b204a40a3f0570dd89a3f7) Importer(815301076,1909f56bfc062723c751e8b465ee728b) [PhysX] Initialized MultithreadedTaskDispatcher with 16 workers.
[PhysX] Initialized MultithreadedTaskDispatcher with 16 workers.
 -> (artifact id: '712e8a48ce7b5cf011911d8dd46b64b8') in 0.018932 seconds
Number of updated asset objects reloaded before import = 0
Number of asset objects unloaded after import = 10
========================================================================
Received Import Request.
  Time since last request: 18.295848 seconds.
  path: Assets/SpecialAnchorLabs/SaveablePrefab 1.prefab
  artifactKey: Guid(087e548590ab31a4689efcf30f8b71cd) Importer(815301076,1909f56bfc062723c751e8b465ee728b)
Start importing Assets/SpecialAnchorLabs/SaveablePrefab 1.prefab using Guid(087e548590ab31a4689efcf30f8b71cd) Importer(815301076,1909f56bfc062723c751e8b465ee728b) [PhysX] Initialized MultithreadedTaskDispatcher with 16 workers.
[PhysX] Initialized MultithreadedTaskDispatcher with 16 workers.
 -> (artifact id: 'c588061f8fd2315c51340f5aff40b321') in 0.006815 seconds
Number of updated asset objects reloaded before import = 0
Number of asset objects unloaded after import = 10
========================================================================
Received Import Request.
  Time since last request: 15.063766 seconds.
  path: Assets/SpecialAnchorLabs/NonSaveablePrefab.prefab
  artifactKey: Guid(087e548590ab31a4689efcf30f8b71cd) Importer(815301076,1909f56bfc062723c751e8b465ee728b)
Start importing Assets/SpecialAnchorLabs/NonSaveablePrefab.prefab using Guid(087e548590ab31a4689efcf30f8b71cd) Importer(815301076,1909f56bfc062723c751e8b465ee728b) [PhysX] Initialized MultithreadedTaskDispatcher with 16 workers.
[PhysX] Initialized MultithreadedTaskDispatcher with 16 workers.
 -> (artifact id: '98d3c95e42e8c53bb9dafe5416337168') in 0.008495 seconds
Number of updated asset objects reloaded before import = 0
Number of asset objects unloaded after import = 10
========================================================================
Received Import Request.
  Time since last request: 7.099345 seconds.
  path: Packages/com.meta.xr.sdk.interaction/Runtime/Sample/Objects/Props/CoffeeCup/CoffeeCupFractured_AlbedoRoughness.tga
  artifactKey: Guid(ac60f8bf3bbf65d4e877a2731053e95e) Importer(815301076,1909f56bfc062723c751e8b465ee728b)
Start importing Packages/com.meta.xr.sdk.interaction/Runtime/Sample/Objects/Props/CoffeeCup/CoffeeCupFractured_AlbedoRoughness.tga using Guid(ac60f8bf3bbf65d4e877a2731053e95e) Importer(815301076,1909f56bfc062723c751e8b465ee728b) [PhysX] Initialized MultithreadedTaskDispatcher with 16 workers.
[PhysX] Initialized MultithreadedTaskDispatcher with 16 workers.
 -> (artifact id: '3a2dd550790b535d02711138d824b063') in 0.033624 seconds
Number of updated asset objects reloaded before import = 0
Number of asset objects unloaded after import = 2
========================================================================
Received Import Request.
  Time since last request: 0.000109 seconds.
  path: Packages/com.meta.xr.mrutilitykit/Tests/PlayMode/ScriptableObjects/FloorCeilingWall_GlobalMesh_Staggered.asset
  artifactKey: Guid(d8492adcc54451e46ad49a33e3182f73) Importer(815301076,1909f56bfc062723c751e8b465ee728b)
Start importing Packages/com.meta.xr.mrutilitykit/Tests/PlayMode/ScriptableObjects/FloorCeilingWall_GlobalMesh_Staggered.asset using Guid(d8492adcc54451e46ad49a33e3182f73) Importer(815301076,1909f56bfc062723c751e8b465ee728b) [PhysX] Initialized MultithreadedTaskDispatcher with 16 workers.
 -> (artifact id: 'df83b9ee334568353a05fb0d029612e0') in 0.010844 seconds
Number of updated asset objects reloaded before import = 0
Number of asset objects unloaded after import = 17
========================================================================
Received Import Request.
  Time since last request: 0.000015 seconds.
  path: Packages/com.meta.xr.sdk.interaction/Runtime/Sample/Objects/Environment/Room/Textures/furnitureDiffuse.png
  artifactKey: Guid(d295cc6e5d8be4344acbf689e12459d0) Importer(815301076,1909f56bfc062723c751e8b465ee728b)
Start importing Packages/com.meta.xr.sdk.interaction/Runtime/Sample/Objects/Environment/Room/Textures/furnitureDiffuse.png using Guid(d295cc6e5d8be4344acbf689e12459d0) Importer(815301076,1909f56bfc062723c751e8b465ee728b) [PhysX] Initialized MultithreadedTaskDispatcher with 16 workers.
[PhysX] Initialized MultithreadedTaskDispatcher with 16 workers.
 -> (artifact id: 'fe388000689805ed58a97b491f5b0d80') in 0.045894 seconds
Number of updated asset objects reloaded before import = 0
Number of asset objects unloaded after import = 2
========================================================================
Received Import Request.
  Time since last request: 2.646296 seconds.
  path: Packages/com.meta.xr.sdk.core/Editor/BuildingBlocks/BlockData/RoomModel/Materials/Red.mat
  artifactKey: Guid(891cb734b1022d246a31907346236591) Importer(815301076,1909f56bfc062723c751e8b465ee728b)
Start importing Packages/com.meta.xr.sdk.core/Editor/BuildingBlocks/BlockData/RoomModel/Materials/Red.mat using Guid(891cb734b1022d246a31907346236591) Importer(815301076,1909f56bfc062723c751e8b465ee728b) [PhysX] Initialized MultithreadedTaskDispatcher with 16 workers.
[PhysX] Initialized MultithreadedTaskDispatcher with 16 workers.
 -> (artifact id: '364abbc627436dedc4cdb1f82b4be314') in 0.038230 seconds
Number of updated asset objects reloaded before import = 0
Number of asset objects unloaded after import = 1
========================================================================
Received Import Request.
  Time since last request: 0.359169 seconds.
  path: Packages/com.meta.xr.sdk.core/Editor/BuildingBlocks/BlockData/Shared/Material/SharedMaterial.mat
  artifactKey: Guid(15b1d5ff3d274694e8d0c6cb466a4ae6) Importer(815301076,1909f56bfc062723c751e8b465ee728b)
Start importing Packages/com.meta.xr.sdk.core/Editor/BuildingBlocks/BlockData/Shared/Material/SharedMaterial.mat using Guid(15b1d5ff3d274694e8d0c6cb466a4ae6) Importer(815301076,1909f56bfc062723c751e8b465ee728b) [PhysX] Initialized MultithreadedTaskDispatcher with 16 workers.
[PhysX] Initialized MultithreadedTaskDispatcher with 16 workers.
 -> (artifact id: '5d8561a5d02d85cc9a4ac23785b32a86') in 0.026489 seconds
Number of updated asset objects reloaded before import = 0
Number of asset objects unloaded after import = 1
========================================================================
Received Import Request.
  Time since last request: 25.185366 seconds.
  path: Assets/SpecialAnchorLabs/NonSaveablePrefab.prefab
  artifactKey: Guid(087e548590ab31a4689efcf30f8b71cd) Importer(815301076,1909f56bfc062723c751e8b465ee728b)
Start importing Assets/SpecialAnchorLabs/NonSaveablePrefab.prefab using Guid(087e548590ab31a4689efcf30f8b71cd) Importer(815301076,1909f56bfc062723c751e8b465ee728b) [PhysX] Initialized MultithreadedTaskDispatcher with 16 workers.
[PhysX] Initialized MultithreadedTaskDispatcher with 16 workers.
 -> (artifact id: '5c38d5188b458589dedb47542f2728dd') in 0.016872 seconds
Number of updated asset objects reloaded before import = 0
Number of asset objects unloaded after import = 10
========================================================================
Received Import Request.
  Time since last request: 24.381252 seconds.
  path: Assets/SpecialAnchorLabs/SaveablePlacement.prefab
  artifactKey: Guid(cdb63a6f10f22214fb11cd9cc2ad0c5d) Importer(815301076,1909f56bfc062723c751e8b465ee728b)
Start importing Assets/SpecialAnchorLabs/SaveablePlacement.prefab using Guid(cdb63a6f10f22214fb11cd9cc2ad0c5d) Importer(815301076,1909f56bfc062723c751e8b465ee728b) [PhysX] Initialized MultithreadedTaskDispatcher with 16 workers.
 -> (artifact id: '03f4b32c04e6dddb24162169c4c07be9') in 0.001870 seconds
Number of updated asset objects reloaded before import = 0
Number of asset objects unloaded after import = 4
========================================================================
Received Import Request.
  Time since last request: 235.223446 seconds.
  path: Assets/SpecialAnchorLabs/SaveablePlacement.prefab
  artifactKey: Guid(cdb63a6f10f22214fb11cd9cc2ad0c5d) Importer(815301076,1909f56bfc062723c751e8b465ee728b)
Start importing Assets/SpecialAnchorLabs/SaveablePlacement.prefab using Guid(cdb63a6f10f22214fb11cd9cc2ad0c5d) Importer(815301076,1909f56bfc062723c751e8b465ee728b) [PhysX] Initialized MultithreadedTaskDispatcher with 16 workers.
 -> (artifact id: '7564d634c556fb0949e9235a9a195f6b') in 0.003285 seconds
Number of updated asset objects reloaded before import = 0
Number of asset objects unloaded after import = 4
========================================================================
Received Import Request.
  Time since last request: 15.908660 seconds.
  path: Assets/SpecialAnchorLabs/SaveablePlacement.prefab
  artifactKey: Guid(cdb63a6f10f22214fb11cd9cc2ad0c5d) Importer(815301076,1909f56bfc062723c751e8b465ee728b)
Start importing Assets/SpecialAnchorLabs/SaveablePlacement.prefab using Guid(cdb63a6f10f22214fb11cd9cc2ad0c5d) Importer(815301076,1909f56bfc062723c751e8b465ee728b) [PhysX] Initialized MultithreadedTaskDispatcher with 16 workers.
 -> (artifact id: '62cea1e38f10c0d81483337ece3bd17a') in 0.001919 seconds
Number of updated asset objects reloaded before import = 0
Number of asset objects unloaded after import = 4
========================================================================
Received Import Request.
  Time since last request: 4.429830 seconds.
  path: Assets/SpecialAnchorLabs/SaveablePlacement.prefab
  artifactKey: Guid(cdb63a6f10f22214fb11cd9cc2ad0c5d) Importer(815301076,1909f56bfc062723c751e8b465ee728b)
Start importing Assets/SpecialAnchorLabs/SaveablePlacement.prefab using Guid(cdb63a6f10f22214fb11cd9cc2ad0c5d) Importer(815301076,1909f56bfc062723c751e8b465ee728b) [PhysX] Initialized MultithreadedTaskDispatcher with 16 workers.
 -> (artifact id: 'b11545c21e149edc7604cd98b6dcb389') in 0.001896 seconds
Number of updated asset objects reloaded before import = 0
Number of asset objects unloaded after import = 4
========================================================================
Received Import Request.
  Time since last request: 7.249132 seconds.
  path: Assets/SpecialAnchorLabs/SaveablePlacement.prefab
  artifactKey: Guid(cdb63a6f10f22214fb11cd9cc2ad0c5d) Importer(815301076,1909f56bfc062723c751e8b465ee728b)
Start importing Assets/SpecialAnchorLabs/SaveablePlacement.prefab using Guid(cdb63a6f10f22214fb11cd9cc2ad0c5d) Importer(815301076,1909f56bfc062723c751e8b465ee728b) [PhysX] Initialized MultithreadedTaskDispatcher with 16 workers.
 -> (artifact id: 'f411451ec2efa192e65d75ac0e3b0a8a') in 0.001840 seconds
Number of updated asset objects reloaded before import = 0
Number of asset objects unloaded after import = 4
========================================================================
Received Import Request.
  Time since last request: 4.066575 seconds.
  path: Assets/SpecialAnchorLabs/SaveablePlacement.prefab
  artifactKey: Guid(cdb63a6f10f22214fb11cd9cc2ad0c5d) Importer(815301076,1909f56bfc062723c751e8b465ee728b)
Start importing Assets/SpecialAnchorLabs/SaveablePlacement.prefab using Guid(cdb63a6f10f22214fb11cd9cc2ad0c5d) Importer(815301076,1909f56bfc062723c751e8b465ee728b) [PhysX] Initialized MultithreadedTaskDispatcher with 16 workers.
 -> (artifact id: '6b4b3f671de7ae9397965fbb2990ca58') in 0.001792 seconds
Number of updated asset objects reloaded before import = 0
Number of asset objects unloaded after import = 6
========================================================================
Received Import Request.
  Time since last request: 20.165582 seconds.
  path: Assets/SpecialAnchorLabs/SaveablePlacement.prefab
  artifactKey: Guid(cdb63a6f10f22214fb11cd9cc2ad0c5d) Importer(815301076,1909f56bfc062723c751e8b465ee728b)
Start importing Assets/SpecialAnchorLabs/SaveablePlacement.prefab using Guid(cdb63a6f10f22214fb11cd9cc2ad0c5d) Importer(815301076,1909f56bfc062723c751e8b465ee728b) [PhysX] Initialized MultithreadedTaskDispatcher with 16 workers.
 -> (artifact id: '4811f567a3446af0c2dd0a970305f96e') in 0.002050 seconds
Number of updated asset objects reloaded before import = 0
Number of asset objects unloaded after import = 6
========================================================================
Received Import Request.
  Time since last request: 1.406651 seconds.
  path: Assets/SpecialAnchorLabs/SaveablePlacement.prefab
  artifactKey: Guid(cdb63a6f10f22214fb11cd9cc2ad0c5d) Importer(815301076,1909f56bfc062723c751e8b465ee728b)
Start importing Assets/SpecialAnchorLabs/SaveablePlacement.prefab using Guid(cdb63a6f10f22214fb11cd9cc2ad0c5d) Importer(815301076,1909f56bfc062723c751e8b465ee728b) [PhysX] Initialized MultithreadedTaskDispatcher with 16 workers.
 -> (artifact id: 'ee5c478cc1633866d3887d249d7eae6f') in 0.001765 seconds
Number of updated asset objects reloaded before import = 0
Number of asset objects unloaded after import = 6
========================================================================
Received Import Request.
  Time since last request: 24.911120 seconds.
  path: Assets/SpecialAnchorLabs/SaveablePlacement.prefab
  artifactKey: Guid(cdb63a6f10f22214fb11cd9cc2ad0c5d) Importer(815301076,1909f56bfc062723c751e8b465ee728b)
Start importing Assets/SpecialAnchorLabs/SaveablePlacement.prefab using Guid(cdb63a6f10f22214fb11cd9cc2ad0c5d) Importer(815301076,1909f56bfc062723c751e8b465ee728b) [PhysX] Initialized MultithreadedTaskDispatcher with 16 workers.
 -> (artifact id: 'dc3c67c6c1ed81f6eb9a4c5862b7c6e2') in 0.001979 seconds
Number of updated asset objects reloaded before import = 0
Number of asset objects unloaded after import = 6
========================================================================
Received Import Request.
  Time since last request: 53.750433 seconds.
  path: Assets/SpecialAnchorLabs/SaveablePlacement.prefab
  artifactKey: Guid(cdb63a6f10f22214fb11cd9cc2ad0c5d) Importer(815301076,1909f56bfc062723c751e8b465ee728b)
Start importing Assets/SpecialAnchorLabs/SaveablePlacement.prefab using Guid(cdb63a6f10f22214fb11cd9cc2ad0c5d) Importer(815301076,1909f56bfc062723c751e8b465ee728b) [PhysX] Initialized MultithreadedTaskDispatcher with 16 workers.
 -> (artifact id: 'b92a02ba0b5fdafbb49edf756b3f195d') in 0.001853 seconds
Number of updated asset objects reloaded before import = 0
Number of asset objects unloaded after import = 6
========================================================================
Received Import Request.
  Time since last request: 11.536896 seconds.
  path: Assets/SpecialAnchorLabs/SaveablePlacement.prefab
  artifactKey: Guid(cdb63a6f10f22214fb11cd9cc2ad0c5d) Importer(815301076,1909f56bfc062723c751e8b465ee728b)
Start importing Assets/SpecialAnchorLabs/SaveablePlacement.prefab using Guid(cdb63a6f10f22214fb11cd9cc2ad0c5d) Importer(815301076,1909f56bfc062723c751e8b465ee728b) [PhysX] Initialized MultithreadedTaskDispatcher with 16 workers.
[PhysX] Initialized MultithreadedTaskDispatcher with 16 workers.
 -> (artifact id: 'be670701aaf1a89aedceb0357c153ca6') in 0.016383 seconds
Number of updated asset objects reloaded before import = 0
Number of asset objects unloaded after import = 11
========================================================================
Received Import Request.
  Time since last request: 22.357601 seconds.
  path: Assets/SpecialAnchorLabs/SaveablePlacement.prefab
  artifactKey: Guid(cdb63a6f10f22214fb11cd9cc2ad0c5d) Importer(815301076,1909f56bfc062723c751e8b465ee728b)
Start importing Assets/SpecialAnchorLabs/SaveablePlacement.prefab using Guid(cdb63a6f10f22214fb11cd9cc2ad0c5d) Importer(815301076,1909f56bfc062723c751e8b465ee728b) [PhysX] Initialized MultithreadedTaskDispatcher with 16 workers.
[PhysX] Initialized MultithreadedTaskDispatcher with 16 workers.
 -> (artifact id: '42d6b627220b44876902423541d42220') in 0.006202 seconds
Number of updated asset objects reloaded before import = 0
Number of asset objects unloaded after import = 11
========================================================================
Received Import Request.
  Time since last request: 10.480298 seconds.
  path: Assets/SpecialAnchorLabs/SaveablePlacement.prefab
  artifactKey: Guid(cdb63a6f10f22214fb11cd9cc2ad0c5d) Importer(815301076,1909f56bfc062723c751e8b465ee728b)
Start importing Assets/SpecialAnchorLabs/SaveablePlacement.prefab using Guid(cdb63a6f10f22214fb11cd9cc2ad0c5d) Importer(815301076,1909f56bfc062723c751e8b465ee728b) [PhysX] Initialized MultithreadedTaskDispatcher with 16 workers.
[PhysX] Initialized MultithreadedTaskDispatcher with 16 workers.
 -> (artifact id: 'a454814a7e1101b81ce9f22bd080f07b') in 0.014850 seconds
Number of updated asset objects reloaded before import = 0
Number of asset objects unloaded after import = 11
========================================================================
Received Import Request.
  Time since last request: 4.422205 seconds.
  path: Assets/SpecialAnchorLabs/SaveablePlacement.prefab
  artifactKey: Guid(cdb63a6f10f22214fb11cd9cc2ad0c5d) Importer(815301076,1909f56bfc062723c751e8b465ee728b)
Start importing Assets/SpecialAnchorLabs/SaveablePlacement.prefab using Guid(cdb63a6f10f22214fb11cd9cc2ad0c5d) Importer(815301076,1909f56bfc062723c751e8b465ee728b) [PhysX] Initialized MultithreadedTaskDispatcher with 16 workers.
[PhysX] Initialized MultithreadedTaskDispatcher with 16 workers.
 -> (artifact id: '96e50798d16fb067b731daa2001a2508') in 0.016760 seconds
Number of updated asset objects reloaded before import = 0
Number of asset objects unloaded after import = 11
========================================================================
Received Import Request.
  Time since last request: 14.165979 seconds.
  path: Assets/SpecialAnchorLabs/SaveablePlacement.prefab
  artifactKey: Guid(cdb63a6f10f22214fb11cd9cc2ad0c5d) Importer(815301076,1909f56bfc062723c751e8b465ee728b)
Start importing Assets/SpecialAnchorLabs/SaveablePlacement.prefab using Guid(cdb63a6f10f22214fb11cd9cc2ad0c5d) Importer(815301076,1909f56bfc062723c751e8b465ee728b) [PhysX] Initialized MultithreadedTaskDispatcher with 16 workers.
[PhysX] Initialized MultithreadedTaskDispatcher with 16 workers.
 -> (artifact id: 'd2bd14c3c3d9b4654382f176782feaab') in 0.010758 seconds
Number of updated asset objects reloaded before import = 0
Number of asset objects unloaded after import = 11
========================================================================
Received Import Request.
  Time since last request: 33.485809 seconds.
  path: Assets/SpecialAnchorLabs/SaveablePlacement.prefab
  artifactKey: Guid(cdb63a6f10f22214fb11cd9cc2ad0c5d) Importer(815301076,1909f56bfc062723c751e8b465ee728b)
Start importing Assets/SpecialAnchorLabs/SaveablePlacement.prefab using Guid(cdb63a6f10f22214fb11cd9cc2ad0c5d) Importer(815301076,1909f56bfc062723c751e8b465ee728b) [PhysX] Initialized MultithreadedTaskDispatcher with 16 workers.
[PhysX] Initialized MultithreadedTaskDispatcher with 16 workers.
 -> (artifact id: '3da6f66f42c8112424d9bd72637eb637') in 0.019281 seconds
Number of updated asset objects reloaded before import = 0
Number of asset objects unloaded after import = 12
========================================================================
Received Import Request.
  Time since last request: 8.363368 seconds.
  path: Assets/SpecialAnchorLabs/SaveablePrefab 1.prefab
  artifactKey: Guid(b028903cab30b4c4ea0a8d71f9ac0c64) Importer(815301076,1909f56bfc062723c751e8b465ee728b)
Start importing Assets/SpecialAnchorLabs/SaveablePrefab 1.prefab using Guid(b028903cab30b4c4ea0a8d71f9ac0c64) Importer(815301076,1909f56bfc062723c751e8b465ee728b) [PhysX] Initialized MultithreadedTaskDispatcher with 16 workers.
[PhysX] Initialized MultithreadedTaskDispatcher with 16 workers.
 -> (artifact id: '3351c69b8b2e480fb24e92d036c90bbc') in 0.006822 seconds
Number of updated asset objects reloaded before import = 0
Number of asset objects unloaded after import = 10
========================================================================
Received Import Request.
  Time since last request: 54.572968 seconds.
  path: Assets/SpecialAnchorLabs/NonSaveablePlacement.prefab
  artifactKey: Guid(b028903cab30b4c4ea0a8d71f9ac0c64) Importer(815301076,1909f56bfc062723c751e8b465ee728b)
Start importing Assets/SpecialAnchorLabs/NonSaveablePlacement.prefab using Guid(b028903cab30b4c4ea0a8d71f9ac0c64) Importer(815301076,1909f56bfc062723c751e8b465ee728b) [PhysX] Initialized MultithreadedTaskDispatcher with 16 workers.
[PhysX] Initialized MultithreadedTaskDispatcher with 16 workers.
 -> (artifact id: '3ccdda33475d018a64b5e451291808a2') in 0.007517 seconds
Number of updated asset objects reloaded before import = 0
Number of asset objects unloaded after import = 10
========================================================================
Received Import Request.
  Time since last request: 29.382362 seconds.
  path: Assets/SpecialAnchorLabs/SaveablePlacement.prefab
  artifactKey: Guid(cdb63a6f10f22214fb11cd9cc2ad0c5d) Importer(815301076,1909f56bfc062723c751e8b465ee728b)
Start importing Assets/SpecialAnchorLabs/SaveablePlacement.prefab using Guid(cdb63a6f10f22214fb11cd9cc2ad0c5d) Importer(815301076,1909f56bfc062723c751e8b465ee728b) [PhysX] Initialized MultithreadedTaskDispatcher with 16 workers.
[PhysX] Initialized MultithreadedTaskDispatcher with 16 workers.
 -> (artifact id: 'daa49740f9fa251440b1df7d44dcf325') in 0.024107 seconds
Number of updated asset objects reloaded before import = 0
Number of asset objects unloaded after import = 12
========================================================================
Received Import Request.
  Time since last request: 1.374935 seconds.
  path: Assets/SpecialAnchorLabs/SaveablePlacement.prefab
  artifactKey: Guid(cdb63a6f10f22214fb11cd9cc2ad0c5d) Importer(815301076,1909f56bfc062723c751e8b465ee728b)
Start importing Assets/SpecialAnchorLabs/SaveablePlacement.prefab using Guid(cdb63a6f10f22214fb11cd9cc2ad0c5d) Importer(815301076,1909f56bfc062723c751e8b465ee728b) [PhysX] Initialized MultithreadedTaskDispatcher with 16 workers.
[PhysX] Initialized MultithreadedTaskDispatcher with 16 workers.
 -> (artifact id: '6db1c64c38dcc89e5b343cdf7d2f174b') in 0.020804 seconds
Number of updated asset objects reloaded before import = 0
Number of asset objects unloaded after import = 12
========================================================================
Received Import Request.
  Time since last request: 6.408332 seconds.
  path: Assets/SpecialAnchorLabs/SaveablePlacement.prefab
  artifactKey: Guid(cdb63a6f10f22214fb11cd9cc2ad0c5d) Importer(815301076,1909f56bfc062723c751e8b465ee728b)
Start importing Assets/SpecialAnchorLabs/SaveablePlacement.prefab using Guid(cdb63a6f10f22214fb11cd9cc2ad0c5d) Importer(815301076,1909f56bfc062723c751e8b465ee728b) [PhysX] Initialized MultithreadedTaskDispatcher with 16 workers.
[PhysX] Initialized MultithreadedTaskDispatcher with 16 workers.
 -> (artifact id: '637467f86b785401c25d3e3af3ffa9d5') in 0.005695 seconds
Number of updated asset objects reloaded before import = 0
Number of asset objects unloaded after import = 12
========================================================================
Received Import Request.
  Time since last request: 23.718735 seconds.
  path: Assets/SpecialAnchorLabs/SaveablePlacement 1.prefab
  artifactKey: Guid(d5f1ee05cf8574e48902d3a04a7cd674) Importer(815301076,1909f56bfc062723c751e8b465ee728b)
Start importing Assets/SpecialAnchorLabs/SaveablePlacement 1.prefab using Guid(d5f1ee05cf8574e48902d3a04a7cd674) Importer(815301076,1909f56bfc062723c751e8b465ee728b) [PhysX] Initialized MultithreadedTaskDispatcher with 16 workers.
[PhysX] Initialized MultithreadedTaskDispatcher with 16 workers.
 -> (artifact id: 'c455b33057fb48c6566bf7d5fd2fe74e') in 0.006962 seconds
Number of updated asset objects reloaded before import = 0
Number of asset objects unloaded after import = 12
========================================================================
Received Import Request.
  Time since last request: 5.070025 seconds.
  path: Assets/SpecialAnchorLabs/NonSaveablePlacement 1.prefab
  artifactKey: Guid(d5f1ee05cf8574e48902d3a04a7cd674) Importer(815301076,1909f56bfc062723c751e8b465ee728b)
Start importing Assets/SpecialAnchorLabs/NonSaveablePlacement 1.prefab using Guid(d5f1ee05cf8574e48902d3a04a7cd674) Importer(815301076,1909f56bfc062723c751e8b465ee728b) [PhysX] Initialized MultithreadedTaskDispatcher with 16 workers.
[PhysX] Initialized MultithreadedTaskDispatcher with 16 workers.
 -> (artifact id: 'b8ac08999584e24a72261e24ed89e966') in 0.014143 seconds
Number of updated asset objects reloaded before import = 0
Number of asset objects unloaded after import = 12
========================================================================
Received Import Request.
  Time since last request: 42.525102 seconds.
  path: Assets/SpecialAnchorLabs/NonSaveablePlacement 1.prefab
  artifactKey: Guid(d5f1ee05cf8574e48902d3a04a7cd674) Importer(815301076,1909f56bfc062723c751e8b465ee728b)
Start importing Assets/SpecialAnchorLabs/NonSaveablePlacement 1.prefab using Guid(d5f1ee05cf8574e48902d3a04a7cd674) Importer(815301076,1909f56bfc062723c751e8b465ee728b) [PhysX] Initialized MultithreadedTaskDispatcher with 16 workers.
[PhysX] Initialized MultithreadedTaskDispatcher with 16 workers.
 -> (artifact id: 'f3f388f52215f8b8a760c3ba05b6ac77') in 0.029772 seconds
Number of updated asset objects reloaded before import = 0
Number of asset objects unloaded after import = 12
========================================================================
Received Prepare
Begin MonoManager ReloadAssembly
Symbol file LoadedFromMemory is not a mono symbol file
- Loaded All Assemblies, in  0.504 seconds
Refreshing native plugins compatible for Editor in 16.02 ms, found 10 plugins.
Native extension for UWP target not found
Native extension for WindowsStandalone target not found
Native extension for Android target not found
Native extension for WebGL target not found
[Package Manager] Server::EnsureServerProcessIsRunning -- launch failed, reason: Unity was launched with the -noUpm command-line argument
[Package Manager] UpmClient::Send -- Unable to send message (not connected to UPM process).
[Package Manager] Cannot connect to Unity Package Manager local server
[Package Manager] Server::EnsureServerProcessIsRunning -- launch failed, reason: Unity was launched with the -noUpm command-line argument
[Package Manager] UpmClient::Send -- Unable to send message (not connected to UPM process).
[Package Manager] Cannot connect to Unity Package Manager local server
[Synthetic Environments] got match start synth_env_server.exe Bedroom
UnityEngine.StackTraceUtility:ExtractStackTrace ()
UnityEngine.DebugLogHandler:LogFormat (UnityEngine.LogType,UnityEngine.Object,string,object[])
UnityEngine.Logger:Log (UnityEngine.LogType,object)
UnityEngine.Debug:Log (object)
Meta.XR.Simulator.Utils:ReportInfo (string,string) (at ./Library/PackageCache/com.meta.xr.simulator@74.0.0/Editor/Utils.cs:165)
Meta.XR.Simulator.Editor.SyntheticEnvironments.Installer:ParseSynthEnvScript (string) (at ./Library/PackageCache/com.meta.xr.simulator@74.0.0/Editor/SyntheticEnvironments/Installer.cs:98)
Meta.XR.Simulator.Editor.SyntheticEnvironments.Installer:BuildSyntheticEnvironments () (at ./Library/PackageCache/com.meta.xr.simulator@74.0.0/Editor/SyntheticEnvironments/Installer.cs:76)
Meta.XR.Simulator.Editor.SyntheticEnvironments.Registry:RegisterSyntheticEnvironments () (at ./Library/PackageCache/com.meta.xr.simulator@74.0.0/Editor/SyntheticEnvironments/Registry.cs:97)
Meta.XR.Simulator.Editor.SyntheticEnvironments.Registry:.cctor () (at ./Library/PackageCache/com.meta.xr.simulator@74.0.0/Editor/SyntheticEnvironments/Registry.cs:87)
System.Runtime.CompilerServices.RuntimeHelpers:RunClassConstructor (System.RuntimeTypeHandle)
UnityEditor.EditorAssemblies:ProcessInitializeOnLoadAttributes (System.Type[])

(Filename: ./Library/PackageCache/com.meta.xr.simulator@74.0.0/Editor/Utils.cs Line: 165)

[Synthetic Environments] got match start synth_env_server.exe GameRoom
UnityEngine.StackTraceUtility:ExtractStackTrace ()
UnityEngine.DebugLogHandler:LogFormat (UnityEngine.LogType,UnityEngine.Object,string,object[])
UnityEngine.Logger:Log (UnityEngine.LogType,object)
UnityEngine.Debug:Log (object)
Meta.XR.Simulator.Utils:ReportInfo (string,string) (at ./Library/PackageCache/com.meta.xr.simulator@74.0.0/Editor/Utils.cs:165)
Meta.XR.Simulator.Editor.SyntheticEnvironments.Installer:ParseSynthEnvScript (string) (at ./Library/PackageCache/com.meta.xr.simulator@74.0.0/Editor/SyntheticEnvironments/Installer.cs:98)
Meta.XR.Simulator.Editor.SyntheticEnvironments.Installer:BuildSyntheticEnvironments () (at ./Library/PackageCache/com.meta.xr.simulator@74.0.0/Editor/SyntheticEnvironments/Installer.cs:76)
Meta.XR.Simulator.Editor.SyntheticEnvironments.Registry:RegisterSyntheticEnvironments () (at ./Library/PackageCache/com.meta.xr.simulator@74.0.0/Editor/SyntheticEnvironments/Registry.cs:97)
Meta.XR.Simulator.Editor.SyntheticEnvironments.Registry:.cctor () (at ./Library/PackageCache/com.meta.xr.simulator@74.0.0/Editor/SyntheticEnvironments/Registry.cs:87)
System.Runtime.CompilerServices.RuntimeHelpers:RunClassConstructor (System.RuntimeTypeHandle)
UnityEditor.EditorAssemblies:ProcessInitializeOnLoadAttributes (System.Type[])

(Filename: ./Library/PackageCache/com.meta.xr.simulator@74.0.0/Editor/Utils.cs Line: 165)

[Synthetic Environments] got match start synth_env_server.exe LivingRoom
UnityEngine.StackTraceUtility:ExtractStackTrace ()
UnityEngine.DebugLogHandler:LogFormat (UnityEngine.LogType,UnityEngine.Object,string,object[])
UnityEngine.Logger:Log (UnityEngine.LogType,object)
UnityEngine.Debug:Log (object)
Meta.XR.Simulator.Utils:ReportInfo (string,string) (at ./Library/PackageCache/com.meta.xr.simulator@74.0.0/Editor/Utils.cs:165)
Meta.XR.Simulator.Editor.SyntheticEnvironments.Installer:ParseSynthEnvScript (string) (at ./Library/PackageCache/com.meta.xr.simulator@74.0.0/Editor/SyntheticEnvironments/Installer.cs:98)
Meta.XR.Simulator.Editor.SyntheticEnvironments.Installer:BuildSyntheticEnvironments () (at ./Library/PackageCache/com.meta.xr.simulator@74.0.0/Editor/SyntheticEnvironments/Installer.cs:76)
Meta.XR.Simulator.Editor.SyntheticEnvironments.Registry:RegisterSyntheticEnvironments () (at ./Library/PackageCache/com.meta.xr.simulator@74.0.0/Editor/SyntheticEnvironments/Registry.cs:97)
Meta.XR.Simulator.Editor.SyntheticEnvironments.Registry:.cctor () (at ./Library/PackageCache/com.meta.xr.simulator@74.0.0/Editor/SyntheticEnvironments/Registry.cs:87)
System.Runtime.CompilerServices.RuntimeHelpers:RunClassConstructor (System.RuntimeTypeHandle)
UnityEditor.EditorAssemblies:ProcessInitializeOnLoadAttributes (System.Type[])

(Filename: ./Library/PackageCache/com.meta.xr.simulator@74.0.0/Editor/Utils.cs Line: 165)

[Synthetic Environments] got match start synth_env_server_extra_rooms.exe XRoom2_3
UnityEngine.StackTraceUtility:ExtractStackTrace ()
UnityEngine.DebugLogHandler:LogFormat (UnityEngine.LogType,UnityEngine.Object,string,object[])
UnityEngine.Logger:Log (UnityEngine.LogType,object)
UnityEngine.Debug:Log (object)
Meta.XR.Simulator.Utils:ReportInfo (string,string) (at ./Library/PackageCache/com.meta.xr.simulator@74.0.0/Editor/Utils.cs:165)
Meta.XR.Simulator.Editor.SyntheticEnvironments.Installer:ParseSynthEnvScript (string) (at ./Library/PackageCache/com.meta.xr.simulator@74.0.0/Editor/SyntheticEnvironments/Installer.cs:98)
Meta.XR.Simulator.Editor.SyntheticEnvironments.Installer:BuildSyntheticEnvironments () (at ./Library/PackageCache/com.meta.xr.simulator@74.0.0/Editor/SyntheticEnvironments/Installer.cs:76)
Meta.XR.Simulator.Editor.SyntheticEnvironments.Registry:RegisterSyntheticEnvironments () (at ./Library/PackageCache/com.meta.xr.simulator@74.0.0/Editor/SyntheticEnvironments/Registry.cs:97)
Meta.XR.Simulator.Editor.SyntheticEnvironments.Registry:.cctor () (at ./Library/PackageCache/com.meta.xr.simulator@74.0.0/Editor/SyntheticEnvironments/Registry.cs:87)
System.Runtime.CompilerServices.RuntimeHelpers:RunClassConstructor (System.RuntimeTypeHandle)
UnityEditor.EditorAssemblies:ProcessInitializeOnLoadAttributes (System.Type[])

(Filename: ./Library/PackageCache/com.meta.xr.simulator@74.0.0/Editor/Utils.cs Line: 165)

[Synthetic Environments] got match start synth_env_server_extra_rooms.exe XRoom2_4
UnityEngine.StackTraceUtility:ExtractStackTrace ()
UnityEngine.DebugLogHandler:LogFormat (UnityEngine.LogType,UnityEngine.Object,string,object[])
UnityEngine.Logger:Log (UnityEngine.LogType,object)
UnityEngine.Debug:Log (object)
Meta.XR.Simulator.Utils:ReportInfo (string,string) (at ./Library/PackageCache/com.meta.xr.simulator@74.0.0/Editor/Utils.cs:165)
Meta.XR.Simulator.Editor.SyntheticEnvironments.Installer:ParseSynthEnvScript (string) (at ./Library/PackageCache/com.meta.xr.simulator@74.0.0/Editor/SyntheticEnvironments/Installer.cs:98)
Meta.XR.Simulator.Editor.SyntheticEnvironments.Installer:BuildSyntheticEnvironments () (at ./Library/PackageCache/com.meta.xr.simulator@74.0.0/Editor/SyntheticEnvironments/Installer.cs:76)
Meta.XR.Simulator.Editor.SyntheticEnvironments.Registry:RegisterSyntheticEnvironments () (at ./Library/PackageCache/com.meta.xr.simulator@74.0.0/Editor/SyntheticEnvironments/Registry.cs:97)
Meta.XR.Simulator.Editor.SyntheticEnvironments.Registry:.cctor () (at ./Library/PackageCache/com.meta.xr.simulator@74.0.0/Editor/SyntheticEnvironments/Registry.cs:87)
System.Runtime.CompilerServices.RuntimeHelpers:RunClassConstructor (System.RuntimeTypeHandle)
UnityEditor.EditorAssemblies:ProcessInitializeOnLoadAttributes (System.Type[])

(Filename: ./Library/PackageCache/com.meta.xr.simulator@74.0.0/Editor/Utils.cs Line: 165)

[Synthetic Environments] got match start synth_env_server_extra_rooms.exe XRoom5_6
UnityEngine.StackTraceUtility:ExtractStackTrace ()
UnityEngine.DebugLogHandler:LogFormat (UnityEngine.LogType,UnityEngine.Object,string,object[])
UnityEngine.Logger:Log (UnityEngine.LogType,object)
UnityEngine.Debug:Log (object)
Meta.XR.Simulator.Utils:ReportInfo (string,string) (at ./Library/PackageCache/com.meta.xr.simulator@74.0.0/Editor/Utils.cs:165)
Meta.XR.Simulator.Editor.SyntheticEnvironments.Installer:ParseSynthEnvScript (string) (at ./Library/PackageCache/com.meta.xr.simulator@74.0.0/Editor/SyntheticEnvironments/Installer.cs:98)
Meta.XR.Simulator.Editor.SyntheticEnvironments.Installer:BuildSyntheticEnvironments () (at ./Library/PackageCache/com.meta.xr.simulator@74.0.0/Editor/SyntheticEnvironments/Installer.cs:76)
Meta.XR.Simulator.Editor.SyntheticEnvironments.Registry:RegisterSyntheticEnvironments () (at ./Library/PackageCache/com.meta.xr.simulator@74.0.0/Editor/SyntheticEnvironments/Registry.cs:97)
Meta.XR.Simulator.Editor.SyntheticEnvironments.Registry:.cctor () (at ./Library/PackageCache/com.meta.xr.simulator@74.0.0/Editor/SyntheticEnvironments/Registry.cs:87)
System.Runtime.CompilerServices.RuntimeHelpers:RunClassConstructor (System.RuntimeTypeHandle)
UnityEditor.EditorAssemblies:ProcessInitializeOnLoadAttributes (System.Type[])

(Filename: ./Library/PackageCache/com.meta.xr.simulator@74.0.0/Editor/Utils.cs Line: 165)

[Synthetic Environments] got match start synth_env_server_extra_rooms.exe XRoom5_1
UnityEngine.StackTraceUtility:ExtractStackTrace ()
UnityEngine.DebugLogHandler:LogFormat (UnityEngine.LogType,UnityEngine.Object,string,object[])
UnityEngine.Logger:Log (UnityEngine.LogType,object)
UnityEngine.Debug:Log (object)
Meta.XR.Simulator.Utils:ReportInfo (string,string) (at ./Library/PackageCache/com.meta.xr.simulator@74.0.0/Editor/Utils.cs:165)
Meta.XR.Simulator.Editor.SyntheticEnvironments.Installer:ParseSynthEnvScript (string) (at ./Library/PackageCache/com.meta.xr.simulator@74.0.0/Editor/SyntheticEnvironments/Installer.cs:98)
Meta.XR.Simulator.Editor.SyntheticEnvironments.Installer:BuildSyntheticEnvironments () (at ./Library/PackageCache/com.meta.xr.simulator@74.0.0/Editor/SyntheticEnvironments/Installer.cs:76)
Meta.XR.Simulator.Editor.SyntheticEnvironments.Registry:RegisterSyntheticEnvironments () (at ./Library/PackageCache/com.meta.xr.simulator@74.0.0/Editor/SyntheticEnvironments/Registry.cs:97)
Meta.XR.Simulator.Editor.SyntheticEnvironments.Registry:.cctor () (at ./Library/PackageCache/com.meta.xr.simulator@74.0.0/Editor/SyntheticEnvironments/Registry.cs:87)
System.Runtime.CompilerServices.RuntimeHelpers:RunClassConstructor (System.RuntimeTypeHandle)
UnityEditor.EditorAssemblies:ProcessInitializeOnLoadAttributes (System.Type[])

(Filename: ./Library/PackageCache/com.meta.xr.simulator@74.0.0/Editor/Utils.cs Line: 165)

[Synthetic Environments] got match start synth_env_server_extra_rooms.exe XRoom3_1
UnityEngine.StackTraceUtility:ExtractStackTrace ()
UnityEngine.DebugLogHandler:LogFormat (UnityEngine.LogType,UnityEngine.Object,string,object[])
UnityEngine.Logger:Log (UnityEngine.LogType,object)
UnityEngine.Debug:Log (object)
Meta.XR.Simulator.Utils:ReportInfo (string,string) (at ./Library/PackageCache/com.meta.xr.simulator@74.0.0/Editor/Utils.cs:165)
Meta.XR.Simulator.Editor.SyntheticEnvironments.Installer:ParseSynthEnvScript (string) (at ./Library/PackageCache/com.meta.xr.simulator@74.0.0/Editor/SyntheticEnvironments/Installer.cs:98)
Meta.XR.Simulator.Editor.SyntheticEnvironments.Installer:BuildSyntheticEnvironments () (at ./Library/PackageCache/com.meta.xr.simulator@74.0.0/Editor/SyntheticEnvironments/Installer.cs:76)
Meta.XR.Simulator.Editor.SyntheticEnvironments.Registry:RegisterSyntheticEnvironments () (at ./Library/PackageCache/com.meta.xr.simulator@74.0.0/Editor/SyntheticEnvironments/Registry.cs:97)
Meta.XR.Simulator.Editor.SyntheticEnvironments.Registry:.cctor () (at ./Library/PackageCache/com.meta.xr.simulator@74.0.0/Editor/SyntheticEnvironments/Registry.cs:87)
System.Runtime.CompilerServices.RuntimeHelpers:RunClassConstructor (System.RuntimeTypeHandle)
UnityEditor.EditorAssemblies:ProcessInitializeOnLoadAttributes (System.Type[])

(Filename: ./Library/PackageCache/com.meta.xr.simulator@74.0.0/Editor/Utils.cs Line: 165)

[Synthetic Environments] got match start synth_env_server_extra_rooms.exe XRoom1_2
UnityEngine.StackTraceUtility:ExtractStackTrace ()
UnityEngine.DebugLogHandler:LogFormat (UnityEngine.LogType,UnityEngine.Object,string,object[])
UnityEngine.Logger:Log (UnityEngine.LogType,object)
UnityEngine.Debug:Log (object)
Meta.XR.Simulator.Utils:ReportInfo (string,string) (at ./Library/PackageCache/com.meta.xr.simulator@74.0.0/Editor/Utils.cs:165)
Meta.XR.Simulator.Editor.SyntheticEnvironments.Installer:ParseSynthEnvScript (string) (at ./Library/PackageCache/com.meta.xr.simulator@74.0.0/Editor/SyntheticEnvironments/Installer.cs:98)
Meta.XR.Simulator.Editor.SyntheticEnvironments.Installer:BuildSyntheticEnvironments () (at ./Library/PackageCache/com.meta.xr.simulator@74.0.0/Editor/SyntheticEnvironments/Installer.cs:76)
Meta.XR.Simulator.Editor.SyntheticEnvironments.Registry:RegisterSyntheticEnvironments () (at ./Library/PackageCache/com.meta.xr.simulator@74.0.0/Editor/SyntheticEnvironments/Registry.cs:97)
Meta.XR.Simulator.Editor.SyntheticEnvironments.Registry:.cctor () (at ./Library/PackageCache/com.meta.xr.simulator@74.0.0/Editor/SyntheticEnvironments/Registry.cs:87)
System.Runtime.CompilerServices.RuntimeHelpers:RunClassConstructor (System.RuntimeTypeHandle)
UnityEditor.EditorAssemblies:ProcessInitializeOnLoadAttributes (System.Type[])

(Filename: ./Library/PackageCache/com.meta.xr.simulator@74.0.0/Editor/Utils.cs Line: 165)

[Synthetic Environments] got match start synth_env_server_extra_rooms.exe XRoom1_1
UnityEngine.StackTraceUtility:ExtractStackTrace ()
UnityEngine.DebugLogHandler:LogFormat (UnityEngine.LogType,UnityEngine.Object,string,object[])
UnityEngine.Logger:Log (UnityEngine.LogType,object)
UnityEngine.Debug:Log (object)
Meta.XR.Simulator.Utils:ReportInfo (string,string) (at ./Library/PackageCache/com.meta.xr.simulator@74.0.0/Editor/Utils.cs:165)
Meta.XR.Simulator.Editor.SyntheticEnvironments.Installer:ParseSynthEnvScript (string) (at ./Library/PackageCache/com.meta.xr.simulator@74.0.0/Editor/SyntheticEnvironments/Installer.cs:98)
Meta.XR.Simulator.Editor.SyntheticEnvironments.Installer:BuildSyntheticEnvironments () (at ./Library/PackageCache/com.meta.xr.simulator@74.0.0/Editor/SyntheticEnvironments/Installer.cs:76)
Meta.XR.Simulator.Editor.SyntheticEnvironments.Registry:RegisterSyntheticEnvironments () (at ./Library/PackageCache/com.meta.xr.simulator@74.0.0/Editor/SyntheticEnvironments/Registry.cs:97)
Meta.XR.Simulator.Editor.SyntheticEnvironments.Registry:.cctor () (at ./Library/PackageCache/com.meta.xr.simulator@74.0.0/Editor/SyntheticEnvironments/Registry.cs:87)
System.Runtime.CompilerServices.RuntimeHelpers:RunClassConstructor (System.RuntimeTypeHandle)
UnityEditor.EditorAssemblies:ProcessInitializeOnLoadAttributes (System.Type[])

(Filename: ./Library/PackageCache/com.meta.xr.simulator@74.0.0/Editor/Utils.cs Line: 165)

[Synthetic Environments] got match start synth_env_server_extra_rooms.exe XRoom1_4
UnityEngine.StackTraceUtility:ExtractStackTrace ()
UnityEngine.DebugLogHandler:LogFormat (UnityEngine.LogType,UnityEngine.Object,string,object[])
UnityEngine.Logger:Log (UnityEngine.LogType,object)
UnityEngine.Debug:Log (object)
Meta.XR.Simulator.Utils:ReportInfo (string,string) (at ./Library/PackageCache/com.meta.xr.simulator@74.0.0/Editor/Utils.cs:165)
Meta.XR.Simulator.Editor.SyntheticEnvironments.Installer:ParseSynthEnvScript (string) (at ./Library/PackageCache/com.meta.xr.simulator@74.0.0/Editor/SyntheticEnvironments/Installer.cs:98)
Meta.XR.Simulator.Editor.SyntheticEnvironments.Installer:BuildSyntheticEnvironments () (at ./Library/PackageCache/com.meta.xr.simulator@74.0.0/Editor/SyntheticEnvironments/Installer.cs:76)
Meta.XR.Simulator.Editor.SyntheticEnvironments.Registry:RegisterSyntheticEnvironments () (at ./Library/PackageCache/com.meta.xr.simulator@74.0.0/Editor/SyntheticEnvironments/Registry.cs:97)
Meta.XR.Simulator.Editor.SyntheticEnvironments.Registry:.cctor () (at ./Library/PackageCache/com.meta.xr.simulator@74.0.0/Editor/SyntheticEnvironments/Registry.cs:87)
System.Runtime.CompilerServices.RuntimeHelpers:RunClassConstructor (System.RuntimeTypeHandle)
UnityEditor.EditorAssemblies:ProcessInitializeOnLoadAttributes (System.Type[])

(Filename: ./Library/PackageCache/com.meta.xr.simulator@74.0.0/Editor/Utils.cs Line: 165)

[Package Manager] Server::EnsureServerProcessIsRunning -- launch failed, reason: Unity was launched with the -noUpm command-line argument
[Package Manager] UpmClient::Send -- Unable to send message (not connected to UPM process).
[Package Manager] Cannot connect to Unity Package Manager local server
System.Reflection.TargetInvocationException: Exception has been thrown by the target of an invocation. ---> System.NullReferenceException: Object reference not set to an instance of an object
  at Unity.XR.Oculus.OculusLoader.AssetPathToAbsolutePath (System.String assetPath) [0x0003d] in .\Library\PackageCache\com.unity.xr.oculus@4.2.0\Runtime\OculusLoader.cs:298 
  at Unity.XR.Oculus.OculusLoader.EditorLoadOVRPlugin () [0x0008c] in .\Library\PackageCache\com.unity.xr.oculus@4.2.0\Runtime\OculusLoader.cs:283 
  at (wrapper managed-to-native) System.Reflection.RuntimeMethodInfo.InternalInvoke(System.Reflection.RuntimeMethodInfo,object,object[],System.Exception&)
  at System.Reflection.RuntimeMethodInfo.Invoke (System.Object obj, System.Reflection.BindingFlags invokeAttr, System.Reflection.Binder binder, System.Object[] parameters, System.Globalization.CultureInfo culture) [0x0006a] in <51fded79cd284d4d911c5949aff4cb21>:0 
   --- End of inner exception stack trace ---
  at System.Reflection.RuntimeMethodInfo.Invoke (System.Object obj, System.Reflection.BindingFlags invokeAttr, System.Reflection.Binder binder, System.Object[] parameters, System.Globalization.CultureInfo culture) [0x00083] in <51fded79cd284d4d911c5949aff4cb21>:0 
  at System.Reflection.MethodBase.Invoke (System.Object obj, System.Object[] parameters) [0x00000] in <51fded79cd284d4d911c5949aff4cb21>:0 
  at UnityEditor.EditorAssemblies.ProcessInitializeOnLoadMethodAttributes () [0x000a5] in <2201ab87e660427c974282df3bb3cf36>:0 
UnityEngine.StackTraceUtility:ExtractStackTrace ()
UnityEngine.DebugLogHandler:LogFormat (UnityEngine.LogType,UnityEngine.Object,string,object[])
UnityEngine.Logger:Log (UnityEngine.LogType,object)
UnityEngine.Debug:LogError (object)
UnityEditor.EditorAssemblies:ProcessInitializeOnLoadMethodAttributes ()

Mono: successfully reloaded assembly
[Package Manager] Server::EnsureServerProcessIsRunning -- launch failed, reason: Unity was launched with the -noUpm command-line argument
[Package Manager] UpmClient::Send -- Unable to send message (not connected to UPM process).
[Package Manager] Cannot connect to Unity Package Manager local server
- Finished resetting the current domain, in  7.502 seconds
Domain Reload Profiling: 7999ms
	BeginReloadAssembly (168ms)
		ExecutionOrderSort (0ms)
		DisableScriptedObjects (4ms)
		BackupInstance (0ms)
		ReleaseScriptingObjects (0ms)
		CreateAndSetChildDomain (36ms)
	RebuildCommonClasses (30ms)
	RebuildNativeTypeToScriptingClass (11ms)
	initialDomainReloadingComplete (30ms)
	LoadAllAssembliesAndSetupDomain (257ms)
		LoadAssemblies (318ms)
		RebuildTransferFunctionScriptingTraits (0ms)
		AnalyzeDomain (33ms)
			TypeCache.Refresh (9ms)
				TypeCache.ScanAssembly (0ms)
			ScanForSourceGeneratedMonoScriptInfo (9ms)
			ResolveRequiredComponents (15ms)
	FinalizeReload (7503ms)
		ReleaseScriptCaches (0ms)
		RebuildScriptCaches (0ms)
		SetupLoadedEditorAssemblies (590ms)
			LogAssemblyErrors (0ms)
			InitializePlatformSupportModulesInManaged (31ms)
			SetLoadedEditorAssemblies (6ms)
			RefreshPlugins (0ms)
			BeforeProcessingInitializeOnLoad (91ms)
			ProcessInitializeOnLoadAttributes (409ms)
			ProcessInitializeOnLoadMethodAttributes (40ms)
			AfterProcessingInitializeOnLoad (12ms)
			EditorAssembliesLoaded (0ms)
		ExecutionOrderSort2 (0ms)
		AwakeInstancesAfterBackupRestoration (9ms)
Script is not up to date after domain reload: guid(0af10108143105d40b52f35dae649775) path("Assets/SpecialAnchorLabs/AnchorTutorialUIManager.cs") state(2)
Shader 'Oculus/OVRMRCameraFrameLit': fallback shader 'Alpha-Diffuse' not found
Shader 'Meta/MRUK/Scene/HighlightsAndShadows': fallback shader 'Off' not found
Refreshing native plugins compatible for Editor in 18.13 ms, found 10 plugins.
Preloading 3 native plugins for Editor in 0.23 ms.
Unloading 3056 Unused Serialized files (Serialized files now loaded: 0)
Unloading 51 unused Assets / (469.9 KB). Loaded Objects now: 3645.
Memory consumption went from 142.2 MB to 141.7 MB.
Total: 5.781300 ms (FindLiveObjects: 0.333800 ms CreateObjectMapping: 0.268500 ms MarkObjects: 4.779000 ms  DeleteObjects: 0.399100 ms)

Prepare: number of updated asset objects reloaded= 0
AssetImportParameters requested are different than current active one (requested -> active):
  custom:video-decoder-webm-vp8: 9c59270c3fd7afecdb556c50c9e8de78 -> 
  custom:SearchIndexIgnoredProperties: e643bd26f0fe6173181afceb89e7c659 -> 
  custom:container-demuxer-ogg: 62fdf1f143b41e24485cea50d1cbac27 -> 
  custom:AudioImporter_EditorPlatform: d09bf68614088b80899f8185d706f6e7 -> 
  custom:video-codec-MediaFoundation-h265: 746d11721c4dcdbdad8f713fa42b33f4 -> 
  custom:video-decoder-ogg-theora: a1e56fd34408186e4bbccfd4996cb3dc -> 
  custom:framework-win-MediaFoundation: 216162199b28c13a410421893ffa2e32 -> 
  custom:video-encoder-webm-vp8: eb34c28f22e8b96e1ab97ce403110664 -> 
  custom:audio-decoder-ogg-vorbis: bf7c407c2cedff20999df2af8eb42d56 -> 
  custom:CustomObjectIndexerAttribute: 9a22284fe3817be447336de3de66b15e -> 
  custom:container-demuxer-webm: 4f35f7cbe854078d1ac9338744f61a02 -> 
  custom:audio-encoder-webm-vorbis: bf7c407c2cedff20999df2af8eb42d56 -> 
  custom:container-muxer-webm: aa71ff27fc2769a1b78a27578f13a17b -> 
========================================================================
Received Prepare
Begin MonoManager ReloadAssembly
Symbol file LoadedFromMemory is not a mono symbol file
- Loaded All Assemblies, in  0.488 seconds
Refreshing native plugins compatible for Editor in 16.54 ms, found 10 plugins.
Native extension for UWP target not found
Native extension for WindowsStandalone target not found
Native extension for Android target not found
Native extension for WebGL target not found
[Package Manager] Server::EnsureServerProcessIsRunning -- launch failed, reason: Unity was launched with the -noUpm command-line argument
[Package Manager] UpmClient::Send -- Unable to send message (not connected to UPM process).
[Package Manager] Cannot connect to Unity Package Manager local server
[Package Manager] Server::EnsureServerProcessIsRunning -- launch failed, reason: Unity was launched with the -noUpm command-line argument
[Package Manager] UpmClient::Send -- Unable to send message (not connected to UPM process).
[Package Manager] Cannot connect to Unity Package Manager local server
[Synthetic Environments] got match start synth_env_server.exe Bedroom
UnityEngine.StackTraceUtility:ExtractStackTrace ()
UnityEngine.DebugLogHandler:LogFormat (UnityEngine.LogType,UnityEngine.Object,string,object[])
UnityEngine.Logger:Log (UnityEngine.LogType,object)
UnityEngine.Debug:Log (object)
Meta.XR.Simulator.Utils:ReportInfo (string,string) (at ./Library/PackageCache/com.meta.xr.simulator@74.0.0/Editor/Utils.cs:165)
Meta.XR.Simulator.Editor.SyntheticEnvironments.Installer:ParseSynthEnvScript (string) (at ./Library/PackageCache/com.meta.xr.simulator@74.0.0/Editor/SyntheticEnvironments/Installer.cs:98)
Meta.XR.Simulator.Editor.SyntheticEnvironments.Installer:BuildSyntheticEnvironments () (at ./Library/PackageCache/com.meta.xr.simulator@74.0.0/Editor/SyntheticEnvironments/Installer.cs:76)
Meta.XR.Simulator.Editor.SyntheticEnvironments.Registry:RegisterSyntheticEnvironments () (at ./Library/PackageCache/com.meta.xr.simulator@74.0.0/Editor/SyntheticEnvironments/Registry.cs:97)
Meta.XR.Simulator.Editor.SyntheticEnvironments.Registry:.cctor () (at ./Library/PackageCache/com.meta.xr.simulator@74.0.0/Editor/SyntheticEnvironments/Registry.cs:87)
System.Runtime.CompilerServices.RuntimeHelpers:RunClassConstructor (System.RuntimeTypeHandle)
UnityEditor.EditorAssemblies:ProcessInitializeOnLoadAttributes (System.Type[])

(Filename: ./Library/PackageCache/com.meta.xr.simulator@74.0.0/Editor/Utils.cs Line: 165)

[Synthetic Environments] got match start synth_env_server.exe GameRoom
UnityEngine.StackTraceUtility:ExtractStackTrace ()
UnityEngine.DebugLogHandler:LogFormat (UnityEngine.LogType,UnityEngine.Object,string,object[])
UnityEngine.Logger:Log (UnityEngine.LogType,object)
UnityEngine.Debug:Log (object)
Meta.XR.Simulator.Utils:ReportInfo (string,string) (at ./Library/PackageCache/com.meta.xr.simulator@74.0.0/Editor/Utils.cs:165)
Meta.XR.Simulator.Editor.SyntheticEnvironments.Installer:ParseSynthEnvScript (string) (at ./Library/PackageCache/com.meta.xr.simulator@74.0.0/Editor/SyntheticEnvironments/Installer.cs:98)
Meta.XR.Simulator.Editor.SyntheticEnvironments.Installer:BuildSyntheticEnvironments () (at ./Library/PackageCache/com.meta.xr.simulator@74.0.0/Editor/SyntheticEnvironments/Installer.cs:76)
Meta.XR.Simulator.Editor.SyntheticEnvironments.Registry:RegisterSyntheticEnvironments () (at ./Library/PackageCache/com.meta.xr.simulator@74.0.0/Editor/SyntheticEnvironments/Registry.cs:97)
Meta.XR.Simulator.Editor.SyntheticEnvironments.Registry:.cctor () (at ./Library/PackageCache/com.meta.xr.simulator@74.0.0/Editor/SyntheticEnvironments/Registry.cs:87)
System.Runtime.CompilerServices.RuntimeHelpers:RunClassConstructor (System.RuntimeTypeHandle)
UnityEditor.EditorAssemblies:ProcessInitializeOnLoadAttributes (System.Type[])

(Filename: ./Library/PackageCache/com.meta.xr.simulator@74.0.0/Editor/Utils.cs Line: 165)

[Synthetic Environments] got match start synth_env_server.exe LivingRoom
UnityEngine.StackTraceUtility:ExtractStackTrace ()
UnityEngine.DebugLogHandler:LogFormat (UnityEngine.LogType,UnityEngine.Object,string,object[])
UnityEngine.Logger:Log (UnityEngine.LogType,object)
UnityEngine.Debug:Log (object)
Meta.XR.Simulator.Utils:ReportInfo (string,string) (at ./Library/PackageCache/com.meta.xr.simulator@74.0.0/Editor/Utils.cs:165)
Meta.XR.Simulator.Editor.SyntheticEnvironments.Installer:ParseSynthEnvScript (string) (at ./Library/PackageCache/com.meta.xr.simulator@74.0.0/Editor/SyntheticEnvironments/Installer.cs:98)
Meta.XR.Simulator.Editor.SyntheticEnvironments.Installer:BuildSyntheticEnvironments () (at ./Library/PackageCache/com.meta.xr.simulator@74.0.0/Editor/SyntheticEnvironments/Installer.cs:76)
Meta.XR.Simulator.Editor.SyntheticEnvironments.Registry:RegisterSyntheticEnvironments () (at ./Library/PackageCache/com.meta.xr.simulator@74.0.0/Editor/SyntheticEnvironments/Registry.cs:97)
Meta.XR.Simulator.Editor.SyntheticEnvironments.Registry:.cctor () (at ./Library/PackageCache/com.meta.xr.simulator@74.0.0/Editor/SyntheticEnvironments/Registry.cs:87)
System.Runtime.CompilerServices.RuntimeHelpers:RunClassConstructor (System.RuntimeTypeHandle)
UnityEditor.EditorAssemblies:ProcessInitializeOnLoadAttributes (System.Type[])

(Filename: ./Library/PackageCache/com.meta.xr.simulator@74.0.0/Editor/Utils.cs Line: 165)

[Synthetic Environments] got match start synth_env_server_extra_rooms.exe XRoom2_3
UnityEngine.StackTraceUtility:ExtractStackTrace ()
UnityEngine.DebugLogHandler:LogFormat (UnityEngine.LogType,UnityEngine.Object,string,object[])
UnityEngine.Logger:Log (UnityEngine.LogType,object)
UnityEngine.Debug:Log (object)
Meta.XR.Simulator.Utils:ReportInfo (string,string) (at ./Library/PackageCache/com.meta.xr.simulator@74.0.0/Editor/Utils.cs:165)
Meta.XR.Simulator.Editor.SyntheticEnvironments.Installer:ParseSynthEnvScript (string) (at ./Library/PackageCache/com.meta.xr.simulator@74.0.0/Editor/SyntheticEnvironments/Installer.cs:98)
Meta.XR.Simulator.Editor.SyntheticEnvironments.Installer:BuildSyntheticEnvironments () (at ./Library/PackageCache/com.meta.xr.simulator@74.0.0/Editor/SyntheticEnvironments/Installer.cs:76)
Meta.XR.Simulator.Editor.SyntheticEnvironments.Registry:RegisterSyntheticEnvironments () (at ./Library/PackageCache/com.meta.xr.simulator@74.0.0/Editor/SyntheticEnvironments/Registry.cs:97)
Meta.XR.Simulator.Editor.SyntheticEnvironments.Registry:.cctor () (at ./Library/PackageCache/com.meta.xr.simulator@74.0.0/Editor/SyntheticEnvironments/Registry.cs:87)
System.Runtime.CompilerServices.RuntimeHelpers:RunClassConstructor (System.RuntimeTypeHandle)
UnityEditor.EditorAssemblies:ProcessInitializeOnLoadAttributes (System.Type[])

(Filename: ./Library/PackageCache/com.meta.xr.simulator@74.0.0/Editor/Utils.cs Line: 165)

[Synthetic Environments] got match start synth_env_server_extra_rooms.exe XRoom2_4
UnityEngine.StackTraceUtility:ExtractStackTrace ()
UnityEngine.DebugLogHandler:LogFormat (UnityEngine.LogType,UnityEngine.Object,string,object[])
UnityEngine.Logger:Log (UnityEngine.LogType,object)
UnityEngine.Debug:Log (object)
Meta.XR.Simulator.Utils:ReportInfo (string,string) (at ./Library/PackageCache/com.meta.xr.simulator@74.0.0/Editor/Utils.cs:165)
Meta.XR.Simulator.Editor.SyntheticEnvironments.Installer:ParseSynthEnvScript (string) (at ./Library/PackageCache/com.meta.xr.simulator@74.0.0/Editor/SyntheticEnvironments/Installer.cs:98)
Meta.XR.Simulator.Editor.SyntheticEnvironments.Installer:BuildSyntheticEnvironments () (at ./Library/PackageCache/com.meta.xr.simulator@74.0.0/Editor/SyntheticEnvironments/Installer.cs:76)
Meta.XR.Simulator.Editor.SyntheticEnvironments.Registry:RegisterSyntheticEnvironments () (at ./Library/PackageCache/com.meta.xr.simulator@74.0.0/Editor/SyntheticEnvironments/Registry.cs:97)
Meta.XR.Simulator.Editor.SyntheticEnvironments.Registry:.cctor () (at ./Library/PackageCache/com.meta.xr.simulator@74.0.0/Editor/SyntheticEnvironments/Registry.cs:87)
System.Runtime.CompilerServices.RuntimeHelpers:RunClassConstructor (System.RuntimeTypeHandle)
UnityEditor.EditorAssemblies:ProcessInitializeOnLoadAttributes (System.Type[])

(Filename: ./Library/PackageCache/com.meta.xr.simulator@74.0.0/Editor/Utils.cs Line: 165)

[Synthetic Environments] got match start synth_env_server_extra_rooms.exe XRoom5_6
UnityEngine.StackTraceUtility:ExtractStackTrace ()
UnityEngine.DebugLogHandler:LogFormat (UnityEngine.LogType,UnityEngine.Object,string,object[])
UnityEngine.Logger:Log (UnityEngine.LogType,object)
UnityEngine.Debug:Log (object)
Meta.XR.Simulator.Utils:ReportInfo (string,string) (at ./Library/PackageCache/com.meta.xr.simulator@74.0.0/Editor/Utils.cs:165)
Meta.XR.Simulator.Editor.SyntheticEnvironments.Installer:ParseSynthEnvScript (string) (at ./Library/PackageCache/com.meta.xr.simulator@74.0.0/Editor/SyntheticEnvironments/Installer.cs:98)
Meta.XR.Simulator.Editor.SyntheticEnvironments.Installer:BuildSyntheticEnvironments () (at ./Library/PackageCache/com.meta.xr.simulator@74.0.0/Editor/SyntheticEnvironments/Installer.cs:76)
Meta.XR.Simulator.Editor.SyntheticEnvironments.Registry:RegisterSyntheticEnvironments () (at ./Library/PackageCache/com.meta.xr.simulator@74.0.0/Editor/SyntheticEnvironments/Registry.cs:97)
Meta.XR.Simulator.Editor.SyntheticEnvironments.Registry:.cctor () (at ./Library/PackageCache/com.meta.xr.simulator@74.0.0/Editor/SyntheticEnvironments/Registry.cs:87)
System.Runtime.CompilerServices.RuntimeHelpers:RunClassConstructor (System.RuntimeTypeHandle)
UnityEditor.EditorAssemblies:ProcessInitializeOnLoadAttributes (System.Type[])

(Filename: ./Library/PackageCache/com.meta.xr.simulator@74.0.0/Editor/Utils.cs Line: 165)

[Synthetic Environments] got match start synth_env_server_extra_rooms.exe XRoom5_1
UnityEngine.StackTraceUtility:ExtractStackTrace ()
UnityEngine.DebugLogHandler:LogFormat (UnityEngine.LogType,UnityEngine.Object,string,object[])
UnityEngine.Logger:Log (UnityEngine.LogType,object)
UnityEngine.Debug:Log (object)
Meta.XR.Simulator.Utils:ReportInfo (string,string) (at ./Library/PackageCache/com.meta.xr.simulator@74.0.0/Editor/Utils.cs:165)
Meta.XR.Simulator.Editor.SyntheticEnvironments.Installer:ParseSynthEnvScript (string) (at ./Library/PackageCache/com.meta.xr.simulator@74.0.0/Editor/SyntheticEnvironments/Installer.cs:98)
Meta.XR.Simulator.Editor.SyntheticEnvironments.Installer:BuildSyntheticEnvironments () (at ./Library/PackageCache/com.meta.xr.simulator@74.0.0/Editor/SyntheticEnvironments/Installer.cs:76)
Meta.XR.Simulator.Editor.SyntheticEnvironments.Registry:RegisterSyntheticEnvironments () (at ./Library/PackageCache/com.meta.xr.simulator@74.0.0/Editor/SyntheticEnvironments/Registry.cs:97)
Meta.XR.Simulator.Editor.SyntheticEnvironments.Registry:.cctor () (at ./Library/PackageCache/com.meta.xr.simulator@74.0.0/Editor/SyntheticEnvironments/Registry.cs:87)
System.Runtime.CompilerServices.RuntimeHelpers:RunClassConstructor (System.RuntimeTypeHandle)
UnityEditor.EditorAssemblies:ProcessInitializeOnLoadAttributes (System.Type[])

(Filename: ./Library/PackageCache/com.meta.xr.simulator@74.0.0/Editor/Utils.cs Line: 165)

[Synthetic Environments] got match start synth_env_server_extra_rooms.exe XRoom3_1
UnityEngine.StackTraceUtility:ExtractStackTrace ()
UnityEngine.DebugLogHandler:LogFormat (UnityEngine.LogType,UnityEngine.Object,string,object[])
UnityEngine.Logger:Log (UnityEngine.LogType,object)
UnityEngine.Debug:Log (object)
Meta.XR.Simulator.Utils:ReportInfo (string,string) (at ./Library/PackageCache/com.meta.xr.simulator@74.0.0/Editor/Utils.cs:165)
Meta.XR.Simulator.Editor.SyntheticEnvironments.Installer:ParseSynthEnvScript (string) (at ./Library/PackageCache/com.meta.xr.simulator@74.0.0/Editor/SyntheticEnvironments/Installer.cs:98)
Meta.XR.Simulator.Editor.SyntheticEnvironments.Installer:BuildSyntheticEnvironments () (at ./Library/PackageCache/com.meta.xr.simulator@74.0.0/Editor/SyntheticEnvironments/Installer.cs:76)
Meta.XR.Simulator.Editor.SyntheticEnvironments.Registry:RegisterSyntheticEnvironments () (at ./Library/PackageCache/com.meta.xr.simulator@74.0.0/Editor/SyntheticEnvironments/Registry.cs:97)
Meta.XR.Simulator.Editor.SyntheticEnvironments.Registry:.cctor () (at ./Library/PackageCache/com.meta.xr.simulator@74.0.0/Editor/SyntheticEnvironments/Registry.cs:87)
System.Runtime.CompilerServices.RuntimeHelpers:RunClassConstructor (System.RuntimeTypeHandle)
UnityEditor.EditorAssemblies:ProcessInitializeOnLoadAttributes (System.Type[])

(Filename: ./Library/PackageCache/com.meta.xr.simulator@74.0.0/Editor/Utils.cs Line: 165)

[Synthetic Environments] got match start synth_env_server_extra_rooms.exe XRoom1_2
UnityEngine.StackTraceUtility:ExtractStackTrace ()
UnityEngine.DebugLogHandler:LogFormat (UnityEngine.LogType,UnityEngine.Object,string,object[])
UnityEngine.Logger:Log (UnityEngine.LogType,object)
UnityEngine.Debug:Log (object)
Meta.XR.Simulator.Utils:ReportInfo (string,string) (at ./Library/PackageCache/com.meta.xr.simulator@74.0.0/Editor/Utils.cs:165)
Meta.XR.Simulator.Editor.SyntheticEnvironments.Installer:ParseSynthEnvScript (string) (at ./Library/PackageCache/com.meta.xr.simulator@74.0.0/Editor/SyntheticEnvironments/Installer.cs:98)
Meta.XR.Simulator.Editor.SyntheticEnvironments.Installer:BuildSyntheticEnvironments () (at ./Library/PackageCache/com.meta.xr.simulator@74.0.0/Editor/SyntheticEnvironments/Installer.cs:76)
Meta.XR.Simulator.Editor.SyntheticEnvironments.Registry:RegisterSyntheticEnvironments () (at ./Library/PackageCache/com.meta.xr.simulator@74.0.0/Editor/SyntheticEnvironments/Registry.cs:97)
Meta.XR.Simulator.Editor.SyntheticEnvironments.Registry:.cctor () (at ./Library/PackageCache/com.meta.xr.simulator@74.0.0/Editor/SyntheticEnvironments/Registry.cs:87)
System.Runtime.CompilerServices.RuntimeHelpers:RunClassConstructor (System.RuntimeTypeHandle)
UnityEditor.EditorAssemblies:ProcessInitializeOnLoadAttributes (System.Type[])

(Filename: ./Library/PackageCache/com.meta.xr.simulator@74.0.0/Editor/Utils.cs Line: 165)

[Synthetic Environments] got match start synth_env_server_extra_rooms.exe XRoom1_1
UnityEngine.StackTraceUtility:ExtractStackTrace ()
UnityEngine.DebugLogHandler:LogFormat (UnityEngine.LogType,UnityEngine.Object,string,object[])
UnityEngine.Logger:Log (UnityEngine.LogType,object)
UnityEngine.Debug:Log (object)
Meta.XR.Simulator.Utils:ReportInfo (string,string) (at ./Library/PackageCache/com.meta.xr.simulator@74.0.0/Editor/Utils.cs:165)
Meta.XR.Simulator.Editor.SyntheticEnvironments.Installer:ParseSynthEnvScript (string) (at ./Library/PackageCache/com.meta.xr.simulator@74.0.0/Editor/SyntheticEnvironments/Installer.cs:98)
Meta.XR.Simulator.Editor.SyntheticEnvironments.Installer:BuildSyntheticEnvironments () (at ./Library/PackageCache/com.meta.xr.simulator@74.0.0/Editor/SyntheticEnvironments/Installer.cs:76)
Meta.XR.Simulator.Editor.SyntheticEnvironments.Registry:RegisterSyntheticEnvironments () (at ./Library/PackageCache/com.meta.xr.simulator@74.0.0/Editor/SyntheticEnvironments/Registry.cs:97)
Meta.XR.Simulator.Editor.SyntheticEnvironments.Registry:.cctor () (at ./Library/PackageCache/com.meta.xr.simulator@74.0.0/Editor/SyntheticEnvironments/Registry.cs:87)
System.Runtime.CompilerServices.RuntimeHelpers:RunClassConstructor (System.RuntimeTypeHandle)
UnityEditor.EditorAssemblies:ProcessInitializeOnLoadAttributes (System.Type[])

(Filename: ./Library/PackageCache/com.meta.xr.simulator@74.0.0/Editor/Utils.cs Line: 165)

[Synthetic Environments] got match start synth_env_server_extra_rooms.exe XRoom1_4
UnityEngine.StackTraceUtility:ExtractStackTrace ()
UnityEngine.DebugLogHandler:LogFormat (UnityEngine.LogType,UnityEngine.Object,string,object[])
UnityEngine.Logger:Log (UnityEngine.LogType,object)
UnityEngine.Debug:Log (object)
Meta.XR.Simulator.Utils:ReportInfo (string,string) (at ./Library/PackageCache/com.meta.xr.simulator@74.0.0/Editor/Utils.cs:165)
Meta.XR.Simulator.Editor.SyntheticEnvironments.Installer:ParseSynthEnvScript (string) (at ./Library/PackageCache/com.meta.xr.simulator@74.0.0/Editor/SyntheticEnvironments/Installer.cs:98)
Meta.XR.Simulator.Editor.SyntheticEnvironments.Installer:BuildSyntheticEnvironments () (at ./Library/PackageCache/com.meta.xr.simulator@74.0.0/Editor/SyntheticEnvironments/Installer.cs:76)
Meta.XR.Simulator.Editor.SyntheticEnvironments.Registry:RegisterSyntheticEnvironments () (at ./Library/PackageCache/com.meta.xr.simulator@74.0.0/Editor/SyntheticEnvironments/Registry.cs:97)
Meta.XR.Simulator.Editor.SyntheticEnvironments.Registry:.cctor () (at ./Library/PackageCache/com.meta.xr.simulator@74.0.0/Editor/SyntheticEnvironments/Registry.cs:87)
System.Runtime.CompilerServices.RuntimeHelpers:RunClassConstructor (System.RuntimeTypeHandle)
UnityEditor.EditorAssemblies:ProcessInitializeOnLoadAttributes (System.Type[])

(Filename: ./Library/PackageCache/com.meta.xr.simulator@74.0.0/Editor/Utils.cs Line: 165)

[Package Manager] Server::EnsureServerProcessIsRunning -- launch failed, reason: Unity was launched with the -noUpm command-line argument
[Package Manager] UpmClient::Send -- Unable to send message (not connected to UPM process).
[Package Manager] Cannot connect to Unity Package Manager local server
System.Reflection.TargetInvocationException: Exception has been thrown by the target of an invocation. ---> System.NullReferenceException: Object reference not set to an instance of an object
  at Unity.XR.Oculus.OculusLoader.AssetPathToAbsolutePath (System.String assetPath) [0x0003d] in .\Library\PackageCache\com.unity.xr.oculus@4.2.0\Runtime\OculusLoader.cs:298 
  at Unity.XR.Oculus.OculusLoader.EditorLoadOVRPlugin () [0x0008c] in .\Library\PackageCache\com.unity.xr.oculus@4.2.0\Runtime\OculusLoader.cs:283 
  at (wrapper managed-to-native) System.Reflection.RuntimeMethodInfo.InternalInvoke(System.Reflection.RuntimeMethodInfo,object,object[],System.Exception&)
  at System.Reflection.RuntimeMethodInfo.Invoke (System.Object obj, System.Reflection.BindingFlags invokeAttr, System.Reflection.Binder binder, System.Object[] parameters, System.Globalization.CultureInfo culture) [0x0006a] in <51fded79cd284d4d911c5949aff4cb21>:0 
   --- End of inner exception stack trace ---
  at System.Reflection.RuntimeMethodInfo.Invoke (System.Object obj, System.Reflection.BindingFlags invokeAttr, System.Reflection.Binder binder, System.Object[] parameters, System.Globalization.CultureInfo culture) [0x00083] in <51fded79cd284d4d911c5949aff4cb21>:0 
  at System.Reflection.MethodBase.Invoke (System.Object obj, System.Object[] parameters) [0x00000] in <51fded79cd284d4d911c5949aff4cb21>:0 
  at UnityEditor.EditorAssemblies.ProcessInitializeOnLoadMethodAttributes () [0x000a5] in <2201ab87e660427c974282df3bb3cf36>:0 
UnityEngine.StackTraceUtility:ExtractStackTrace ()
UnityEngine.DebugLogHandler:LogFormat (UnityEngine.LogType,UnityEngine.Object,string,object[])
UnityEngine.Logger:Log (UnityEngine.LogType,object)
UnityEngine.Debug:LogError (object)
UnityEditor.EditorAssemblies:ProcessInitializeOnLoadMethodAttributes ()

Mono: successfully reloaded assembly
[Package Manager] Server::EnsureServerProcessIsRunning -- launch failed, reason: Unity was launched with the -noUpm command-line argument
[Package Manager] UpmClient::Send -- Unable to send message (not connected to UPM process).
[Package Manager] Cannot connect to Unity Package Manager local server
- Finished resetting the current domain, in  0.988 seconds
Domain Reload Profiling: 1468ms
	BeginReloadAssembly (164ms)
		ExecutionOrderSort (0ms)
		DisableScriptedObjects (4ms)
		BackupInstance (0ms)
		ReleaseScriptingObjects (0ms)
		CreateAndSetChildDomain (39ms)
	RebuildCommonClasses (30ms)
	RebuildNativeTypeToScriptingClass (17ms)
	initialDomainReloadingComplete (29ms)
	LoadAllAssembliesAndSetupDomain (241ms)
		LoadAssemblies (292ms)
		RebuildTransferFunctionScriptingTraits (0ms)
		AnalyzeDomain (36ms)
			TypeCache.Refresh (9ms)
				TypeCache.ScanAssembly (0ms)
			ScanForSourceGeneratedMonoScriptInfo (11ms)
			ResolveRequiredComponents (16ms)
	FinalizeReload (988ms)
		ReleaseScriptCaches (0ms)
		RebuildScriptCaches (0ms)
		SetupLoadedEditorAssemblies (591ms)
			LogAssemblyErrors (0ms)
			InitializePlatformSupportModulesInManaged (32ms)
			SetLoadedEditorAssemblies (6ms)
			RefreshPlugins (0ms)
			BeforeProcessingInitializeOnLoad (91ms)
			ProcessInitializeOnLoadAttributes (412ms)
			ProcessInitializeOnLoadMethodAttributes (39ms)
			AfterProcessingInitializeOnLoad (11ms)
			EditorAssembliesLoaded (0ms)
		ExecutionOrderSort2 (0ms)
		AwakeInstancesAfterBackupRestoration (8ms)
Shader 'Oculus/OVRMRCameraFrameLit': fallback shader 'Alpha-Diffuse' not found
Shader 'Meta/MRUK/Scene/HighlightsAndShadows': fallback shader 'Off' not found
Refreshing native plugins compatible for Editor in 18.55 ms, found 10 plugins.
Preloading 3 native plugins for Editor in 0.28 ms.
Unloading 3057 Unused Serialized files (Serialized files now loaded: 0)
Unloading 51 unused Assets / (461.9 KB). Loaded Objects now: 3647.
Memory consumption went from 142.2 MB to 141.8 MB.
Total: 5.530700 ms (FindLiveObjects: 0.282500 ms CreateObjectMapping: 0.233700 ms MarkObjects: 4.746000 ms  DeleteObjects: 0.267400 ms)

Prepare: number of updated asset objects reloaded= 0
AssetImportParameters requested are different than current active one (requested -> active):
  custom:video-decoder-webm-vp8: 9c59270c3fd7afecdb556c50c9e8de78 -> 
  custom:SearchIndexIgnoredProperties: e643bd26f0fe6173181afceb89e7c659 -> 
  custom:container-demuxer-ogg: 62fdf1f143b41e24485cea50d1cbac27 -> 
  custom:AudioImporter_EditorPlatform: d09bf68614088b80899f8185d706f6e7 -> 
  custom:video-codec-MediaFoundation-h265: 746d11721c4dcdbdad8f713fa42b33f4 -> 
  custom:video-decoder-ogg-theora: a1e56fd34408186e4bbccfd4996cb3dc -> 
  custom:framework-win-MediaFoundation: 216162199b28c13a410421893ffa2e32 -> 
  custom:video-encoder-webm-vp8: eb34c28f22e8b96e1ab97ce403110664 -> 
  custom:audio-decoder-ogg-vorbis: bf7c407c2cedff20999df2af8eb42d56 -> 
  custom:CustomObjectIndexerAttribute: 9a22284fe3817be447336de3de66b15e -> 
  custom:container-demuxer-webm: 4f35f7cbe854078d1ac9338744f61a02 -> 
  custom:audio-encoder-webm-vorbis: bf7c407c2cedff20999df2af8eb42d56 -> 
  custom:container-muxer-webm: aa71ff27fc2769a1b78a27578f13a17b -> 
========================================================================
Received Import Request.
  Time since last request: 116.076572 seconds.
  path: Assets/SpecialAnchorLabs/AnchorTutorialUIManager.cs
  artifactKey: Guid(0af10108143105d40b52f35dae649775) Importer(815301076,1909f56bfc062723c751e8b465ee728b)
Start importing Assets/SpecialAnchorLabs/AnchorTutorialUIManager.cs using Guid(0af10108143105d40b52f35dae649775) Importer(815301076,1909f56bfc062723c751e8b465ee728b) [PhysX] Initialized MultithreadedTaskDispatcher with 16 workers.
 -> (artifact id: 'e64bff7d9e0607e57d42bb0bf3c15618') in 0.006536 seconds
Number of updated asset objects reloaded before import = 0
Number of asset objects unloaded after import = 0
